step,time,agent,omega,rho,psi_tilde,phi
0,0.0,0,0.0,1.0,1.0,0.0
1,0.05,0,0.0,1.0,1.0,0.0
2,0.1,0,0.0,1.0,1.0,0.0
3,0.15000000000000002,0,0.0,1.0,1.0,0.0
4,0.2,0,0.0,1.0,1.0,0.0
5,0.25,0,0.0,1.0,1.0,0.0
6,0.30000000000000004,0,0.0,1.0,1.0,0.0
7,0.35000000000000003,0,0.0,1.0,1.0,0.0
8,0.4,0,0.0,1.0,1.0,0.0
9,0.45,0,0.0,1.0,1.0,0.0
10,0.5,0,0.0,1.0,1.0,0.0
11,0.55,0,0.0,1.0,1.0,0.0
12,0.6000000000000001,0,0.0,1.0,1.0,0.0
13,0.65,0,0.0,1.0,1.0,0.0
14,0.7000000000000001,0,0.0,1.0,1.0,0.0
15,0.75,0,0.0,1.0,1.0,0.0
16,0.8,0,0.0,1.0,1.0,0.0
17,0.8500000000000001,0,0.0,1.0,1.0,0.0
18,0.9,0,0.0,1.0,1.0,0.0
19,0.9500000000000001,0,0.0,1.0,1.0,0.0
20,1.0,0,0.0,1.0,1.0,0.0
21,1.05,0,0.0,1.0,1.0,0.0
22,1.1,0,0.0,1.0,1.0,0.0
23,1.1500000000000001,0,0.0,1.0,1.0,0.0
24,1.2000000000000002,0,0.0,1.0,1.0,0.0
25,1.25,0,0.0,1.0,1.0,0.0
26,1.3,0,0.0,1.0,1.0,0.0
27,1.35,0,0.0,1.0,1.0,0.0
28,1.4000000000000001,0,0.0,1.0,1.0,0.0
29,1.4500000000000002,0,0.0,1.0,1.0,0.0
30,1.5,0,0.0,1.0,1.0,0.0
31,1.55,0,0.0,1.0,1.0,0.0
32,1.6,0,0.0,1.0,1.0,0.0
33,1.6500000000000001,0,0.0,1.0,1.0,0.0
34,1.7000000000000002,0,0.0,1.0,1.0,0.0
35,1.75,0,0.0,1.0,1.0,0.0
36,1.8,0,0.0,1.0,1.0,0.0
37,1.85,0,0.0,1.0,1.0,0.0
38,1.9000000000000001,0,0.0,1.0,1.0,0.0
39,1.9500000000000002,0,0.0,1.0,1.0,0.0
40,2.0,0,0.0,1.0,1.0,0.0
41,2.0500000000000003,0,0.0,1.0,1.0,0.0
42,2.1,0,0.0,1.0,1.0,0.0
43,2.15,0,0.0,1.0,1.0,0.0
44,2.2,0,0.0,1.0,1.0,0.0
45,2.25,0,0.0,1.0,1.0,0.0
46,2.3000000000000003,0,0.0,1.0,1.0,0.0
47,2.35,0,0.0,1.0,1.0,0.0
48,2.4000000000000004,0,0.0,1.0,1.0,0.0
49,2.45,0,0.0,1.0,1.0,0.0
50,2.5,0,0.0,1.0,1.0,0.0
51,2.5500000000000003,0,0.0,1.0,1.0,0.0
52,2.6,0,0.0,1.0,1.0,0.0
53,2.6500000000000004,0,0.0,1.0,1.0,0.0
54,2.7,0,0.0,1.0,1.0,0.0
55,2.75,0,0.0,1.0,1.0,0.0
56,2.8000000000000003,0,0.0,1.0,1.0,0.0
57,2.85,0,0.0,1.0,1.0,0.0
58,2.9000000000000004,0,0.0,1.0,1.0,0.0
59,2.95,0,0.0,1.0,1.0,0.0
60,3.0,0,0.0,1.0,1.0,0.0
61,3.0500000000000003,0,0.0,1.0,1.0,0.0
62,3.1,0,0.0,1.0,1.0,0.0
63,3.1500000000000004,0,0.0,1.0,1.0,0.0
64,3.2,0,0.0,1.0,1.0,0.0
65,3.25,0,0.0002856678996779216,1.0,1.0,0.002856678996779216
66,3.3000000000000003,0,0.002065473999377074,1.0,1.0,0.018083728896669447
67,3.35,0,0.005189011401017946,1.0,1.0,0.03330084801578579
68,3.4000000000000004,0,0.009519476842949463,1.0,1.0,0.04849366582033312
69,3.45,0,0.014932078160619918,1.0,1.0,0.063645490019654
70,3.5,0,0.021313076853836405,1.0,1.0,0.07874206509278477
71,3.5500000000000003,0,0.028558548618017814,1.0,1.0,0.0937677944956505
72,3.6,0,0.036573359764764446,1.0,1.0,0.10870666008548416
73,3.6500000000000004,0,0.04527023970603242,1.0,1.0,0.12354215917744416
74,3.7,0,0.05456894130565823,1.0,1.0,0.13825725570229058
75,3.75,0,0.0643954821017601,1.0,1.0,0.1528343492666769
76,3.8000000000000003,0,0.07468146051337049,1.0,1.0,0.16725526621786405
77,3.85,0,0.08536344215985155,1.0,1.0,0.18150127697818091
78,3.9000000000000004,0,0.09638241232929405,1.0,1.0,0.19555314385427652
79,3.95,0,0.10768329141109555,1.0,1.0,0.20939120314730902
80,4.0,0,0.1192145107300545,1.0,1.0,0.22299548460068497
81,4.05,0,0.13092764665187406,1.0,1.0,0.2363458699482502
82,4.1000000000000005,0,0.14277711103998764,1.0,1.0,0.2494222905330096
83,4.15,0,0.15471989610402817,1.0,1.0,0.2622049616803929
84,4.2,0,0.1667153713773321,1.0,1.0,0.27467464883706755
85,4.25,0,0.17872513000197154,1.0,1.0,0.2868129576237264
86,4.3,0,0.1907128807199605,1.0,1.0,0.2986026371818612
87,4.3500000000000005,0,0.20264438103442575,1.0,1.0,0.3100278838646128
88,4.4,0,0.21448740600979985,1.0,1.0,0.3210746307881667
89,4.45,0,0.22621174624190069,1.0,1.0,0.3317308083308081
90,4.5,0,0.2377892277710249,1.0,1.0,0.34198656153314283
91,4.55,0,0.24919374624758495,1.0,1.0,0.3518344125366252
92,4.6000000000000005,0,0.26040130757547936,1.0,1.0,0.3612693595265288
93,4.65,0,0.2713900675950376,1.0,1.0,0.3702889077710614
94,4.7,0,0.28214036411560955,1.0,1.0,0.37889303280075703
95,4.75,0,0.2926347357084076,1.0,1.0,0.38708408004358985
96,4.800000000000001,0,0.3028579230239732,1.0,1.0,0.3948666088640637
97,4.8500000000000005,0,0.3127968498831198,1.0,1.0,0.4022471916154389
98,4.9,0,0.32244058287833605,1.0,1.0,0.40923417983528215
99,4.95,0,0.33178026960025037,1.0,1.0,0.4158374500974794
100,5.0,0,0.34080905678242784,1.0,1.0,0.4220681414220252
101,5.050000000000001,0,0.34952199058155786,1.0,1.0,0.4279383947737282
102,5.1000000000000005,0,0.3579159018561948,1.0,1.0,0.43346110332792753
103,5.15,0,0.36598927968181527,1.0,1.0,0.43864968011239913
104,5.2,0,0.37374213647112553,1.0,1.0,0.44351784757491775
105,5.25,0,0.381175867998124,1.0,1.0,0.44807945174110947
106,5.300000000000001,0,0.3882931114003439,1.0,1.0,0.45234830202032283
107,5.3500000000000005,0,0.3950976039038557,1.0,1.0,0.456338036435462
108,5.4,0,0.401594044623431,1.0,1.0,0.460062011099609
109,5.45,0,0.40778796137223555,1.0,1.0,0.46353321211147647
110,5.5,0,0.41368558399999233,1.0,1.0,0.4667641876498035
111,5.550000000000001,0,0.41929372538631327,1.0,1.0,0.4697669978632012
112,5.6000000000000005,0,0.42461967086032343,1.0,1.0,0.4725531801264147
113,5.65,0,0.4296710765063879,1.0,1.0,0.4751337273209682
114,5.7,0,0.43445587655166656,1.0,1.0,0.47751907695917434
115,5.75,0,0.43898219981397757,1.0,1.0,0.4797191091747763
116,5.800000000000001,0,0.44325829501534936,1.0,1.0,0.48174315182769545
117,5.8500000000000005,0,0.4472924646335807,1.0,1.0,0.4835999911976625
118,5.9,0,0.45109300686627324,1.0,1.0,0.485297886960506
119,5.95,0,0.4546681652140877,1.0,1.0,0.4868445903444181
120,6.0,0,0.4580260851474446,1.0,1.0,0.4882473645476562
121,6.050000000000001,0,0.4611747772989232,1.0,1.0,0.48951300666223074
122,6.1000000000000005,0,0.4641220866180439,1.0,1.0,0.49064787049013014
123,6.15,0,0.4668756669322883,1.0,1.0,0.4916578897604884
124,6.2,0,0.46944296037499983,1.0,1.0,0.49254860135940304
125,6.25,0,0.4718311811645715,1.0,1.0,0.4933251682707166
126,6.300000000000001,0,0.47404730324791283,1.0,1.0,0.49399240199798466
127,6.3500000000000005,0,0.4760980513528203,1.0,1.0,0.4945547842969873
128,6.4,0,0.47798989502717404,1.0,1.0,0.4950164880963577
129,6.45,0,0.4797290452767397,1.0,1.0,0.49538139752283056
130,6.5,0,0.4813214534469444,1.0,1.0,0.49565312697878616
131,6.550000000000001,0,0.48277281202669287,1.0,1.0,0.4958350392444295
132,6.6000000000000005,0,0.4840885570836508,1.0,1.0,0.4959302625962721
133,6.65,0,0.48527387207013495,1.0,1.0,0.49594170694849193
134,6.7,0,0.48633369276662974,1.0,1.0,0.4958720790350826
135,6.75,0,0.4872727131558771,1.0,1.0,0.4957238966591033
136,6.800000000000001,0,0.4880953920444319,1.0,1.0,0.495499502041425
137,6.8500000000000005,0,0.4888059602705435,1.0,1.0,0.495201074305548
138,6.9,0,0.4894084283572674,1.0,1.0,0.49483064113778213
139,6.95,0,0.4899065944879013,1.0,1.0,0.4943900896636064
140,7.0,0,0.49030405269727556,1.0,1.0,0.49388117658164354
141,7.050000000000001,0,0.49060420118720877,1.0,1.0,0.4933055375966077
142,7.1000000000000005,0,0.4908102506876832,1.0,1.0,0.49266469619195286
143,7.15,0,0.49092523279710953,1.0,1.0,0.4919600717819465
144,7.2,0,0.49095200824555635,1.0,1.0,0.4911929872815774
145,7.25,0,0.4908932750341217,1.0,1.0,0.49036467613121015
146,7.300000000000001,0,0.4907515764118353,1.0,1.0,0.4894762888112577
147,7.3500000000000005,0,0.4905293086586943,1.0,1.0,0.4885288988804254
148,7.4,0,0.4902287286497583,1.0,1.0,0.48752350856933424
149,7.45,0,0.4898519611807397,1.0,1.0,0.48646105395957234
150,7.5,0,0.4894010060403142,1.0,1.0,0.48534240977648435
151,7.550000000000001,0,0.4888777448185152,1.0,1.0,0.4841683938223243
152,7.6000000000000005,0,0.48828394744413794,1.0,1.0,0.4829397710747424
153,7.65,0,0.4876212784471245,1.0,1.0,0.4816572574740034
154,7.7,0,0.48689130294449384,1.0,1.0,0.4803215234208178
155,7.75,0,0.4860954923505672,1.0,1.0,0.4789331970052274
156,7.800000000000001,0,0.4852352298140727,1.0,1.0,0.4774928669856221
157,7.8500000000000005,0,0.48431181538623236,1.0,1.0,0.4760010855356695
158,7.9,0,0.4833264709251815,1.0,1.0,0.4744583707757236
159,7.95,0,0.48228034474307657,1.0,1.0,0.4728652091041326
160,8.0,0,0.48117451600304795,1.0,1.0,0.47122205734279027
161,8.05,0,0.48000999887377005,1.0,1.0,0.4695293447102685
162,8.1,0,0.4787877464498856,1.0,1.0,0.46778747463492537
163,8.15,0,0.4775086544468472,1.0,1.0,0.4659968264195019
164,8.200000000000001,0,0.47617356467895244,1.0,1.0,0.4641577567678997
165,8.25,0,0.47478326832946377,1.0,1.0,0.4622706011840654
166,8.3,0,0.47333850902173635,1.0,1.0,0.4603356752521897
167,8.35,0,0.47183998570024,1.0,1.0,0.4583532758067726
168,8.4,0,0.47028835533026353,1.0,1.0,0.456323682000475
169,8.450000000000001,0,0.46868423542494864,1.0,1.0,0.4542471562771141
170,8.5,0,0.4670282064081153,1.0,1.0,0.45212394525661564
171,8.55,0,0.4653208138211281,1.0,1.0,0.4499542805382431
172,8.6,0,0.4635625703818116,1.0,1.0,0.44773837942796285
173,8.65,0,0.4617539579031675,1.0,1.0,0.44547644559537025
174,8.700000000000001,0,0.4598954290793715,1.0,1.0,0.44316866966520774
175,8.75,0,0.4579874091462475,1.0,1.0,0.4408152297481321
176,8.8,0,0.45603029742312745,1.0,1.0,0.43841629191504694
177,8.85,0,0.454024468742714,1.0,1.0,0.4359720106189927
178,8.9,0,0.45197027477527185,1.0,1.0,0.4334825290682923
179,8.950000000000001,0,0.4498680452531819,1.0,1.0,0.4309479795543723
180,9.0,0,0.4477180891016061,1.0,1.0,0.42836848373742364
181,9.05,0,0.4455206954807279,1.0,1.0,0.42574415289282436
182,9.1,0,0.44327613474475774,1.0,1.0,0.4230750881210259
183,9.15,0,0.44098465932262154,1.0,1.0,0.420361380523396
184,9.200000000000001,0,0.43864650452499093,1.0,1.0,0.417603111346315
185,9.25,0,0.4362618892820564,1.0,1.0,0.41480035209564575
186,9.3,0,0.43383101681620295,1.0,1.0,0.4119531646235222
187,9.35,0,0.4313540752535074,1.0,1.0,0.40906160118924717
188,9.4,0,0.4288312381777503,1.0,1.0,0.4061257044959364
189,9.450000000000001,0,0.42626266513041655,1.0,1.0,0.4031455077044127
190,9.5,0,0.423648502059946,1.0,1.0,0.40012103442571084
191,9.55,0,0.42098888172329557,1.0,1.0,0.3970522986934416
192,9.600000000000001,0,0.4182839240426791,1.0,1.0,0.3939393049171308
193,9.65,0,0.41553373642016633,1.0,1.0,0.39078204781755127
194,9.700000000000001,0,0.4127384140126443,1.0,1.0,0.3875805123449453
195,9.75,0,0.40989803996947377,1.0,1.0,0.3843346735809396
196,9.8,0,0.40701268563501175,1.0,1.0,0.3810444966248534
197,9.850000000000001,0,0.40408241071801093,1.0,1.0,0.37770993646500306
198,9.9,0,0.40110726342976166,1.0,1.0,0.37433093783551835
199,9.950000000000001,0,0.3980872805926944,1.0,1.0,0.37090743505908835
200,10.0,0,0.3950224877210221,1.0,1.0,0.36743935187597143
201,10.05,0,0.39191289907487137,1.0,1.0,0.3639266012595142
202,10.100000000000001,0,0.3887585176892178,1.0,1.0,0.3603690852183353
203,10.15,0,0.3855593353788212,1.0,1.0,0.35676669458525134
204,10.200000000000001,0,0.38231533272023144,1.0,1.0,0.3531193087929235
205,10.25,0,0.37902647901182135,1.0,1.0,0.34942679563613
206,10.3,0,0.37569273221268623,1.0,1.0,0.34568901102047017
207,10.350000000000001,0,0.37231403886114034,1.0,1.0,0.3419057986972275
208,10.4,0,0.3688903339734281,1.0,1.0,0.33807698998401764
209,10.450000000000001,0,0.3654215409231616,1.0,1.0,0.33420240347076324
210,10.5,0,0.3619075713018895,1.0,1.0,0.33028184471044036
211,10.55,0,0.3583483247610943,1.0,1.0,0.3263151058939375
212,10.600000000000001,0,0.35474368883581275,1.0,1.0,0.3223019655082787
213,10.65,0,0.3510935387499661,1.0,1.0,0.31824218797734594
214,10.700000000000001,0,0.34739773720338324,1.0,1.0,0.31413552328413685
215,10.75,0,0.34365613414039287,1.0,1.0,0.30998170657347934
216,10.8,0,0.33986856649975433,1.0,1.0,0.3057804577340075
217,10.850000000000001,0,0.3360348579455875,1.0,1.0,0.30153148095808574
218,10.9,0,0.3321548185788531,1.0,1.0,0.2972344642782433
219,10.950000000000001,0,0.32822824462882283,1.0,1.0,0.2928890790785507
220,11.0,0,0.32425491812386453,1.0,1.0,0.2884949795792394
221,11.05,0,0.32023460654075087,1.0,1.0,0.2840518022927279
222,11.100000000000001,0,0.316167062431583,1.0,1.0,0.2795591654490721
223,11.15,0,0.3120520230272967,1.0,1.0,0.2750166683887196
224,11.200000000000001,0,0.3078892098165959,1.0,1.0,0.27042389092028907
225,11.25,0,0.3036783280990314,1.0,1.0,0.26578039264095105
226,11.3,0,0.29941906651081085,1.0,1.0,0.2610857122168261
227,11.350000000000001,0,0.2951110965217958,1.0,1.0,0.25633936662066026
228,11.4,0,0.2907540719020044,1.0,1.0,0.2515408503238822
229,11.450000000000001,0,0.28634762815580217,1.0,1.0,0.24668963443998174
230,11.5,0,0.2818913819218216,1.0,1.0,0.24178516581599663
231,11.55,0,0.2773849303365136,1.0,1.0,0.23682686606874145
232,11.600000000000001,0,0.27282785035908796,1.0,1.0,0.23181413056225714
233,11.65,0,0.26821969805546103,1.0,1.0,0.22674632732281824
234,11.700000000000001,0,0.2635600078386853,1.0,1.0,0.22162279588770364
235,11.75,0,0.25884829166319767,1.0,1.0,0.2164428460838092
236,11.8,0,0.25408403817008535,1.0,1.0,0.21120575673207434
237,11.850000000000001,0,0.24926671178043744,1.0,1.0,0.20591077427360638
238,11.9,0,0.24439575173372535,1.0,1.0,0.2005571113133163
239,11.950000000000001,0,0.2394705710680372,1.0,1.0,0.19514394507684382
240,12.0,0,0.23449055553888765,1.0,1.0,0.18967041577654148
241,12.05,0,0.2294550624732305,1.0,1.0,0.18413562488231622
242,12.100000000000001,0,0.22436341955522857,1.0,1.0,0.17853863329321112
243,12.15,0,0.21921492354027952,1.0,1.0,0.1728784594057382
244,12.200000000000001,0,0.21400883889376796,1.0,1.0,0.1671540770751639
245,12.25,0,0.2087443963510136,1.0,1.0,0.1613644134662245
246,12.3,0,0.20342079139492164,1.0,1.0,0.1555083467900939
247,12.350000000000001,0,0.19803718264791723,1.0,1.0,0.14958470392487744
248,12.4,0,0.192592690174872,1.0,1.0,0.14359225791746474
249,12.450000000000001,0,0.18708639369391195,1.0,1.0,0.13752972536527147
250,12.5,0,0.1815173306922438,1.0,1.0,0.13139576367723027
251,12.55,0,0.17588449444445997,1.0,1.0,0.12518896821440553
252,12.600000000000001,0,0.1701868319311948,1.0,1.0,0.11890786931180823
253,12.65,0,0.16442324165651645,1.0,1.0,0.11255092918441108
254,12.700000000000001,0,0.15859257136306895,1.0,1.0,0.10611653872204148
255,12.75,0,0.15269361564474185,1.0,1.0,0.09960301417979789
256,12.8,0,0.14672511345756048,1.0,1.0,0.0930085937729281
257,12.850000000000001,0,0.14068574553058158,1.0,1.0,0.08633143418777145
258,12.9,0,0.13457413167986934,1.0,1.0,0.07956960702345928
259,12.950000000000001,0,0.12838882803014484,1.0,1.0,0.07272109518262422
260,13.0,0,0.1221283241504781,1.0,1.0,0.06578378923347739
261,13.05,0,0.11579104011246068,1.0,1.0,0.05875548377030384
262,13.100000000000001,0,0.1093753234816966,1.0,1.0,0.051633873804819784
263,13.15,0,0.10287944625622167,1.0,1.0,0.0444165512269473
264,13.200000000000001,0,0.09630160176865354,1.0,1.0,0.03710100138054031
265,13.25,0,0.08963990157253457,1.0,1.0,0.02968459980746374
266,13.3,0,0.0828923723375136,1.0,1.0,0.022164609222324928
267,13.350000000000001,0,0.07605695278277336,1.0,1.0,0.014538176790111023
268,13.4,0,0.06913149068350946,1.0,1.0,0.006802331790134275
269,13.450000000000001,0,0.06221834161515852,1.0,1.0,0.0
270,13.5,0,0.055996507453642666,1.0,1.0,0.0
271,13.55,0,0.0503968567082784,1.0,1.0,0.0
272,13.600000000000001,0,0.04535717103745056,1.0,1.0,0.0
273,13.65,0,0.0408214539337055,1.0,1.0,0.0
274,13.700000000000001,0,0.036739308540334956,1.0,1.0,0.0
275,13.75,0,0.03306537768630146,1.0,1.0,0.0
276,13.8,0,0.029758839917671316,1.0,1.0,0.0
277,13.850000000000001,0,0.026782955925904184,1.0,1.0,0.0
278,13.9,0,0.024104660333313765,1.0,1.0,0.0
279,13.950000000000001,0,0.02169419429998239,1.0,1.0,0.0
280,14.0,0,0.019524774869984152,1.0,1.0,0.0
281,14.05,0,0.017572297382985737,1.0,1.0,0.0
282,14.100000000000001,0,0.015815067644687163,1.0,1.0,0.0
283,14.15,0,0.014233560880218448,1.0,1.0,0.0
284,14.200000000000001,0,0.012810204792196604,1.0,1.0,0.0
285,14.25,0,0.011529184312976944,1.0,1.0,0.0
286,14.3,0,0.01037626588167925,1.0,1.0,0.0
287,14.350000000000001,0,0.009338639293511326,1.0,1.0,0.0
288,14.4,0,0.008404775364160193,1.0,1.0,0.0
289,14.450000000000001,0,0.007564297827744174,1.0,1.0,0.0
290,14.5,0,0.006807868044969756,1.0,1.0,0.0
291,14.55,0,0.006127081240472781,1.0,1.0,0.0
292,14.600000000000001,0,0.005514373116425503,1.0,1.0,0.0
293,14.65,0,0.004962935804782953,1.0,1.0,0.0
294,14.700000000000001,0,0.004466642224304658,1.0,1.0,0.0
295,14.75,0,0.004019978001874192,1.0,1.0,0.0
296,14.8,0,0.003617980201686773,1.0,1.0,0.0
297,14.850000000000001,0,0.003256182181518096,1.0,1.0,0.0
298,14.9,0,0.0029305639633662862,1.0,1.0,0.0
299,14.950000000000001,0,0.0026375075670296575,1.0,1.0,0.0
300,15.0,0,0.002373756810326692,1.0,1.0,0.0
301,15.05,0,0.0021363811292940227,1.0,1.0,0.0
302,15.100000000000001,0,0.0019227430163646204,1.0,1.0,0.0
303,15.15,0,0.0017304687147281584,1.0,1.0,0.0
304,15.200000000000001,0,0.0015574218432553425,1.0,1.0,0.0
305,15.25,0,0.0014016796589298084,1.0,1.0,0.0
306,15.3,0,0.0012615116930368275,1.0,1.0,0.0
307,15.350000000000001,0,0.0011353605237331447,1.0,1.0,0.0
308,15.4,0,0.0010218244713598302,1.0,1.0,0.0
309,15.450000000000001,0,0.0009196420242238472,1.0,1.0,0.0
310,15.5,0,0.0008276778218014626,1.0,1.0,0.0
311,15.55,0,0.0007449100396213163,1.0,1.0,0.0
312,15.600000000000001,0,0.0006704190356591847,1.0,1.0,0.0
313,15.65,0,0.0006033771320932662,1.0,1.0,0.0
314,15.700000000000001,0,0.0005430394188839396,1.0,1.0,0.0
315,15.75,0,0.0004887354769955457,1.0,1.0,0.0
316,15.8,0,0.0004398619292959912,1.0,1.0,0.0
317,15.850000000000001,0,0.0003958757363663921,1.0,1.0,0.0
318,15.9,0,0.00035628816272975286,1.0,1.0,0.0
319,15.950000000000001,0,0.0003206593464567776,1.0,1.0,0.0
320,16.0,0,0.00028859341181109984,1.0,1.0,0.0
321,16.05,0,0.0002597340706299899,1.0,1.0,0.0
322,16.1,0,0.0002337606635669909,1.0,1.0,0.0
323,16.150000000000002,0,0.0002103845972102918,1.0,1.0,0.0
324,16.2,0,0.00018934613748926264,1.0,1.0,0.0
325,16.25,0,0.00017041152374033637,1.0,1.0,0.0
326,16.3,0,0.00015337037136630273,1.0,1.0,0.0
327,16.35,0,0.00013803333422967247,1.0,1.0,0.0
328,16.400000000000002,0,0.00012423000080670523,1.0,1.0,0.0
329,16.45,0,0.0001118070007260347,1.0,1.0,0.0
330,16.5,0,0.00010062630065343124,1.0,1.0,0.0
331,16.55,0,9.056367058808812e-05,1.0,1.0,0.0
332,16.6,0,8.150730352927931e-05,1.0,1.0,0.0
333,16.650000000000002,0,7.335657317635139e-05,1.0,1.0,0.0
334,16.7,0,6.602091585871625e-05,1.0,1.0,0.0
335,16.75,0,5.941882427284463e-05,1.0,1.0,0.0
336,16.8,0,5.347694184556016e-05,1.0,1.0,0.0
337,16.85,0,4.8129247661004144e-05,1.0,1.0,0.0
338,16.900000000000002,0,4.331632289490373e-05,1.0,1.0,0.0
339,16.95,0,3.8984690605413356e-05,1.0,1.0,0.0
340,17.0,0,3.508622154487202e-05,1.0,1.0,0.0
341,17.05,0,3.157759939038482e-05,1.0,1.0,0.0
342,17.1,0,2.8419839451346336e-05,1.0,1.0,0.0
343,17.150000000000002,0,2.5577855506211702e-05,1.0,1.0,0.0
344,17.2,0,2.302006995559053e-05,1.0,1.0,0.0
345,17.25,0,2.071806296003148e-05,1.0,1.0,0.0
346,17.3,0,1.8646256664028332e-05,1.0,1.0,0.0
347,17.35,0,1.67816309976255e-05,1.0,1.0,0.0
348,17.400000000000002,0,1.5103467897862949e-05,1.0,1.0,0.0
349,17.45,0,1.3593121108076655e-05,1.0,1.0,0.0
350,17.5,0,1.223380899726899e-05,1.0,1.0,0.0
351,17.55,0,1.1010428097542092e-05,1.0,1.0,0.0
352,17.6,0,9.909385287787883e-06,1.0,1.0,0.0
353,17.650000000000002,0,8.918446759009095e-06,1.0,1.0,0.0
354,17.7,0,8.026602083108187e-06,1.0,1.0,0.0
355,17.75,0,7.2239418747973685e-06,1.0,1.0,0.0
356,17.8,0,6.501547687317632e-06,1.0,1.0,0.0
357,17.85,0,5.8513929185858685e-06,1.0,1.0,0.0
358,17.900000000000002,0,5.266253626727282e-06,1.0,1.0,0.0
359,17.95,0,4.7396282640545535e-06,1.0,1.0,0.0
360,18.0,0,4.265665437649099e-06,1.0,1.0,0.0
361,18.05,0,3.839098893884189e-06,1.0,1.0,0.0
362,18.1,0,3.4551890044957704e-06,1.0,1.0,0.0
363,18.150000000000002,0,3.1096701040461934e-06,1.0,1.0,0.0
364,18.2,0,2.798703093641574e-06,1.0,1.0,0.0
365,18.25,0,2.5188327842774167e-06,1.0,1.0,0.0
366,18.3,0,2.266949505849675e-06,1.0,1.0,0.0
367,18.35,0,2.0402545552647077e-06,1.0,1.0,0.0
368,18.400000000000002,0,1.836229099738237e-06,1.0,1.0,0.0
369,18.45,0,1.6526061897644133e-06,1.0,1.0,0.0
370,18.5,0,1.487345570787972e-06,1.0,1.0,0.0
371,18.55,0,1.3386110137091748e-06,1.0,1.0,0.0
372,18.6,0,1.2047499123382574e-06,1.0,1.0,0.0
373,18.650000000000002,0,1.0842749211044317e-06,1.0,1.0,0.0
374,18.7,0,9.758474289939884e-07,1.0,1.0,0.0
375,18.75,0,8.782626860945896e-07,1.0,1.0,0.0
376,18.8,0,7.904364174851307e-07,1.0,1.0,0.0
377,18.85,0,7.113927757366176e-07,1.0,1.0,0.0
378,18.900000000000002,0,6.402534981629558e-07,1.0,1.0,0.0
379,18.95,0,5.762281483466602e-07,1.0,1.0,0.0
380,19.0,0,5.186053335119942e-07,1.0,1.0,0.0
381,19.05,0,4.667448001607948e-07,1.0,1.0,0.0
382,19.1,0,4.2007032014471534e-07,1.0,1.0,0.0
383,19.150000000000002,0,3.780632881302438e-07,1.0,1.0,0.0
384,19.200000000000003,0,3.4025695931721943e-07,1.0,1.0,0.0
385,19.25,0,3.062312633854975e-07,1.0,1.0,0.0
386,19.3,0,2.7560813704694774e-07,1.0,1.0,0.0
387,19.35,0,2.4804732334225296e-07,1.0,1.0,0.0
388,19.400000000000002,0,2.2324259100802766e-07,1.0,1.0,0.0
389,19.450000000000003,0,2.009183319072249e-07,1.0,1.0,0.0
390,19.5,0,1.808264987165024e-07,1.0,1.0,0.0
391,19.55,0,1.6274384884485218e-07,1.0,1.0,0.0
392,19.6,0,1.4646946396036696e-07,1.0,1.0,0.0
393,19.650000000000002,0,1.3182251756433027e-07,1.0,1.0,0.0
394,19.700000000000003,0,1.1864026580789725e-07,1.0,1.0,0.0
395,19.75,0,1.0677623922710753e-07,1.0,1.0,0.0
396,19.8,0,9.609861530439677e-08,1.0,1.0,0.0
397,19.85,0,8.64887537739571e-08,1.0,1.0,0.0
398,19.900000000000002,0,7.783987839656139e-08,1.0,1.0,0.0
399,19.950000000000003,0,7.005589055690525e-08,1.0,1.0,0.0
400,20.0,0,6.305030150121473e-08,1.0,1.0,0.0
401,20.05,0,5.674527135109326e-08,1.0,1.0,0.0
402,20.1,0,5.107074421598393e-08,1.0,1.0,0.0
403,20.150000000000002,0,4.596366979438554e-08,1.0,1.0,0.0
404,20.200000000000003,0,4.136730281494699e-08,1.0,1.0,0.0
405,20.25,0,3.723057253345229e-08,1.0,1.0,0.0
406,20.3,0,3.3507515280107065e-08,1.0,1.0,0.0
407,20.35,0,3.015676375209636e-08,1.0,1.0,0.0
408,20.400000000000002,0,2.7141087376886723e-08,1.0,1.0,0.0
409,20.450000000000003,0,2.4426978639198052e-08,1.0,1.0,0.0
410,20.5,0,2.198428077527825e-08,1.0,1.0,0.0
411,20.55,0,1.9785852697750423e-08,1.0,1.0,0.0
412,20.6,0,1.7807267427975382e-08,1.0,1.0,0.0
413,20.650000000000002,0,1.6026540685177843e-08,1.0,1.0,0.0
414,20.700000000000003,0,1.4423886616660059e-08,1.0,1.0,0.0
415,20.75,0,1.2981497954994053e-08,1.0,1.0,0.0
416,20.8,0,1.1683348159494648e-08,1.0,1.0,0.0
417,20.85,0,1.0515013343545182e-08,1.0,1.0,0.0
418,20.900000000000002,0,9.463512009190664e-09,1.0,1.0,0.0
419,20.950000000000003,0,8.517160808271599e-09,1.0,1.0,0.0
420,21.0,0,7.665444727444439e-09,1.0,1.0,0.0
421,21.05,0,6.8989002546999955e-09,1.0,1.0,0.0
422,21.1,0,6.2090102292299964e-09,1.0,1.0,0.0
423,21.150000000000002,0,5.588109206306997e-09,1.0,1.0,0.0
424,21.200000000000003,0,5.029298285676297e-09,1.0,1.0,0.0
425,21.25,0,4.526368457108667e-09,1.0,1.0,0.0
426,21.3,0,4.0737316113978005e-09,1.0,1.0,0.0
427,21.35,0,3.6663584502580204e-09,1.0,1.0,0.0
428,21.400000000000002,0,3.2997226052322183e-09,1.0,1.0,0.0
429,21.450000000000003,0,2.9697503447089964e-09,1.0,1.0,0.0
430,21.5,0,2.672775310238097e-09,1.0,1.0,0.0
431,21.55,0,2.4054977792142872e-09,1.0,1.0,0.0
432,21.6,0,2.1649480012928587e-09,1.0,1.0,0.0
433,21.650000000000002,0,1.948453201163573e-09,1.0,1.0,0.0
434,21.700000000000003,0,1.7536078810472158e-09,1.0,1.0,0.0
435,21.75,0,1.5782470929424943e-09,1.0,1.0,0.0
436,21.8,0,1.420422383648245e-09,1.0,1.0,0.0
437,21.85,0,1.2783801452834204e-09,1.0,1.0,0.0
438,21.900000000000002,0,1.1505421307550784e-09,1.0,1.0,0.0
439,21.950000000000003,0,1.0354879176795706e-09,1.0,1.0,0.0
440,22.0,0,9.319391259116135e-10,1.0,1.0,0.0
441,22.05,0,8.387452133204522e-10,1.0,1.0,0.0
442,22.1,0,7.548706919884069e-10,1.0,1.0,0.0
443,22.150000000000002,0,6.793836227895662e-10,1.0,1.0,0.0
444,22.200000000000003,0,6.114452605106096e-10,1.0,1.0,0.0
445,22.25,0,5.503007344595486e-10,1.0,1.0,0.0
446,22.3,0,4.952706610135938e-10,1.0,1.0,0.0
447,22.35,0,4.4574359491223437e-10,1.0,1.0,0.0
448,22.400000000000002,0,4.011692354210109e-10,1.0,1.0,0.0
449,22.450000000000003,0,3.6105231187890986e-10,1.0,1.0,0.0
450,22.5,0,3.249470806910189e-10,1.0,1.0,0.0
451,22.55,0,2.92452372621917e-10,1.0,1.0,0.0
452,22.6,0,2.632071353597253e-10,1.0,1.0,0.0
453,22.650000000000002,0,2.368864218237528e-10,1.0,1.0,0.0
454,22.700000000000003,0,2.131977796413775e-10,1.0,1.0,0.0
455,22.75,0,1.9187800167723977e-10,1.0,1.0,0.0
456,22.8,0,1.7269020150951579e-10,1.0,1.0,0.0
457,22.85,0,1.554211813585642e-10,1.0,1.0,0.0
458,22.900000000000002,0,1.3987906322270778e-10,1.0,1.0,0.0
459,22.950000000000003,0,1.25891156900437e-10,1.0,1.0,0.0
460,23.0,0,1.133020412103933e-10,1.0,1.0,0.0
461,23.05,0,1.0197183708935398e-10,1.0,1.0,0.0
462,23.1,0,9.177465338041858e-11,1.0,1.0,0.0
463,23.150000000000002,0,8.259718804237673e-11,1.0,1.0,0.0
464,23.200000000000003,0,7.433746923813906e-11,1.0,1.0,0.0
465,23.25,0,6.690372231432516e-11,1.0,1.0,0.0
466,23.3,0,6.021335008289265e-11,1.0,1.0,0.0
467,23.35,0,5.419201507460338e-11,1.0,1.0,0.0
468,23.400000000000002,0,4.877281356714305e-11,1.0,1.0,0.0
469,23.450000000000003,0,4.389553221042874e-11,1.0,1.0,0.0
470,23.5,0,3.950597898938587e-11,1.0,1.0,0.0
471,23.55,0,3.555538109044728e-11,1.0,1.0,0.0
472,23.6,0,3.1999842981402556e-11,1.0,1.0,0.0
473,23.650000000000002,0,2.87998586832623e-11,1.0,1.0,0.0
474,23.700000000000003,0,2.591987281493607e-11,1.0,1.0,0.0
475,23.75,0,2.3327885533442466e-11,1.0,1.0,0.0
476,23.8,0,2.099509698009822e-11,1.0,1.0,0.0
477,23.85,0,1.88955872820884e-11,1.0,1.0,0.0
478,23.900000000000002,0,1.700602855387956e-11,1.0,1.0,0.0
479,23.950000000000003,0,1.5305425698491603e-11,1.0,1.0,0.0
480,24.0,0,1.3774883128642443e-11,1.0,1.0,0.0
481,24.05,0,1.23973948157782e-11,1.0,1.0,0.0
482,24.1,0,1.1157655334200379e-11,1.0,1.0,0.0
483,24.150000000000002,0,1.0041889800780342e-11,1.0,1.0,0.0
484,24.200000000000003,0,9.037700820702307e-12,1.0,1.0,0.0
485,24.25,0,8.133930738632077e-12,1.0,1.0,0.0
486,24.3,0,7.32053766476887e-12,1.0,1.0,0.0
487,24.35,0,6.588483898291982e-12,1.0,1.0,0.0
488,24.400000000000002,0,5.929635508462784e-12,1.0,1.0,0.0
489,24.450000000000003,0,5.336671957616506e-12,1.0,1.0,0.0
490,24.5,0,4.803004761854856e-12,1.0,1.0,0.0
491,24.55,0,4.32270428566937e-12,1.0,1.0,0.0
492,24.6,0,3.8904338571024335e-12,1.0,1.0,0.0
493,24.650000000000002,0,3.50139047139219e-12,1.0,1.0,0.0
494,24.700000000000003,0,3.151251424252971e-12,1.0,1.0,0.0
495,24.75,0,2.836126281827674e-12,1.0,1.0,0.0
496,24.8,0,2.5525136536449064e-12,1.0,1.0,0.0
497,24.85,0,2.2972622882804158e-12,1.0,1.0,0.0
498,24.900000000000002,0,2.0675360594523742e-12,1.0,1.0,0.0
499,24.950000000000003,0,1.860782453507137e-12,1.0,1.0,0.0
500,25.0,0,1.6747042081564234e-12,1.0,1.0,0.0
501,25.05,0,1.507233787340781e-12,1.0,1.0,0.0
502,25.1,0,1.356510408606703e-12,1.0,1.0,0.0
503,25.150000000000002,0,1.2208593677460327e-12,1.0,1.0,0.0
504,25.200000000000003,0,1.0987734309714295e-12,1.0,1.0,0.0
505,25.25,0,9.888960878742866e-13,1.0,1.0,0.0
506,25.3,0,8.90006479086858e-13,1.0,1.0,0.0
507,25.35,0,8.010058311781723e-13,1.0,1.0,0.0
508,25.400000000000002,0,7.209052480603551e-13,1.0,1.0,0.0
509,25.450000000000003,0,6.488147232543196e-13,1.0,1.0,0.0
510,25.5,0,5.839332509288877e-13,1.0,1.0,0.0
511,25.55,0,5.255399258359989e-13,1.0,1.0,0.0
512,25.6,0,4.72985933252399e-13,1.0,1.0,0.0
513,25.650000000000002,0,4.2568733992715916e-13,1.0,1.0,0.0
514,25.700000000000003,0,3.8311860593444326e-13,1.0,1.0,0.0
515,25.75,0,3.448067453409989e-13,1.0,1.0,0.0
516,25.8,0,3.1032607080689905e-13,1.0,1.0,0.0
517,25.85,0,2.7929346372620917e-13,1.0,1.0,0.0
518,25.900000000000002,0,2.5136411735358827e-13,1.0,1.0,0.0
519,25.950000000000003,0,2.2622770561822945e-13,1.0,1.0,0.0
520,26.0,0,2.036049350564065e-13,1.0,1.0,0.0
521,26.05,0,1.8324444155076586e-13,1.0,1.0,0.0
522,26.1,0,1.6491999739568929e-13,1.0,1.0,0.0
523,26.150000000000002,0,1.4842799765612036e-13,1.0,1.0,0.0
524,26.200000000000003,0,1.3358519789050834e-13,1.0,1.0,0.0
525,26.25,0,1.202266781014575e-13,1.0,1.0,0.0
526,26.3,0,1.0820401029131175e-13,1.0,1.0,0.0
527,26.35,0,9.738360926218057e-14,1.0,1.0,0.0
528,26.400000000000002,0,8.764524833596251e-14,1.0,1.0,0.0
529,26.450000000000003,0,7.888072350236627e-14,1.0,1.0,0.0
530,26.5,0,7.099265115212965e-14,1.0,1.0,0.0
531,26.55,0,6.389338603691669e-14,1.0,1.0,0.0
532,26.6,0,5.750404743322502e-14,1.0,1.0,0.0
533,26.650000000000002,0,5.175364268990252e-14,1.0,1.0,0.0
534,26.700000000000003,0,4.657827842091227e-14,1.0,1.0,0.0
535,26.75,0,4.192045057882104e-14,1.0,1.0,0.0
536,26.8,0,3.772840552093894e-14,1.0,1.0,0.0
537,26.85,0,3.395556496884505e-14,1.0,1.0,0.0
538,26.900000000000002,0,3.0560008471960545e-14,1.0,1.0,0.0
539,26.950000000000003,0,2.750400762476449e-14,1.0,1.0,0.0
540,27.0,0,2.4753606862288043e-14,1.0,1.0,0.0
541,27.05,0,2.227824617605924e-14,1.0,1.0,0.0
542,27.1,0,2.0050421558453315e-14,1.0,1.0,0.0
543,27.150000000000002,0,1.8045379402607985e-14,1.0,1.0,0.0
544,27.200000000000003,0,1.6240841462347188e-14,1.0,1.0,0.0
545,27.25,0,1.461675731611247e-14,1.0,1.0,0.0
546,27.3,0,1.3155081584501223e-14,1.0,1.0,0.0
547,27.35,0,1.18395734260511e-14,1.0,1.0,0.0
548,27.400000000000002,0,1.0655616083445991e-14,1.0,1.0,0.0
549,27.450000000000003,0,9.590054475101393e-15,1.0,1.0,0.0
550,27.5,0,8.631049027591253e-15,1.0,1.0,0.0
551,27.55,0,7.767944124832129e-15,1.0,1.0,0.0
552,27.6,0,6.991149712348916e-15,1.0,1.0,0.0
553,27.650000000000002,0,6.292034741114024e-15,1.0,1.0,0.0
554,27.700000000000003,0,5.662831267002622e-15,1.0,1.0,0.0
555,27.75,0,5.09654814030236e-15,1.0,1.0,0.0
556,27.8,0,4.586893326272124e-15,1.0,1.0,0.0
557,27.85,0,4.128203993644912e-15,1.0,1.0,0.0
558,27.900000000000002,0,3.715383594280421e-15,1.0,1.0,0.0
559,27.950000000000003,0,3.343845234852379e-15,1.0,1.0,0.0
560,28.0,0,3.0094607113671414e-15,1.0,1.0,0.0
561,28.05,0,2.7085146402304273e-15,1.0,1.0,0.0
562,28.1,0,2.437663176207385e-15,1.0,1.0,0.0
563,28.150000000000002,0,2.1938968585866462e-15,1.0,1.0,0.0
564,28.200000000000003,0,1.9745071727279815e-15,1.0,1.0,0.0
565,28.25,0,1.7770564554551834e-15,1.0,1.0,0.0
566,28.3,0,1.599350809909665e-15,1.0,1.0,0.0
567,28.35,0,1.4394157289186985e-15,1.0,1.0,0.0
568,28.400000000000002,0,1.2954741560268287e-15,1.0,1.0,0.0
569,28.450000000000003,0,1.1659267404241458e-15,1.0,1.0,0.0
570,28.5,0,1.0493340663817314e-15,1.0,1.0,0.0
571,28.55,0,9.444006597435583e-16,1.0,1.0,0.0
572,28.6,0,8.499605937692025e-16,1.0,1.0,0.0
573,28.650000000000002,0,7.649645343922822e-16,1.0,1.0,0.0
574,28.700000000000003,0,6.88468080953054e-16,1.0,1.0,0.0
575,28.75,0,6.196212728577486e-16,1.0,1.0,0.0
576,28.8,0,5.576591455719738e-16,1.0,1.0,0.0
577,28.85,0,5.018932310147764e-16,1.0,1.0,0.0
578,28.900000000000002,0,4.517039079132988e-16,1.0,1.0,0.0
579,28.950000000000003,0,4.0653351712196896e-16,1.0,1.0,0.0
580,29.0,0,3.658801654097721e-16,1.0,1.0,0.0
581,29.05,0,3.292921488687949e-16,1.0,1.0,0.0
582,29.1,0,2.963629339819154e-16,1.0,1.0,0.0
583,29.150000000000002,0,2.6672664058372385e-16,1.0,1.0,0.0
584,29.200000000000003,0,2.4005397652535145e-16,1.0,1.0,0.0
585,29.25,0,2.1604857887281631e-16,1.0,1.0,0.0
586,29.3,0,1.9444372098553468e-16,1.0,1.0,0.0
587,29.35,0,1.749993488869812e-16,1.0,1.0,0.0
588,29.400000000000002,0,1.574994139982831e-16,1.0,1.0,0.0
589,29.450000000000003,0,1.417494725984548e-16,1.0,1.0,0.0
590,29.5,0,1.2757452533860932e-16,1.0,1.0,0.0
591,29.55,0,1.148170728047484e-16,1.0,1.0,0.0
592,29.6,0,1.0333536552427356e-16,1.0,1.0,0.0
593,29.650000000000002,0,9.30018289718462e-17,1.0,1.0,0.0
594,29.700000000000003,0,8.370164607466158e-17,1.0,1.0,0.0
595,29.75,0,7.533148146719542e-17,1.0,1.0,0.0
596,29.8,0,6.779833332047588e-17,1.0,1.0,0.0
597,29.85,0,6.101849998842829e-17,1.0,1.0,0.0
598,29.900000000000002,0,5.491664998958546e-17,1.0,1.0,0.0
599,29.950000000000003,0,4.9424984990626915e-17,1.0,1.0,0.0
600,30.0,0,4.448248649156422e-17,1.0,1.0,0.0
601,30.05,0,4.00342378424078e-17,1.0,1.0,0.0
602,30.1,0,3.603081405816702e-17,1.0,1.0,0.0
603,30.150000000000002,0,3.242773265235032e-17,1.0,1.0,0.0
604,30.200000000000003,0,2.918495938711529e-17,1.0,1.0,0.0
605,30.25,0,2.626646344840376e-17,1.0,1.0,0.0
606,30.3,0,2.3639817103563384e-17,1.0,1.0,0.0
607,30.35,0,2.1275835393207045e-17,1.0,1.0,0.0
608,30.400000000000002,0,1.9148251853886342e-17,1.0,1.0,0.0
609,30.450000000000003,0,1.723342666849771e-17,1.0,1.0,0.0
610,30.5,0,1.551008400164794e-17,1.0,1.0,0.0
611,30.55,0,1.3959075601483147e-17,1.0,1.0,0.0
612,30.6,0,1.2563168041334832e-17,1.0,1.0,0.0
613,30.650000000000002,0,1.1306851237201349e-17,1.0,1.0,0.0
614,30.700000000000003,0,1.0176166113481214e-17,1.0,1.0,0.0
615,30.75,0,9.158549502133093e-18,1.0,1.0,0.0
616,30.8,0,8.242694551919784e-18,1.0,1.0,0.0
617,30.85,0,7.418425096727806e-18,1.0,1.0,0.0
618,30.900000000000002,0,6.676582587055025e-18,1.0,1.0,0.0
619,30.950000000000003,0,6.008924328349523e-18,1.0,1.0,0.0
620,31.0,0,5.408031895514571e-18,1.0,1.0,0.0
621,31.05,0,4.867228705963114e-18,1.0,1.0,0.0
622,31.1,0,4.380505835366803e-18,1.0,1.0,0.0
623,31.150000000000002,0,3.942455251830123e-18,1.0,1.0,0.0
624,31.200000000000003,0,3.548209726647111e-18,1.0,1.0,0.0
625,31.25,0,3.1933887539823998e-18,1.0,1.0,0.0
626,31.3,0,2.87404987858416e-18,1.0,1.0,0.0
627,31.35,0,2.5866448907257438e-18,1.0,1.0,0.0
628,31.400000000000002,0,2.3279804016531695e-18,1.0,1.0,0.0
629,31.450000000000003,0,2.0951823614878525e-18,1.0,1.0,0.0
630,31.5,0,1.885664125339067e-18,1.0,1.0,0.0
631,31.55,0,1.6970977128051605e-18,1.0,1.0,0.0
632,31.6,0,1.5273879415246446e-18,1.0,1.0,0.0
633,31.650000000000002,0,1.37464914737218e-18,1.0,1.0,0.0
634,31.700000000000003,0,1.237184232634962e-18,1.0,1.0,0.0
635,31.75,0,1.113465809371466e-18,1.0,1.0,0.0
636,31.8,0,1.0021192284343194e-18,1.0,1.0,0.0
637,31.85,0,9.019073055908875e-19,1.0,1.0,0.0
638,31.900000000000002,0,8.117165750317988e-19,1.0,1.0,0.0
639,31.950000000000003,0,7.305449175286189e-19,1.0,1.0,0.0
640,32.0,0,6.57490425775757e-19,1.0,1.0,0.0
641,32.050000000000004,0,5.917413831981813e-19,1.0,1.0,0.0
642,32.1,0,5.325672448783632e-19,1.0,1.0,0.0
643,32.15,0,4.7931052039052685e-19,1.0,1.0,0.0
644,32.2,0,4.313794683514742e-19,1.0,1.0,0.0
645,32.25,0,3.882415215163268e-19,1.0,1.0,0.0
646,32.300000000000004,0,3.494173693646941e-19,1.0,1.0,0.0
647,32.35,0,3.144756324282247e-19,1.0,1.0,0.0
648,32.4,0,2.830280691854022e-19,1.0,1.0,0.0
649,32.45,0,2.5472526226686198e-19,1.0,1.0,0.0
650,32.5,0,2.292527360401758e-19,1.0,1.0,0.0
651,32.550000000000004,0,2.063274624361582e-19,1.0,1.0,0.0
652,32.6,0,1.856947161925424e-19,1.0,1.0,0.0
653,32.65,0,1.6712524457328816e-19,1.0,1.0,0.0
654,32.7,0,1.5041272011595935e-19,1.0,1.0,0.0
655,32.75,0,1.3537144810436342e-19,1.0,1.0,0.0
656,32.800000000000004,0,1.2183430329392708e-19,1.0,1.0,0.0
657,32.85,0,1.096508729645344e-19,1.0,1.0,0.0
658,32.9,0,9.868578566808096e-20,1.0,1.0,0.0
659,32.95,0,8.881720710127286e-20,1.0,1.0,0.0
660,33.0,0,7.993548639114557e-20,1.0,1.0,0.0
661,33.050000000000004,0,7.194193775203101e-20,1.0,1.0,0.0
662,33.1,0,6.474774397682791e-20,1.0,1.0,0.0
663,33.15,0,5.827296957914513e-20,1.0,1.0,0.0
664,33.2,0,5.2445672621230617e-20,1.0,1.0,0.0
665,33.25,0,4.720110535910756e-20,1.0,1.0,0.0
666,33.300000000000004,0,4.24809948231968e-20,1.0,1.0,0.0
667,33.35,0,3.823289534087712e-20,1.0,1.0,0.0
668,33.4,0,3.440960580678941e-20,1.0,1.0,0.0
669,33.45,0,3.096864522611047e-20,1.0,1.0,0.0
670,33.5,0,2.7871780703499424e-20,1.0,1.0,0.0
671,33.550000000000004,0,2.508460263314948e-20,1.0,1.0,0.0
672,33.6,0,2.2576142369834532e-20,1.0,1.0,0.0
673,33.65,0,2.031852813285108e-20,1.0,1.0,0.0
674,33.7,0,1.828667531956597e-20,1.0,1.0,0.0
675,33.75,0,1.6458007787609373e-20,1.0,1.0,0.0
676,33.800000000000004,0,1.4812207008848437e-20,1.0,1.0,0.0
677,33.85,0,1.3330986307963594e-20,1.0,1.0,0.0
678,33.9,0,1.1997887677167235e-20,1.0,1.0,0.0
679,33.95,0,1.0798098909450512e-20,1.0,1.0,0.0
680,34.0,0,9.718289018505462e-21,1.0,1.0,0.0
681,34.050000000000004,0,8.746460116654916e-21,1.0,1.0,0.0
682,34.1,0,7.871814104989424e-21,1.0,1.0,0.0
683,34.15,0,7.084632694490482e-21,1.0,1.0,0.0
684,34.2,0,6.376169425041434e-21,1.0,1.0,0.0
685,34.25,0,5.738552482537291e-21,1.0,1.0,0.0
686,34.300000000000004,0,5.164697234283562e-21,1.0,1.0,0.0
687,34.35,0,4.6482275108552054e-21,1.0,1.0,0.0
688,34.4,0,4.183404759769685e-21,1.0,1.0,0.0
689,34.45,0,3.765064283792717e-21,1.0,1.0,0.0
690,34.5,0,3.3885578554134456e-21,1.0,1.0,0.0
691,34.550000000000004,0,3.049702069872101e-21,1.0,1.0,0.0
692,34.6,0,2.7447318628848912e-21,1.0,1.0,0.0
693,34.65,0,2.4702586765964023e-21,1.0,1.0,0.0
694,34.7,0,2.223232808936762e-21,1.0,1.0,0.0
695,34.75,0,2.000909528043086e-21,1.0,1.0,0.0
696,34.800000000000004,0,1.8008185752387775e-21,1.0,1.0,0.0
697,34.85,0,1.6207367177148998e-21,1.0,1.0,0.0
698,34.9,0,1.4586630459434098e-21,1.0,1.0,0.0
699,34.95,0,1.3127967413490688e-21,1.0,1.0,0.0
700,35.0,0,1.181517067214162e-21,1.0,1.0,0.0
