scene,method,success_rate,completion_time_mean,completion_time_std,collision_rate,min_obs_distance_mean,min_agent_distance_mean,gmax_mean,radius_var_mean,control_cost_mean,control_smoothness_mean,input_sat_mean,stall_steps_mean,inside_any_rate,inside_final_rate,gmax_success_rate,radius_success_rate,sigma_success_rate,no_collision_rate,dwell_success_rate,radius_error_final_mean,success_geom_final_rate,success_no_collision_rate,gmax_reach_time_mean
s1_single_obstacle,M1,1.0,12.75,0.13228756555322932,0.0,0.6415603744562445,inf,0.0,0.0,12.499925757870832,1.115932854402257,0.3171659533999049,389.3333333333333,0.0,0.0,1.0,1.0,1.0,1.0,1.0,9.869108682028974e-10,0.0,1.0,35.0
s1_single_obstacle,M3,1.0,16.483333333333334,0.1040832999733057,0.0,1.2689127302197796,inf,0.0,0.0,20.789794832980267,812.8380781592546,0.0,0.0,0.0,0.0,1.0,1.0,1.0,1.0,1.0,0.01577482176022565,0.0,1.0,35.0
s2_same_side_expansion,M1,0.0,80.0,0.0,1.0,inf,5.9581457107230795e-12,354.8881094498989,2.336836446667804e-23,38.62729372217012,0.07626849461770241,0.06655562495662433,1413.3333333333333,1.0,1.0,0.0,0.0,1.0,0.0,0.0,2.799999999009509,0.0,0.0,80.0
s2_same_side_expansion,M3,0.0,80.0,0.0,1.0,inf,0.002235897996843464,176.90782011043007,9.023333315832549e-05,278.5863231656106,19679.1104983611,0.0,0.0,1.0,1.0,0.0,0.0,1.0,0.0,0.0,2.7819615384653975,0.0,0.0,80.0
s2_same_side_expansion,M4,0.0,80.0,0.0,1.0,inf,0.14332365346951767,275.42222967418985,0.18406075831403004,28.874495081662506,0.40079978968298763,0.04372267332916927,1415.0,0.0,0.0,0.0,0.0,1.0,0.0,0.0,1.0241293059999725,0.0,0.0,80.0
s2_same_side_expansion,M5,0.0,80.0,0.0,1.0,inf,0.14332365346951767,275.42222967418985,0.18406075831403004,28.874495081662506,0.40079978968298763,0.04372267332916927,1415.0,0.0,0.0,0.0,0.0,1.0,0.0,0.0,1.0241293059999725,0.0,0.0,80.0
s2_same_side_expansion,M6,0.0,80.0,0.0,1.0,inf,0.14332365346951767,274.1065000299505,0.15909394695390944,28.87046453808516,0.3998179042876558,0.04372267332916927,1418.3333333333333,0.0,0.0,0.0,0.0,1.0,0.0,0.0,1.0245609816083652,0.0,0.0,80.0
s2_same_side_expansion,M7,0.0,80.0,0.0,1.0,inf,0.14332365346951767,274.1065000299505,0.15909394695390944,28.87046453808516,0.3998179042876558,0.04372267332916927,1418.3333333333333,0.0,0.0,0.0,0.0,1.0,0.0,0.0,1.0245609816083652,0.0,0.0,80.0
s3_static_encirclement,M1,0.0,50.0,0.0,1.0,inf,6.406508469169769e-10,97.37866139932204,5.03427146981201e-23,28.31406114851707,0.07626849094287662,0.07237207237207237,841.6666666666666,1.0,1.0,1.0,0.0,1.0,0.0,0.0,1.6999999990092436,0.0,0.0,0.0
s3_static_encirclement,M3,0.0,4.366666666666667,0.02886751345948093,1.0,inf,0.003358165033934987,199.7122983292043,8.599119649955794e-05,174.18170486494455,11953.168744111812,0.0,0.0,1.0,0.3333333333333333,0.3333333333333333,0.0,1.0,0.0,1.0,1.6776383666370602,0.0,0.0,0.0
s3_static_encirclement,M4,0.6666666666666666,18.900000000000002,26.93339005769604,0.0,inf,0.8627855461916495,60.0000001133133,8.373081203680215e-19,26.420641800007854,0.8644326020060867,0.08086358086358086,836.3333333333334,1.0,1.0,1.0,0.0,1.0,1.0,0.6666666666666666,0.6599114325079789,0.0,1.0,0.0
s3_static_encirclement,M5,0.6666666666666666,18.900000000000002,26.93339005769604,0.0,inf,0.8627855461916495,60.0000001133133,8.373081203680215e-19,26.420641800007854,0.8644326020060867,0.08086358086358086,836.3333333333334,1.0,1.0,1.0,0.0,1.0,1.0,0.6666666666666666,0.6599114325079789,0.0,1.0,0.0
s3_static_encirclement,M6,1.0,3.366666666666667,0.02886751345948128,0.0,inf,0.713330557141421,60.00005629924876,4.007918365489947e-15,25.18655289646219,0.3954757140996579,0.07076257076257075,842.3333333333334,1.0,1.0,1.0,0.0,1.0,1.0,1.0,0.8031820215383562,0.0,1.0,0.0
s3_static_encirclement,M7,1.0,3.366666666666667,0.02886751345948128,0.0,inf,0.713330557141421,60.00005629924876,4.007918365489947e-15,25.18655289646219,0.3954757140996579,0.07076257076257075,842.3333333333334,1.0,1.0,1.0,0.0,1.0,1.0,1.0,0.8031820215383562,0.0,1.0,0.0
s4_narrow_passage,M1,0.0,11.783333333333333,0.0763762615825977,1.0,0.6509220465901746,1.7616661088539346e-13,359.9998162253255,4.5341353314762546e-23,81.59631024216672,0.2809940279086395,0.21107410491257284,871.6666666666666,1.0,1.0,0.0,0.0,1.0,0.0,1.0,2.7999999990110407,0.0,0.0,60.0
s4_narrow_passage,M3,0.0,42.31666666666667,4.575569181351471,1.0,0.7307195277126161,0.0006055133687166053,179.9992235097004,7.582305104168703e-05,174.7143929271106,9207.545905194429,0.044268665001387736,0.0,1.0,1.0,0.0,0.0,1.0,0.0,1.0,2.781142432719392,0.0,0.0,60.0
s4_narrow_passage,M4,0.6666666666666666,18.516666666666666,0.16072751268321456,0.3333333333333333,0.31683276530243126,0.5152796259561335,73.89445134754914,0.1808492519996623,91.76164761282077,1990.6624873845838,0.06170783606254047,0.0,1.0,1.0,1.0,0.0,1.0,0.6666666666666666,1.0,1.836963610039679,0.0,0.6666666666666666,19.05
s4_narrow_passage,M5,0.0,27.983333333333334,0.12583057392117908,1.0,0.7314036939130529,0.3227354248856874,85.90524076041737,0.21988352056540317,93.63353419029772,2680.7862849727644,0.046304005920991764,0.0,1.0,1.0,1.0,0.0,1.0,0.0,1.0,1.8567304262545654,0.0,0.0,28.01666666666667
s4_narrow_passage,M6,0.0,18.516666666666666,0.16072751268321456,1.0,0.32058817835832465,0.3511440081414177,74.01636923792485,0.025419349462557046,96.59502680633393,2335.047897601382,0.06170783606254047,0.0,1.0,1.0,1.0,0.0,1.0,0.0,1.0,2.441568331460987,0.0,0.0,19.05
s4_narrow_passage,M7,0.0,28.05,0.14999999999999902,1.0,0.7315074692760447,0.3048296459021282,69.30554806711665,0.02009196701626113,89.97254643977602,2492.423160899127,0.046165232676473315,194.0,1.0,1.0,1.0,0.0,1.0,0.0,1.0,2.4487317104224497,0.0,0.0,28.133333333333336
s5_dense_tracking_easy,M1,0.0,17.400000000000002,0.0,1.0,0.61053779207358,0.0,360.0,3.0814879110195774e-33,141.08434129818144,0.7091838133205602,0.24857502405803536,0.0,1.0,0.0,0.0,0.0,1.0,0.0,1.0,2.5450623711101814,0.0,0.0,75.0
s5_dense_tracking_easy,M3,0.0,25.266666666666666,0.028867513459481953,1.0,1.1397746785315588,0.000498737754646529,233.86439322656966,0.0001725031059725563,264.8429226775119,8576.486174230367,0.0,0.0,1.0,0.6666666666666666,0.0,0.0,1.0,0.0,1.0,2.772250475102623,0.0,0.0,44.51666666666667
s5_dense_tracking_easy,M4,0.0,17.283333333333335,0.11547005383792475,1.0,-0.3355113763587559,0.4071941070892983,270.3586901341,0.2702022155476813,119.86805539152122,2.473987219646238,0.21607817010881636,0.0,0.0,0.0,0.0,0.0,1.0,0.0,1.0,0.8604193668087734,0.0,0.0,75.0
s5_dense_tracking_easy,M5,0.0,17.333333333333332,0.02886751345948221,1.0,-0.0649122754556039,0.29864159655700756,271.7394487408858,0.27216248695120726,121.1836231779219,0.49330164694743456,0.21744762750758753,0.0,0.0,0.0,0.0,0.0,1.0,0.0,1.0,0.8649003653746702,0.0,0.0,75.0
s5_dense_tracking_easy,M6,0.0,17.25,0.08660254037844253,1.0,-0.332585801078167,0.4066017539480473,268.9624348710449,0.22430512267025313,119.78837355914357,2.6597580924558115,0.2158190835739137,0.0,0.0,0.0,0.0,0.0,1.0,0.0,1.0,0.8679783017381594,0.0,0.0,75.0
s5_dense_tracking_easy,M7,0.0,17.333333333333332,0.02886751345948221,1.0,-0.06429892917513136,0.29829397509094074,271.0310990664879,0.22605086729125254,121.07419431559374,0.4910714732297233,0.21715152861055595,0.0,0.0,0.0,0.0,0.0,1.0,0.0,1.0,0.868827765990179,0.0,0.0,75.0
s5_dense_tracking_hard,M1,0.0,21.8,0.36055512754639996,1.0,0.4562539575171673,0.0,360.0,2.0543252740130515e-33,206.881777219901,1580.1766829718124,0.3646457916944259,182.66666666666666,1.0,0.0,0.0,0.0,1.0,0.0,1.0,2.3236177350683036,0.0,0.0,75.0
s5_dense_tracking_hard,M3,0.0,75.0,0.0,1.0,0.6679118058555801,1.6492430277056518e-13,359.88563237081763,1.6181232009308815e-08,192.06580552237145,9868.79322056126,0.014804944851580426,0.0,0.3333333333333333,0.3333333333333333,0.0,0.0,1.0,0.0,0.0,8.145211727268242,0.0,0.0,75.0
s5_dense_tracking_hard,M4,0.0,18.883333333333336,0.02886751345948221,1.0,-1.122791990072032,0.3727714764627197,209.43689987794815,0.22571806530975938,191.3647242938238,593.9287650151085,0.28432896587460216,0.0,0.3333333333333333,0.0,0.0,0.0,1.0,0.0,1.0,1.2217713690093637,0.0,0.0,75.0
s5_dense_tracking_hard,M5,0.0,18.883333333333336,0.05773502691896006,1.0,-1.0896574311477123,0.3055702695639061,257.39722634023457,0.23823554846618453,198.46975986860812,939.0373498887549,0.2959138352209638,0.0,1.0,0.0,0.0,0.0,1.0,0.0,1.0,1.0118743067757008,0.0,0.0,61.43333333333334
s5_dense_tracking_hard,M6,0.0,18.883333333333336,0.02886751345948221,1.0,-1.1229496564800954,0.372496618414704,221.12381173036246,0.16037916453109866,192.5644766566329,684.3699784023547,0.2862536087053076,0.0,1.0,0.0,0.0,0.0,1.0,0.0,1.0,1.131090617240239,0.0,0.0,62.25
s5_dense_tracking_hard,M7,0.0,18.883333333333336,0.05773502691896006,1.0,-1.089592705278098,0.2949023514757259,247.0640078089668,0.17778625208472273,195.15941758330246,726.4180032654316,0.29421126656303204,0.0,1.0,0.0,0.0,0.0,1.0,0.0,1.0,1.0230452545790645,0.0,0.0,62.21666666666667
s5_dense_tracking_medium,M1,0.0,19.483333333333334,0.07637626158259647,1.0,0.5742801695378706,0.0,360.0,6.847750913376838e-34,179.83782985320195,13.82419797539405,0.2732992819601747,22.0,1.0,0.0,0.0,0.0,1.0,0.0,1.0,2.4685507948562933,0.0,0.0,75.0
s5_dense_tracking_medium,M3,0.0,26.016666666666666,0.028867513459481953,1.0,0.8300235619708417,2.651297972098775e-13,226.13689181927077,3.4871245746320597e-05,256.56052677964476,6357.858599250685,0.017469834924864903,0.0,1.0,0.3333333333333333,0.3333333333333333,0.0,1.0,0.0,1.0,2.7831174287862357,0.0,0.0,53.31666666666666
s5_dense_tracking_medium,M4,0.0,18.55,0.0500000000000016,1.0,-0.7254703406142072,0.3872989384642301,206.77397271173166,0.18668415008689668,147.1510205116035,19.359427600836657,0.23225257235916796,0.0,0.0,0.0,0.0,0.0,1.0,0.0,1.0,1.294488465355893,0.0,0.0,75.0
s5_dense_tracking_medium,M5,0.0,18.583333333333332,0.02886751345948221,1.0,-0.6360283378926522,0.2914049359858331,215.80688712278788,0.18587261015527556,147.00841528198973,7.382510094726098,0.23491746243245246,0.0,0.0,0.0,0.0,0.0,1.0,0.0,1.0,1.2255772942980727,0.0,0.0,75.0
s5_dense_tracking_medium,M6,0.0,18.55,0.0500000000000016,1.0,-0.7239170236962219,0.3868566986991971,209.9972604042997,0.13137127390593395,147.35075997405553,23.23152303913891,0.23206751054852323,0.0,0.0,0.0,0.0,0.0,1.0,0.0,1.0,1.2452162214104672,0.0,0.0,75.0
s5_dense_tracking_medium,M7,0.0,18.566666666666666,0.028867513459483237,1.0,-0.6354567140764168,0.291283710509587,219.26480504542903,0.12905919668941104,146.74095377377532,7.819828417597619,0.23428825227626027,0.0,0.0,0.0,0.0,0.0,1.0,0.0,1.0,1.203071229731175,0.0,0.0,75.0
s6_fast_target,M1,0.0,23.05,0.0500000000000016,1.0,inf,2.0078517272466768e-07,359.9999999999832,2.468937855546601e-12,289.89517038725467,0.0035000778054202247,0.46401147192154685,0.0,1.0,1.0,0.0,0.0,1.0,0.0,1.0,1.7642343023478588,0.0,0.0,60.0
s6_fast_target,M3,0.0,60.0,0.0,1.0,inf,0.012385861612181366,359.8690140708904,0.04685475252698116,208.98324429849993,0.0011874931881354761,0.0,0.0,0.0,0.0,0.0,0.0,1.0,0.0,0.0,5.971198408134719,0.0,0.0,60.0
s6_fast_target,M4,0.0,27.416666666666668,0.17559422921421203,1.0,inf,0.5236157829449509,305.0378966242557,0.32301189258806495,274.80182994583924,0.02424483576544766,0.35345545378850957,0.0,0.0,0.0,0.0,1.0,1.0,0.0,1.0,0.1963416844935022,0.0,0.0,60.0
s6_fast_target,M5,0.0,27.416666666666668,0.17559422921421203,1.0,inf,0.5236157829449509,305.0378966242557,0.32301189258806495,274.80182994583924,0.02424483576544766,0.35345545378850957,0.0,0.0,0.0,0.0,1.0,1.0,0.0,1.0,0.1963416844935022,0.0,0.0,60.0
s6_fast_target,M6,0.0,27.36666666666667,0.17559422921421303,1.0,inf,0.5226468238461729,305.05011910430056,0.3055189529637458,274.77827318094023,0.023026375208417087,0.35350171153668236,0.0,0.0,0.0,0.0,1.0,1.0,0.0,1.0,0.19629016391396803,0.0,0.0,60.0
s6_fast_target,M7,0.0,27.36666666666667,0.17559422921421303,1.0,inf,0.5226468238461729,305.05011910430056,0.3055189529637458,274.77827318094023,0.023026375208417087,0.35350171153668236,0.0,0.0,0.0,0.0,1.0,1.0,0.0,1.0,0.19629016391396803,0.0,0.0,60.0
