eta_min,sigma_omega,k_t,r0,lambda_curl,success_rate,collision_rate,completion_time_mean,min_obs_distance_mean,min_agent_distance_mean,gmax_mean,radius_var_mean,input_sat_mean,control_smoothness_mean,stall_steps_mean,inside_any_rate,inside_final_rate,gmax_success_rate,radius_success_rate,sigma_success_rate,no_collision_rate,dwell_success_rate,success_geom_final_rate,gmax_reach_time_mean
0.05,3.0,0.6,1.2,0.3,0.0,1.0,28.700000000000003,0.7288529748339994,0.20648577968669393,72.62365163080185,0.012702599321893713,0.027338329170135997,2651.3089824200456,0.0,1.0,1.0,1.0,0.0,1.0,0.0,1.0,0.0,29.5
0.05,3.0,0.6,1.2,0.5,0.0,1.0,28.1,0.7274028039559186,0.20230057716449734,72.64676528998197,0.012703775275427766,0.035248404107688036,3149.088910900876,0.0,1.0,1.0,1.0,0.0,1.0,0.0,1.0,0.0,28.900000000000002
0.05,3.0,0.6,1.2,0.7,0.0,1.0,28.0,0.7223871949462672,0.20211522646105043,72.69018082354327,0.01270640781416931,0.041909519844573966,3795.975245743944,0.0,1.0,1.0,1.0,0.0,1.0,0.0,1.0,0.0,28.75
0.05,3.0,0.6,1.5,0.3,0.0,1.0,29.700000000000003,0.7283862862418691,0.21235729030716746,72.58014292612023,0.012849946207707482,0.02844851512628365,2613.277262145318,0.0,1.0,1.0,1.0,0.0,1.0,0.0,1.0,0.0,30.0
0.05,3.0,0.6,1.5,0.5,0.0,1.0,29.25,0.727893189025324,0.203619987793085,72.59062959557717,0.012850342061607576,0.03566472384124341,3105.8986366373283,0.0,1.0,1.0,1.0,0.0,1.0,0.0,1.0,0.0,29.1
0.05,3.0,0.6,1.5,0.7,0.0,1.0,29.1,0.7232132028833063,0.209658247719279,72.66136464633584,0.012853514998409156,0.04274215931168471,3838.2791643993464,0.0,1.0,1.0,1.0,0.0,1.0,0.0,1.0,0.0,28.900000000000002
0.05,3.0,0.6,1.8,0.3,0.0,1.0,31.1,0.7287323850826002,0.2574899223133128,72.6707923532421,0.012946892471272666,0.029558701082431308,2508.873272520317,0.0,1.0,1.0,1.0,0.0,1.0,0.0,1.0,0.0,30.6
0.05,3.0,0.6,1.8,0.5,0.0,1.0,30.55,0.7276268067694562,0.20693257869444315,72.60370252376134,0.012943606644676905,0.03608104357479878,3156.9752150466534,0.0,1.0,1.0,1.0,0.0,1.0,0.0,1.0,0.0,29.8
0.05,3.0,0.6,1.8,0.7,0.0,1.0,30.450000000000003,0.7234075855661624,0.2159090274909612,72.6760776042407,0.012947222987113921,0.043158479045240075,3915.459302049597,0.0,1.0,1.0,1.0,0.0,1.0,0.0,1.0,0.0,29.75
0.05,3.0,0.9,1.2,0.3,0.0,1.0,27.150000000000002,0.7285683607916129,0.20699473314898556,72.59944527108827,0.013379013856687551,0.028032195392728283,2679.3069629464844,0.0,1.0,1.0,1.0,0.0,1.0,0.0,1.0,0.0,28.05
0.05,3.0,0.9,1.2,0.5,0.0,1.0,26.700000000000003,0.7279223297491912,0.22034758834677234,72.61112967198619,0.013386620478510752,0.034415764640577294,3211.6419584576697,0.0,1.0,1.0,1.0,0.0,1.0,0.0,1.0,0.0,27.8
0.05,3.0,0.9,1.2,0.7,0.0,1.0,26.6,0.7230143833882037,0.2234789352555667,72.60595975721658,0.01338283378382323,0.04301970580072162,3813.342835433804,0.0,1.0,1.0,1.0,0.0,1.0,0.0,1.0,0.0,27.75
0.05,3.0,0.9,1.5,0.3,0.0,1.0,28.25,0.7285298926214516,0.23433911940830215,72.51367102167113,0.013516842995847338,0.026228143213988343,2628.273890354692,0.0,1.0,1.0,1.0,0.0,1.0,0.0,1.0,0.0,29.0
0.05,3.0,0.9,1.5,0.5,0.0,1.0,27.900000000000002,0.7275404727568395,0.22802060776435493,72.66955687161338,0.013803830915033156,0.03358312517346656,3164.7502377088767,0.0,1.0,1.0,1.0,0.0,1.0,0.0,1.0,0.0,28.55
0.05,3.0,0.9,1.5,0.7,0.0,1.0,27.900000000000002,0.7228931214812364,0.22391841068306753,72.56654553070744,0.01352330423140305,0.04177074660005551,3858.0741095010053,0.0,1.0,1.0,1.0,0.0,1.0,0.0,1.0,0.0,28.150000000000002
0.05,3.0,0.9,1.8,0.3,0.0,1.0,29.700000000000003,0.7285908847842706,0.23272130660493198,72.66619793139421,0.01383485543603076,0.028032195392728283,2499.365113050045,0.0,1.0,1.0,1.0,0.0,1.0,0.0,1.0,0.0,29.650000000000002
0.05,3.0,0.9,1.8,0.5,0.0,1.0,29.3,0.727261876217377,0.2282892086270703,72.67105229550063,0.013830500716144436,0.03510963086316958,3138.9323555908873,0.0,1.0,1.0,1.0,0.0,1.0,0.0,1.0,0.0,29.5
0.05,3.0,0.9,1.8,0.7,0.0,1.0,29.25,0.7241350305143117,0.23213188590356598,72.66922281443597,0.013833999341146387,0.041909519844573966,3865.5304105570794,0.0,1.0,1.0,1.0,0.0,1.0,0.0,1.0,0.0,29.0
0.05,3.0,1.2,1.2,0.3,0.0,1.0,26.25,0.7287510981422274,0.2639083825294675,73.31263680443043,0.013217220271975414,0.028864834859839022,2630.440872952606,0.0,1.0,1.0,1.0,0.0,1.0,0.0,1.0,0.0,28.150000000000002
0.05,3.0,1.2,1.2,0.5,0.0,1.0,25.85,0.7274881347923905,0.23109631862655092,72.39468814019186,0.014286003647569408,0.03594227033028032,2956.081055675857,0.0,1.0,1.0,1.0,0.0,1.0,0.0,1.0,0.0,27.0
0.05,3.0,1.2,1.2,0.7,0.0,1.0,25.75,0.7220623877549255,0.2414856653365273,72.39087923310564,0.014293992876928644,0.04329725228975854,3505.9354032597357,0.0,1.0,1.0,1.0,0.0,1.0,0.0,1.0,0.0,26.8
0.05,3.0,1.2,1.5,0.3,0.0,1.0,27.35,0.7283655193919321,0.25076104717260767,74.43051462817486,0.01604349407322043,0.029697474326949764,2481.727131012421,0.0,1.0,1.0,1.0,0.0,1.0,0.0,1.0,0.0,28.0
0.05,3.0,1.2,1.5,0.5,0.0,1.0,27.0,0.7274417983286579,0.24959983585077788,72.8197941978103,0.013868728442148122,0.03635859006383569,2995.2419657156993,0.0,1.0,1.0,1.0,0.0,1.0,0.0,1.0,0.0,27.6
0.05,3.0,1.2,1.5,0.7,0.0,1.0,27.0,0.7226388365753207,0.27584697567545924,73.95835021254962,0.01606360933087828,0.0446849847349431,3703.343671072223,0.0,1.0,1.0,1.0,0.0,1.0,0.0,1.0,0.0,27.650000000000002
0.05,3.0,1.2,1.8,0.3,0.0,1.0,28.75,0.7287396303039302,0.24991189735906744,73.64950530933133,0.014288700595445842,0.03025256730502359,2412.2175719855704,0.0,1.0,1.0,1.0,0.0,1.0,0.0,1.0,0.0,28.700000000000003
0.05,3.0,1.2,1.8,0.5,0.0,1.0,28.450000000000003,0.7276505354607934,0.2565355491195405,74.12690330623857,0.014300031908894091,0.038301415487094086,2956.402900476975,0.0,1.0,1.0,1.0,0.0,1.0,0.0,1.0,0.0,28.55
0.05,3.0,1.2,1.8,0.7,0.0,1.0,28.400000000000002,0.7241585275768296,0.2515958754597339,73.66915318956796,0.016437804873680375,0.04579517069109076,3668.3100258892446,0.0,1.0,1.0,1.0,0.0,1.0,0.0,1.0,0.0,28.400000000000002
0.05,5.0,0.6,1.2,0.3,0.0,1.0,31.1,0.7284417529555267,0.2011181222176818,72.68979645731757,0.012706475152008739,0.02941992783791285,2577.2244898199015,0.0,1.0,1.0,1.0,0.0,1.0,0.0,1.0,0.0,31.35
0.05,5.0,0.6,1.2,0.5,0.0,1.0,30.35,0.7272204498562445,0.2132461151461887,72.66355166135675,0.012704752600267573,0.03649736330835415,3182.9471941426673,0.0,1.0,1.0,1.0,0.0,1.0,0.0,1.0,0.0,30.6
0.05,5.0,0.6,1.2,0.7,0.0,1.0,30.150000000000002,0.7244041183339769,0.19909944554758832,72.5026680811606,0.012699764760148323,0.04288093255620316,3913.3723445136675,0.0,1.0,1.0,1.0,0.0,1.0,0.0,1.0,0.0,30.3
0.05,5.0,0.6,1.5,0.3,0.0,1.0,32.2,0.7285132007686295,0.2134469923231265,72.64752287559772,0.012852591877099766,0.030668887038578962,2550.163412226283,0.0,1.0,1.0,1.0,0.0,1.0,0.0,1.0,0.0,31.900000000000002
0.05,5.0,0.6,1.5,0.5,0.0,1.0,31.35,0.7278446036099997,0.216668008674553,72.61140775212091,0.012851060809016773,0.03663613655287261,3186.8859110747658,0.0,1.0,1.0,1.0,0.0,1.0,0.0,1.0,0.0,31.0
0.05,5.0,0.6,1.5,0.7,0.0,1.0,31.150000000000002,0.7234231095129873,0.19913766094983643,72.67740277636722,0.01285459670981725,0.043713572023313906,3931.2325700118295,0.0,1.0,1.0,1.0,0.0,1.0,0.0,1.0,0.0,30.8
0.05,5.0,0.6,1.8,0.3,0.0,1.0,33.45,0.7287064344965815,0.21974136443026238,72.6616469470884,0.012946379693661808,0.030807660283097418,2535.2199701345203,0.0,1.0,1.0,1.0,0.0,1.0,0.0,1.0,0.0,32.550000000000004
0.05,5.0,0.6,1.8,0.5,0.0,1.0,32.7,0.727134501481536,0.2018508113773429,72.53942652320667,0.012941621644607522,0.036774909797391064,3210.7640437384835,0.0,1.0,1.0,1.0,0.0,1.0,0.0,1.0,0.0,31.75
0.05,5.0,0.6,1.8,0.7,0.0,1.0,32.550000000000004,0.7233179118553654,0.2085692590314036,72.58335439069256,0.01294297447716032,0.04399111851235082,3988.4491389900572,0.0,1.0,1.0,1.0,0.0,1.0,0.0,1.0,0.0,31.55
0.05,5.0,0.9,1.2,0.3,0.0,1.0,29.3,0.7284494014516858,0.22000494077579727,72.50004515298592,0.013358689282252608,0.030391340549542047,2660.597333658816,0.0,1.0,1.0,1.0,0.0,1.0,0.0,1.0,0.0,29.75
0.05,5.0,0.9,1.2,0.5,0.0,1.0,28.75,0.7277239553260626,0.2220185605446177,72.67142621530559,0.013445045784814424,0.03788509575353872,3177.8024576457074,0.0,1.0,1.0,1.0,0.0,1.0,0.0,1.0,0.0,29.5
0.05,5.0,0.9,1.2,0.7,0.0,1.0,28.650000000000002,0.722683929987926,0.21964850066038427,72.56269557594909,0.01336614744963908,0.04482375797946156,3864.7672274680817,0.0,1.0,1.0,1.0,0.0,1.0,0.0,1.0,0.0,29.3
0.05,5.0,0.9,1.5,0.3,0.0,1.0,30.400000000000002,0.728474975522311,0.2354097892971098,72.51418820684457,0.013517730449268135,0.029142381348875937,2582.2201867181448,0.0,1.0,1.0,1.0,0.0,1.0,0.0,1.0,0.0,30.400000000000002
0.05,5.0,0.9,1.5,0.5,0.0,1.0,29.900000000000002,0.7278035479063079,0.22719927178465793,72.6700568247065,0.013802875131832149,0.036219816819317234,3130.1766376027936,0.0,1.0,1.0,1.0,0.0,1.0,0.0,1.0,0.0,29.75
0.05,5.0,0.9,1.5,0.7,0.0,1.0,29.700000000000003,0.7231888909040094,0.2328476761592157,72.53970312286151,0.01351862091258626,0.04274215931168471,3825.6694182122055,0.0,1.0,1.0,1.0,0.0,1.0,0.0,1.0,0.0,29.5
0.05,5.0,0.9,1.8,0.3,0.0,1.0,31.900000000000002,0.7286579724520401,0.22394619749512681,72.67131916257132,0.013830026371901276,0.030113794060505135,2482.239134250834,0.0,1.0,1.0,1.0,0.0,1.0,0.0,1.0,0.0,31.1
0.05,5.0,0.9,1.8,0.5,0.0,1.0,31.150000000000002,0.7274905377323206,0.22959110298146845,72.70587832032157,0.013848455132548163,0.03663613655287261,3133.7828896184064,0.0,1.0,1.0,1.0,0.0,1.0,0.0,1.0,0.0,30.650000000000002
0.05,5.0,0.9,1.8,0.7,0.0,1.0,31.05,0.7242229429380542,0.2300983816790178,72.66894936693284,0.013834559200254637,0.043713572023313906,3920.619525117624,0.0,1.0,1.0,1.0,0.0,1.0,0.0,1.0,0.0,30.3
0.05,5.0,1.2,1.2,0.3,0.0,1.0,28.150000000000002,0.7283556877121884,0.25074076814016555,73.62838242068165,0.015527730619065414,0.031917846239245075,2550.247683945433,0.0,1.0,1.0,1.0,0.0,1.0,0.0,1.0,0.0,29.700000000000003
0.05,5.0,1.2,1.2,0.5,0.0,1.0,27.75,0.7276870229378984,0.248416041780315,72.77988618119359,0.014142017110277091,0.039827921176797114,2994.1485450942528,0.0,1.0,1.0,1.0,0.0,1.0,0.0,1.0,0.0,28.700000000000003
0.05,5.0,1.2,1.2,0.7,0.0,1.0,27.650000000000002,0.7219914125711269,0.2487508353490493,72.78066416818753,0.014140778175837794,0.04718290313627533,3607.606412056175,0.0,1.0,1.0,1.0,0.0,1.0,0.0,1.0,0.0,28.55
0.05,5.0,1.2,1.5,0.3,0.0,1.0,29.35,0.7283616331056202,0.23588641862804755,74.09838560050177,0.01605720550948983,0.0315015265056897,2425.30511893377,0.0,1.0,1.0,1.0,0.0,1.0,0.0,1.0,0.0,29.700000000000003
0.05,5.0,1.2,1.5,0.5,0.0,1.0,28.85,0.728352796682677,0.24328335873192788,73.50610188363609,0.01387467001488822,0.039827921176797114,3027.675269229068,0.0,1.0,1.0,1.0,0.0,1.0,0.0,1.0,0.0,29.200000000000003
0.05,5.0,1.2,1.5,0.7,0.0,1.0,28.85,0.7235902770717277,0.2515903482618605,74.4402960425372,0.016040558080908675,0.04635026366916459,3748.786914769627,0.0,1.0,1.0,1.0,0.0,1.0,0.0,1.0,0.0,29.0
0.05,5.0,1.2,1.8,0.3,0.0,1.0,30.700000000000003,0.7288783572264694,0.24552588964806088,74.28190698987916,0.016442844718064877,0.033999444907021927,2350.826550011975,0.0,1.0,1.0,1.0,0.0,1.0,0.0,1.0,0.0,30.450000000000003
0.05,5.0,1.2,1.8,0.5,0.0,1.0,30.3,0.7273995387325181,0.24952591949219668,73.6341989072665,0.014293563980130973,0.040105467665834026,2983.0172399472585,0.0,1.0,1.0,1.0,0.0,1.0,0.0,1.0,0.0,30.0
0.05,5.0,1.2,1.8,0.7,0.0,1.0,30.3,0.7237996835318043,0.2521789153687413,73.78741487891998,0.01429820979735147,0.04704412989175687,3808.2987518933123,0.0,1.0,1.0,1.0,0.0,1.0,0.0,1.0,0.0,30.150000000000002
0.05,8.0,0.6,1.2,0.3,0.0,1.0,31.55,0.7285274954873759,0.19689612209133317,72.52485826607135,0.012699837744324038,0.03025256730502359,2539.107229364769,0.0,1.0,1.0,1.0,0.0,1.0,0.0,1.0,0.0,31.6
0.05,8.0,0.6,1.2,0.5,0.0,1.0,30.900000000000002,0.7276370823699818,0.2058766110793055,72.68920333725318,0.01270641080643708,0.03635859006383569,3185.9196340305207,0.0,1.0,1.0,1.0,0.0,1.0,0.0,1.0,0.0,30.950000000000003
0.05,8.0,0.6,1.2,0.7,0.0,1.0,30.55,0.7228028285495907,0.19991632429787365,72.48739142529223,0.012699615955787136,0.043158479045240075,3940.911801352746,0.0,1.0,1.0,1.0,0.0,1.0,0.0,1.0,0.0,30.650000000000002
0.05,8.0,0.6,1.5,0.3,0.0,1.0,32.65,0.7285665971784974,0.19868708821499861,72.67127031871158,0.012854321341342656,0.030391340549542047,2546.0115564968096,0.0,1.0,1.0,1.0,0.0,1.0,0.0,1.0,0.0,32.15
0.05,8.0,0.6,1.5,0.5,0.0,1.0,31.900000000000002,0.7272512662909676,0.19831376784911722,72.68211504356428,0.012854972345299186,0.037052456286427976,3224.4635482141657,0.0,1.0,1.0,1.0,0.0,1.0,0.0,1.0,0.0,31.35
0.05,8.0,0.6,1.5,0.7,0.0,1.0,31.55,0.7235585620535219,0.19741849073304438,72.67485681375165,0.012854460062672365,0.04357479877879545,3991.4109725583016,0.0,1.0,1.0,1.0,0.0,1.0,0.0,1.0,0.0,31.05
0.05,8.0,0.6,1.8,0.3,0.0,1.0,33.95,0.7286486203599527,0.2254144230492021,72.67471297187427,0.012946968642348426,0.030946433527615877,2560.1089576289496,0.0,1.0,1.0,1.0,0.0,1.0,0.0,1.0,0.0,32.800000000000004
0.05,8.0,0.6,1.8,0.5,0.0,1.0,33.1,0.7271529831237606,0.20159264642457198,72.6226810652619,0.012944536270547924,0.036774909797391064,3259.3205640225724,0.0,1.0,1.0,1.0,0.0,1.0,0.0,1.0,0.0,31.950000000000003
0.05,8.0,0.6,1.8,0.7,0.0,1.0,32.75,0.7238200196602367,0.20241313432287353,72.53386221925703,0.012941502562081831,0.044268665001387736,4053.1152386380795,0.0,1.0,1.0,1.0,0.0,1.0,0.0,1.0,0.0,31.55
0.05,8.0,0.9,1.2,0.3,0.0,1.0,29.650000000000002,0.7286871734162734,0.21618907257329392,72.65366429535348,0.013431215062763444,0.030807660283097418,2655.1066267778388,0.0,1.0,1.0,1.0,0.0,1.0,0.0,1.0,0.0,29.950000000000003
0.05,8.0,0.9,1.2,0.5,0.0,1.0,29.1,0.7279076411161796,0.2189042571157499,72.48743994765242,0.013358418824843116,0.03816264224257563,3204.8933676326706,0.0,1.0,1.0,1.0,0.0,1.0,0.0,1.0,0.0,29.650000000000002
0.05,8.0,0.9,1.2,0.7,0.0,1.0,28.85,0.7229115780257229,0.21755359764443166,72.65646064595548,0.013433654020150761,0.04482375797946156,3871.1756401308658,0.0,1.0,1.0,1.0,0.0,1.0,0.0,1.0,0.0,29.400000000000002
0.05,8.0,0.9,1.5,0.3,0.0,1.0,30.700000000000003,0.7287053341817924,0.22107420888920476,72.53424113188206,0.013519560677575393,0.03025256730502359,2559.799921141621,0.0,1.0,1.0,1.0,0.0,1.0,0.0,1.0,0.0,30.650000000000002
0.05,8.0,0.9,1.5,0.5,0.0,1.0,30.25,0.7277797237942527,0.2188750867806296,72.5231718659662,0.013518780469156161,0.03649736330835415,3165.357807155976,0.0,1.0,1.0,1.0,0.0,1.0,0.0,1.0,0.0,30.1
0.05,8.0,0.9,1.5,0.7,0.0,1.0,30.05,0.7231355863235105,0.2242468005379466,72.52340478489651,0.01351996934428504,0.04357479877879545,3868.842824834369,0.0,1.0,1.0,1.0,0.0,1.0,0.0,1.0,0.0,29.55
0.05,8.0,0.9,1.8,0.3,0.0,1.0,32.15,0.7286789913261498,0.21588281052642724,72.67478760559968,0.013828408456125998,0.030391340549542047,2474.78031217614,0.0,1.0,1.0,1.0,0.0,1.0,0.0,1.0,0.0,31.450000000000003
0.05,8.0,0.9,1.8,0.5,0.0,1.0,31.450000000000003,0.7275881201239229,0.2161983918947469,72.66806042945683,0.013835358132768726,0.036774909797391064,3123.8563536792262,0.0,1.0,1.0,1.0,0.0,1.0,0.0,1.0,0.0,30.75
0.05,8.0,0.9,1.8,0.7,0.0,1.0,30.900000000000002,0.7063960184381848,0.22379863865488547,72.67300577398983,0.013828427917582176,0.04357479877879545,3862.5532152456726,0.0,1.0,1.0,1.0,0.0,1.0,0.0,1.0,0.0,30.1
0.05,8.0,1.2,1.2,0.3,0.0,1.0,28.450000000000003,0.7282489659841798,0.237308546268359,72.99330808547411,0.013233703895603313,0.03205661948376353,2537.2921949094452,0.0,1.0,1.0,1.0,0.0,1.0,0.0,1.0,0.0,29.25
0.05,8.0,1.2,1.2,0.5,0.0,1.0,28.05,0.7278364041326395,0.24361511101578875,72.89883152520996,0.01320282800284199,0.03996669442131557,3059.2151945461796,0.0,1.0,1.0,1.0,0.0,1.0,0.0,1.0,0.0,28.85
0.05,8.0,1.2,1.2,0.7,0.0,1.0,28.0,0.7241948841678323,0.25226162996450385,73.37914682744272,0.013209281898092574,0.04718290313627533,3688.313741024965,0.0,1.0,1.0,1.0,0.0,1.0,0.0,1.0,0.0,29.0
0.05,8.0,1.2,1.5,0.3,0.0,1.0,29.700000000000003,0.7283563369413513,0.24045108167252205,73.00346367434508,0.01386472492034795,0.0324729392173189,2408.0944446464073,0.0,1.0,1.0,1.0,0.0,1.0,0.0,1.0,0.0,29.950000000000003
0.05,8.0,1.2,1.5,0.5,0.0,1.0,29.1,0.7272093620759075,0.2332974205392961,74.16936068875454,0.016054734495974814,0.03996669442131557,2988.1457477151826,0.0,1.0,1.0,1.0,0.0,1.0,0.0,1.0,0.0,29.200000000000003
0.05,8.0,1.2,1.5,0.7,0.0,1.0,29.05,0.7229540440364082,0.26144448911591506,74.21561169299156,0.013835563593363763,0.04648903691368304,3711.0731250719896,0.0,1.0,1.0,1.0,0.0,1.0,0.0,1.0,0.0,29.200000000000003
0.05,8.0,1.2,1.8,0.3,0.0,1.0,30.900000000000002,0.7286003948455215,0.2427721333491254,73.76230269546201,0.01643853532563931,0.03413821815154038,2372.2510647098707,0.0,1.0,1.0,1.0,0.0,1.0,0.0,1.0,0.0,30.55
0.05,8.0,1.2,1.8,0.5,0.0,1.0,30.5,0.7275081586822008,0.26681839779911465,74.26988378759013,0.016443794761901213,0.04079933388842631,3025.2588321583257,0.0,1.0,1.0,1.0,0.0,1.0,0.0,1.0,0.0,30.200000000000003
0.05,8.0,1.2,1.8,0.7,0.0,1.0,30.450000000000003,0.72361047618556,0.3012053114267149,73.73158875495011,0.016437542823015877,0.04773799611434915,3824.1325241263316,0.0,1.0,1.0,1.0,0.0,1.0,0.0,1.0,0.0,29.950000000000003
0.1,3.0,0.6,1.2,0.3,0.0,1.0,26.900000000000002,0.7284435611422866,0.20425036158599286,72.61610969232082,0.0127023177624487,0.026089369969469887,2699.1399148188443,0.0,1.0,1.0,1.0,0.0,1.0,0.0,1.0,0.0,27.6
0.1,3.0,0.6,1.2,0.5,0.0,1.0,26.450000000000003,0.7273157335274012,0.19778883026614816,72.6710708185351,0.012705132016217547,0.0324729392173189,3144.2662778699773,0.0,1.0,1.0,1.0,0.0,1.0,0.0,1.0,0.0,27.150000000000002
0.1,3.0,0.6,1.2,0.7,0.0,1.0,26.400000000000002,0.721784973007267,0.20233807475675195,72.66047658223114,0.012704473789078583,0.04135442686650014,3720.5659460515412,0.0,1.0,1.0,1.0,0.0,1.0,0.0,1.0,0.0,27.200000000000003
0.1,3.0,0.6,1.5,0.3,0.0,1.0,27.950000000000003,0.7286706778898264,0.256610873862441,72.68194988773712,0.012854829493205646,0.02678323619206217,2601.582293201046,0.0,1.0,1.0,1.0,0.0,1.0,0.0,1.0,0.0,28.25
0.1,3.0,0.6,1.5,0.5,0.0,1.0,27.6,0.7274145967531582,0.21566367475331155,72.54327013827402,0.012849082287240838,0.033721898417985015,3177.5055501389625,0.0,1.0,1.0,1.0,0.0,1.0,0.0,1.0,0.0,27.8
0.1,3.0,0.6,1.5,0.7,0.0,1.0,27.450000000000003,0.7228203506921964,0.2618536091378654,72.67864461051988,0.01285457823954843,0.04177074660005551,3814.5546659146185,0.0,1.0,1.0,1.0,0.0,1.0,0.0,1.0,0.0,27.6
0.1,3.0,0.6,1.8,0.3,0.0,1.0,29.25,0.7287344158196125,0.22317842441696595,72.48909450368843,0.012941198805516746,0.02817096863724674,2606.189267484042,0.0,1.0,1.0,1.0,0.0,1.0,0.0,1.0,0.0,29.1
0.1,3.0,0.6,1.8,0.5,0.0,1.0,28.85,0.7275204888788831,0.22292174426007888,72.48332570325846,0.01294116708151652,0.035525950596724955,3158.345203485073,0.0,1.0,1.0,1.0,0.0,1.0,0.0,1.0,0.0,28.700000000000003
0.1,3.0,0.6,1.8,0.7,0.0,1.0,28.650000000000002,0.7238254863573046,0.21508646300928072,72.50268511411574,0.012941295206010832,0.042464612822647796,3835.2514913540276,0.0,1.0,1.0,1.0,0.0,1.0,0.0,1.0,0.0,28.35
0.1,3.0,0.9,1.2,0.3,0.0,1.0,25.55,0.728191821547113,0.22614338007892626,72.65410058623921,0.013431940832681016,0.026089369969469887,2777.9171553131596,0.0,1.0,1.0,1.0,0.0,1.0,0.0,1.0,0.0,26.700000000000003
0.1,3.0,0.9,1.2,0.5,0.0,1.0,25.200000000000003,0.7275322342656045,0.2170937661163455,72.62025420931961,0.01339803792460719,0.03233416597280044,3184.735178942676,0.0,1.0,1.0,1.0,0.0,1.0,0.0,1.0,0.0,26.35
0.1,3.0,0.9,1.2,0.7,0.0,1.0,25.150000000000002,0.7218779046852759,0.21658351365856773,72.60996310818612,0.013385666953037341,0.040383014154870944,3745.962820593351,0.0,1.0,1.0,1.0,0.0,1.0,0.0,1.0,0.0,26.400000000000002
0.1,3.0,0.9,1.5,0.3,0.0,1.0,26.5,0.7284987360969895,0.2261287286249807,72.66919053335954,0.013804049886199064,0.024840410768803774,2689.7968030733373,0.0,1.0,1.0,1.0,0.0,1.0,0.0,1.0,0.0,27.1
0.1,3.0,0.9,1.5,0.5,0.0,1.0,26.25,0.7276663506238343,0.2239353020747568,72.52613296009181,0.013516310527592864,0.03177907299472662,3166.1458305817423,0.0,1.0,1.0,1.0,0.0,1.0,0.0,1.0,0.0,26.900000000000002
0.1,3.0,0.9,1.5,0.7,0.0,1.0,26.3,0.7232269168364691,0.22231166263455368,72.66921794383137,0.013804410594795613,0.039827921176797114,3766.476877120145,0.0,1.0,1.0,1.0,0.0,1.0,0.0,1.0,0.0,27.150000000000002
0.1,3.0,0.9,1.8,0.3,0.0,1.0,27.85,0.7286359747880888,0.24029057035066545,72.67070896020633,0.01383111806563001,0.025811823480432972,2599.463133784263,0.0,1.0,1.0,1.0,0.0,1.0,0.0,1.0,0.0,28.0
0.1,3.0,0.9,1.8,0.5,0.0,1.0,27.6,0.7275975849698877,0.22793403850964264,72.67066498844784,0.013831211034885597,0.03386067166250347,3121.899606188691,0.0,1.0,1.0,1.0,0.0,1.0,0.0,1.0,0.0,27.650000000000002
0.1,3.0,0.9,1.8,0.7,0.0,1.0,27.6,0.7244749825035368,0.22914903151428606,72.66927621431292,0.013833731402644682,0.04079933388842631,3760.2817993598173,0.0,1.0,1.0,1.0,0.0,1.0,0.0,1.0,0.0,27.5
0.1,3.0,1.2,1.2,0.3,0.0,1.0,24.700000000000003,0.7279792464360357,0.26880666816302,72.39452720057065,0.014286324874141278,0.02844851512628365,2632.400998850693,0.0,1.0,1.0,1.0,0.0,1.0,0.0,1.0,0.0,26.25
0.1,3.0,1.2,1.2,0.5,0.0,1.0,24.400000000000002,0.7268395774712768,0.2370192248351673,72.77976232604222,0.014142214344084246,0.033721898417985015,2928.0643551787525,0.0,1.0,1.0,1.0,0.0,1.0,0.0,1.0,0.0,25.75
0.1,3.0,1.2,1.2,0.7,0.0,1.0,24.25,0.7214613663983294,0.23162525922903798,72.39471874814085,0.014285972648532692,0.041076880377463224,3385.829134512107,0.0,1.0,1.0,1.0,0.0,1.0,0.0,1.0,0.0,25.6
0.1,3.0,1.2,1.5,0.3,0.0,1.0,25.650000000000002,0.7288908731280175,0.2598114154081221,72.31683654975573,0.013874408825770802,0.02678323619206217,2597.5061108715663,0.0,1.0,1.0,1.0,0.0,1.0,0.0,1.0,0.0,26.85
0.1,3.0,1.2,1.5,0.5,0.0,1.0,25.400000000000002,0.7278408520028783,0.2457011697976713,74.2938065354654,0.01604894844758949,0.03413821815154038,2985.208178722085,0.0,1.0,1.0,1.0,0.0,1.0,0.0,1.0,0.0,26.25
0.1,3.0,1.2,1.5,0.7,0.0,1.0,25.400000000000002,0.7224695320894308,0.25153876877707937,72.39457773515018,0.013873759290943604,0.041631973355537054,3526.8614993127158,0.0,1.0,1.0,1.0,0.0,1.0,0.0,1.0,0.0,26.200000000000003
0.1,3.0,1.2,1.8,0.3,0.0,1.0,26.85,0.7291816402954783,0.26002579727145797,74.1066799543715,0.014302549809858052,0.029142381348875937,2542.547369367508,0.0,1.0,1.0,1.0,0.0,1.0,0.0,1.0,0.0,27.650000000000002
0.1,3.0,1.2,1.8,0.5,0.0,1.0,26.650000000000002,0.727849302033776,0.25943229809882323,73.60416736116383,0.014292441673506925,0.03594227033028032,2966.4609206667064,0.0,1.0,1.0,1.0,0.0,1.0,0.0,1.0,0.0,26.950000000000003
0.1,3.0,1.2,1.8,0.7,0.0,1.0,26.650000000000002,0.7240417842382361,0.3057010012067602,73.40325157376796,0.014286293387952329,0.04385234526783236,3663.9928737349,0.0,1.0,1.0,1.0,0.0,1.0,0.0,1.0,0.0,26.650000000000002
0.1,5.0,0.6,1.2,0.3,0.0,1.0,28.25,0.7282945959496356,0.2033115332083818,72.67310450608275,0.012705217704807014,0.027477102414654453,2671.2393174266695,0.0,1.0,1.0,1.0,0.0,1.0,0.0,1.0,0.0,29.05
0.1,5.0,0.6,1.2,0.5,0.0,1.0,27.6,0.7277191636118701,0.20359790411766782,72.69033145495632,0.012706414228240613,0.034970857618651124,3176.90382937025,0.0,1.0,1.0,1.0,0.0,1.0,0.0,1.0,0.0,28.35
0.1,5.0,0.6,1.2,0.7,0.0,1.0,27.5,0.7223403104623001,0.19901326217945647,72.68778479573969,0.012706231375672799,0.04204829308909242,3815.448754830488,0.0,1.0,1.0,1.0,0.0,1.0,0.0,1.0,0.0,28.200000000000003
0.1,5.0,0.6,1.5,0.3,0.0,1.0,29.200000000000003,0.7289693327520184,0.2043156477255874,72.5579272176956,0.012849346335219876,0.02817096863724674,2644.7146037637713,0.0,1.0,1.0,1.0,0.0,1.0,0.0,1.0,0.0,29.450000000000003
0.1,5.0,0.6,1.5,0.5,0.0,1.0,28.650000000000002,0.7276165871169893,0.21510875610042873,72.57678683435601,0.012849901464050266,0.03566472384124341,3185.5178936785396,0.0,1.0,1.0,1.0,0.0,1.0,0.0,1.0,0.0,28.900000000000002
0.1,5.0,0.6,1.5,0.7,0.0,1.0,28.55,0.7236463536212707,0.20858732706871827,72.6416297374117,0.012852389957729875,0.04288093255620316,3844.882732595804,0.0,1.0,1.0,1.0,0.0,1.0,0.0,1.0,0.0,28.700000000000003
0.1,5.0,0.6,1.8,0.3,0.0,1.0,30.650000000000002,0.7286214780595561,0.20699250453884288,72.6445428099149,0.012945340965551944,0.029697474326949764,2580.649527408329,0.0,1.0,1.0,1.0,0.0,1.0,0.0,1.0,0.0,29.900000000000002
0.1,5.0,0.6,1.8,0.5,0.0,1.0,29.900000000000002,0.7273098375125413,0.20659096647043165,72.67205956906889,0.012946969057712298,0.036219816819317234,3145.6321984530223,0.0,1.0,1.0,1.0,0.0,1.0,0.0,1.0,0.0,29.200000000000003
0.1,5.0,0.6,1.8,0.7,0.0,1.0,29.85,0.7236563375389913,0.2123252951422889,72.66771314723317,0.012946722017619379,0.04288093255620316,3818.1456756968837,0.0,1.0,1.0,1.0,0.0,1.0,0.0,1.0,0.0,29.1
0.1,5.0,0.9,1.2,0.3,0.0,1.0,26.6,0.7283969708951596,0.2177983943458081,72.65510194229445,0.013432671184229356,0.027615875659172912,2757.952128623448,0.0,1.0,1.0,1.0,0.0,1.0,0.0,1.0,0.0,27.75
0.1,5.0,0.9,1.2,0.5,0.0,1.0,26.25,0.7275924517717749,0.21121840745999756,72.58032786608128,0.013370871908393813,0.03483208437413267,3187.1847260476156,0.0,1.0,1.0,1.0,0.0,1.0,0.0,1.0,0.0,27.400000000000002
0.1,5.0,0.9,1.2,0.7,0.0,1.0,26.150000000000002,0.7221716271820873,0.21989838580092697,72.56177531502054,0.013365818504361285,0.04301970580072162,3789.0913382665713,0.0,1.0,1.0,1.0,0.0,1.0,0.0,1.0,0.0,27.200000000000003
0.1,5.0,0.9,1.5,0.3,0.0,1.0,27.75,0.7285767875184541,0.22341344156739837,72.51412454629221,0.013516859230223638,0.02678323619206217,2656.9421526531296,0.0,1.0,1.0,1.0,0.0,1.0,0.0,1.0,0.0,28.35
0.1,5.0,0.9,1.5,0.5,0.0,1.0,27.25,0.728036481517562,0.2263338561876591,72.51396344415366,0.013516535190798084,0.033721898417985015,3187.7646063507955,0.0,1.0,1.0,1.0,0.0,1.0,0.0,1.0,0.0,27.900000000000002
0.1,5.0,0.9,1.5,0.7,0.0,1.0,27.25,0.7238343512764207,0.22099687061855733,72.66963828253209,0.013803334029193717,0.04135442686650014,3782.3122465838346,0.0,1.0,1.0,1.0,0.0,1.0,0.0,1.0,0.0,27.8
0.1,5.0,0.9,1.8,0.3,0.0,1.0,28.900000000000002,0.7285909471552181,0.2224856758072074,72.67104907539863,0.013830626982319447,0.027338329170135997,2573.334640363365,0.0,1.0,1.0,1.0,0.0,1.0,0.0,1.0,0.0,28.700000000000003
0.1,5.0,0.9,1.8,0.5,0.0,1.0,28.6,0.7278634114117286,0.22820797872458512,72.6692575962025,0.013833893960477744,0.03483208437413267,3143.7926719065117,0.0,1.0,1.0,1.0,0.0,1.0,0.0,1.0,0.0,28.75
0.1,5.0,0.9,1.8,0.7,0.0,1.0,28.6,0.7235751413670652,0.28018748409808436,72.67012822142202,0.01383230533197457,0.04218706633361088,3872.5060481790765,0.0,1.0,1.0,1.0,0.0,1.0,0.0,1.0,0.0,28.8
0.1,5.0,1.2,1.2,0.3,0.0,1.0,25.650000000000002,0.7279958187433742,0.23063882465242933,72.77980452646183,0.01414214714691226,0.028726061615320566,2540.8543947227777,0.0,1.0,1.0,1.0,0.0,1.0,0.0,1.0,0.0,26.950000000000003
0.1,5.0,1.2,1.2,0.5,0.0,1.0,25.35,0.7271764865990205,0.25481875026878065,73.43862020870144,0.013211342558057363,0.03538717735220649,3062.0597979196714,0.0,1.0,1.0,1.0,0.0,1.0,0.0,1.0,0.0,26.75
0.1,5.0,1.2,1.2,0.7,0.0,1.0,25.25,0.7220798730494444,0.23377367737677682,72.3945710472085,0.014286064859819233,0.04329725228975854,3485.9454085638063,0.0,1.0,1.0,1.0,0.0,1.0,0.0,1.0,0.0,26.3
0.1,5.0,1.2,1.5,0.3,0.0,1.0,26.6,0.7287367840672447,0.23870310267675238,74.44635116774958,0.01604053718687853,0.02941992783791285,2526.7610777363548,0.0,1.0,1.0,1.0,0.0,1.0,0.0,1.0,0.0,27.150000000000002
0.1,5.0,1.2,1.5,0.5,0.0,1.0,26.35,0.7274198642230363,0.2474818626787886,74.37587566665906,0.016042031520714775,0.035803497085761866,3007.380827435598,0.0,1.0,1.0,1.0,0.0,1.0,0.0,1.0,0.0,26.8
0.1,5.0,1.2,1.5,0.7,0.0,1.0,26.35,0.7243069651369336,0.24587458240376614,74.42135041890413,0.016040786969200593,0.04440743824590619,3602.863766187413,0.0,1.0,1.0,1.0,0.0,1.0,0.0,1.0,0.0,26.950000000000003
0.1,5.0,1.2,1.8,0.3,0.0,1.0,27.950000000000003,0.7285598353006659,0.256328245418341,74.24640360902005,0.016440789208000208,0.030113794060505135,2473.7116551266163,0.0,1.0,1.0,1.0,0.0,1.0,0.0,1.0,0.0,27.900000000000002
0.1,5.0,1.2,1.8,0.5,0.0,1.0,27.650000000000002,0.727493678739896,0.2576863675003753,74.2473789717101,0.016445002426778117,0.038301415487094086,3007.8301077458705,0.0,1.0,1.0,1.0,0.0,1.0,0.0,1.0,0.0,27.6
0.1,5.0,1.2,1.8,0.7,0.0,1.0,27.650000000000002,0.7238736536813974,0.2515409367749498,73.80378395585905,0.01643893475319523,0.04593394393560921,3659.011751983255,0.0,1.0,1.0,1.0,0.0,1.0,0.0,1.0,0.0,28.0
0.1,8.0,0.6,1.2,0.3,0.0,1.0,28.3,0.7282086360850728,0.1964025603328014,72.66927152012221,0.012705052465420927,0.027338329170135997,2635.4291374697827,0.0,1.0,1.0,1.0,0.0,1.0,0.0,1.0,0.0,28.950000000000003
0.1,8.0,0.6,1.2,0.5,0.0,1.0,27.8,0.7272767757538514,0.19714644023344255,72.4828751198998,0.012699725341893177,0.03510963086316958,3205.7457260934793,0.0,1.0,1.0,1.0,0.0,1.0,0.0,1.0,0.0,28.450000000000003
0.1,8.0,0.6,1.2,0.7,0.0,1.0,27.6,0.7222784576877539,0.2049716283034902,72.55234405203636,0.012700479419608668,0.04232583957812934,3835.110114544234,0.0,1.0,1.0,1.0,0.0,1.0,0.0,1.0,0.0,28.200000000000003
0.1,8.0,0.6,1.5,0.3,0.0,1.0,29.400000000000002,0.7285064699684598,0.20544674602184795,72.6734819591492,0.012854206374436657,0.028032195392728283,2650.1849184205953,0.0,1.0,1.0,1.0,0.0,1.0,0.0,1.0,0.0,29.5
0.1,8.0,0.6,1.5,0.5,0.0,1.0,28.8,0.7273605819648947,0.21206624150538797,72.62961034392254,0.012851806209112774,0.03566472384124341,3230.629580700803,0.0,1.0,1.0,1.0,0.0,1.0,0.0,1.0,0.0,28.900000000000002
0.1,8.0,0.6,1.5,0.7,0.0,1.0,28.700000000000003,0.7231023361286291,0.19940132421649417,72.52370565988228,0.012848818253080626,0.04260338606716625,3906.3030020352553,0.0,1.0,1.0,1.0,0.0,1.0,0.0,1.0,0.0,28.8
0.1,8.0,0.6,1.8,0.3,0.0,1.0,30.75,0.7285710588541952,0.2036672067989491,72.65578034098067,0.012945926290205093,0.029697474326949764,2592.2113212194263,0.0,1.0,1.0,1.0,0.0,1.0,0.0,1.0,0.0,29.75
0.1,8.0,0.6,1.8,0.5,0.0,1.0,30.1,0.7275102921371606,0.21397001153620282,72.53376867388616,0.012941681639717498,0.03635859006383569,3211.453403226856,0.0,1.0,1.0,1.0,0.0,1.0,0.0,1.0,0.0,29.150000000000002
0.1,8.0,0.6,1.8,0.7,0.0,1.0,29.900000000000002,0.7239136178555665,0.19655526456963102,72.55000132167143,0.012942027903837703,0.04329725228975854,3935.142637408504,0.0,1.0,1.0,1.0,0.0,1.0,0.0,1.0,0.0,29.5
0.1,8.0,0.9,1.2,0.3,0.0,1.0,26.650000000000002,0.728424394561823,0.2174608769617106,72.66859054095727,0.013443026014355416,0.028309741881765195,2778.6624397068063,0.0,1.0,1.0,1.0,0.0,1.0,0.0,1.0,0.0,27.650000000000002
0.1,8.0,0.9,1.2,0.5,0.0,1.0,26.35,0.7274936895172821,0.2085355938131246,72.59078688383953,0.013374903844540613,0.035525950596724955,3219.576751177953,0.0,1.0,1.0,1.0,0.0,1.0,0.0,1.0,0.0,27.400000000000002
0.1,8.0,0.9,1.2,0.7,0.0,1.0,26.25,0.7217669458819695,0.20918410968732082,72.60265889132293,0.013380718114483303,0.04301970580072162,3759.270283610212,0.0,1.0,1.0,1.0,0.0,1.0,0.0,1.0,0.0,27.200000000000003
0.1,8.0,0.9,1.5,0.3,0.0,1.0,27.8,0.7283096394609105,0.21447946780118082,72.66965559922892,0.013803646933349012,0.027338329170135997,2672.954269603068,0.0,1.0,1.0,1.0,0.0,1.0,0.0,1.0,0.0,28.35
0.1,8.0,0.9,1.5,0.5,0.0,1.0,27.400000000000002,0.7281485224481166,0.21118243178036925,72.52668190431164,0.013517373019263363,0.034415764640577294,3168.8874194431937,0.0,1.0,1.0,1.0,0.0,1.0,0.0,1.0,0.0,27.85
0.1,8.0,0.9,1.5,0.7,0.0,1.0,27.35,0.7227784634335557,0.2783513403986581,72.66898706563452,0.013796412715253309,0.0414932001110186,3746.5987140077123,0.0,1.0,1.0,1.0,0.0,1.0,0.0,1.0,0.0,27.85
0.1,8.0,0.9,1.8,0.3,0.0,1.0,29.0,0.728791443174243,0.2167298773712859,72.66932836503867,0.013833854068207016,0.02844851512628365,2604.320914723442,0.0,1.0,1.0,1.0,0.0,1.0,0.0,1.0,0.0,29.0
0.1,8.0,0.9,1.8,0.5,0.0,1.0,28.6,0.7274217034732777,0.21901873504819477,72.66975761915192,0.013833017214649612,0.03566472384124341,3147.979182442536,0.0,1.0,1.0,1.0,0.0,1.0,0.0,1.0,0.0,28.6
0.1,8.0,0.9,1.8,0.7,0.0,1.0,28.55,0.7241393993936593,0.2308998636601314,72.66936753477859,0.013833648328132725,0.04260338606716625,3819.2335150178715,0.0,1.0,1.0,1.0,0.0,1.0,0.0,1.0,0.0,28.450000000000003
0.1,8.0,1.2,1.2,0.3,0.0,1.0,25.650000000000002,0.728611144604254,0.23456126705638056,72.77995126409586,0.01414191342003343,0.029281154593394393,2575.376285256266,0.0,1.0,1.0,1.0,0.0,1.0,0.0,1.0,0.0,26.75
0.1,8.0,1.2,1.2,0.5,0.0,1.0,25.400000000000002,0.727193920565701,0.2300424331473973,72.77989565221641,0.01414200200230667,0.035803497085761866,3001.706346133165,0.0,1.0,1.0,1.0,0.0,1.0,0.0,1.0,0.0,26.450000000000003
0.1,8.0,1.2,1.2,0.7,0.0,1.0,25.35,0.7220653270566595,0.23341148831571673,72.39477005503528,0.014286035756702826,0.044268665001387736,3528.2126864192523,0.0,1.0,1.0,1.0,0.0,1.0,0.0,1.0,0.0,26.35
0.1,8.0,1.2,1.5,0.3,0.0,1.0,26.6,0.7283488939616711,0.2357953915779373,74.09923491955664,0.013873417483542635,0.029697474326949764,2562.2412680650586,0.0,1.0,1.0,1.0,0.0,1.0,0.0,1.0,0.0,27.200000000000003
0.1,8.0,1.2,1.5,0.5,0.0,1.0,26.35,0.7275171902064776,0.2373155539487228,74.29312387657721,0.01604899858686184,0.035803497085761866,3044.0112324285074,0.0,1.0,1.0,1.0,0.0,1.0,0.0,1.0,0.0,26.950000000000003
0.1,8.0,1.2,1.5,0.7,0.0,1.0,26.400000000000002,0.7244273327975226,0.23591548533396287,74.40427614560278,0.016041043456074034,0.044268665001387736,3627.1547307173078,0.0,1.0,1.0,1.0,0.0,1.0,0.0,1.0,0.0,26.950000000000003
0.1,8.0,1.2,1.8,0.3,0.0,1.0,27.900000000000002,0.7288374015607,0.25040364820891214,74.17213861370983,0.01644028635341629,0.030668887038578962,2504.0046912991397,0.0,1.0,1.0,1.0,0.0,1.0,0.0,1.0,0.0,27.950000000000003
0.1,8.0,1.2,1.8,0.5,0.0,1.0,27.650000000000002,0.7275355848705873,0.2406125049568475,73.86740490557466,0.01643907791696073,0.038301415487094086,3010.0558418771557,0.0,1.0,1.0,1.0,0.0,1.0,0.0,1.0,0.0,27.400000000000002
0.1,8.0,1.2,1.8,0.7,0.0,1.0,27.700000000000003,0.7239043777883378,0.2919832887651202,73.9566823689403,0.01643808207512746,0.045517624202053845,3647.1847691749235,0.0,1.0,1.0,1.0,0.0,1.0,0.0,1.0,0.0,27.85
0.2,3.0,0.6,1.2,0.3,0.0,1.0,24.900000000000002,0.7280547723170938,0.23557690290188407,72.62527006345238,0.012702720320030671,0.023591451568137665,2763.780064358723,0.0,1.0,1.0,1.0,0.0,1.0,0.0,1.0,0.0,26.1
0.2,3.0,0.6,1.2,0.5,0.0,1.0,24.55,0.7271538894353407,0.23698823961241464,72.64936188398866,0.01270388044579007,0.02983624757146822,3171.0162618449067,0.0,1.0,1.0,1.0,0.0,1.0,0.0,1.0,0.0,25.8
0.2,3.0,0.6,1.2,0.7,0.0,1.0,24.5,0.7220914113202086,0.20434080026471646,72.59150222029167,0.01270144328278631,0.038301415487094086,3627.2918238419566,0.0,1.0,1.0,1.0,0.0,1.0,0.0,1.0,0.0,25.55
0.2,3.0,0.6,1.5,0.3,0.0,1.0,25.85,0.7288628242520783,0.26438598696905,72.6638619062809,0.012853640263619745,0.024424091035248403,2702.7788204726976,0.0,1.0,1.0,1.0,0.0,1.0,0.0,1.0,0.0,26.5
0.2,3.0,0.6,1.5,0.5,0.0,1.0,25.5,0.7275676910508639,0.23625837619177623,72.5670917496681,0.0128496222537126,0.030807660283097418,3149.1804640613764,0.0,1.0,1.0,1.0,0.0,1.0,0.0,1.0,0.0,26.200000000000003
0.2,3.0,0.6,1.5,0.7,0.0,1.0,25.5,0.7247682880339841,0.23098259128517587,72.53546954226998,0.012848965265561516,0.03996669442131557,3689.5995388364367,0.0,1.0,1.0,1.0,0.0,1.0,0.0,1.0,0.0,26.200000000000003
0.2,3.0,0.6,1.8,0.3,0.0,1.0,27.0,0.728269391138016,0.24013419660188698,72.66021967585641,0.012946269143647347,0.025950596724951428,2676.185576528517,0.0,1.0,1.0,1.0,0.0,1.0,0.0,1.0,0.0,27.25
0.2,3.0,0.6,1.8,0.5,0.0,1.0,26.700000000000003,0.727731266620639,0.2607649958883703,72.62351876161473,0.01294436315779611,0.033721898417985015,3170.978685467047,0.0,1.0,1.0,1.0,0.0,1.0,0.0,1.0,0.0,26.900000000000002
0.2,3.0,0.6,1.8,0.7,0.0,1.0,26.700000000000003,0.7244084274927196,0.22801370219099773,72.67593351990266,0.012947250078549138,0.041076880377463224,3777.453142027118,0.0,1.0,1.0,1.0,0.0,1.0,0.0,1.0,0.0,26.900000000000002
0.2,3.0,0.9,1.2,0.3,0.0,1.0,23.8,0.7283309671052514,0.22492231175273478,72.58268857698567,0.01337161058694171,0.026089369969469887,2852.5234697851733,0.0,1.0,1.0,1.0,0.0,1.0,0.0,1.0,0.0,25.1
0.2,3.0,0.9,1.2,0.5,0.0,1.0,23.450000000000003,0.7276469565320325,0.2996586814419723,72.62007770127792,0.013395835679382026,0.029697474326949764,3138.5797880255527,0.0,1.0,1.0,1.0,0.0,1.0,0.0,1.0,0.0,24.75
0.2,3.0,0.9,1.2,0.7,0.0,1.0,23.400000000000002,0.7227933224980407,0.2609864821697963,72.63579602698319,0.013416150601196214,0.036774909797391064,3561.5241665129424,0.0,1.0,1.0,1.0,0.0,1.0,0.0,1.0,0.0,24.8
0.2,3.0,0.9,1.5,0.3,0.0,1.0,24.5,0.728283606534774,0.27891551730099823,72.6681812524924,0.013803363491189944,0.02192617263391618,2735.790398073399,0.0,1.0,1.0,1.0,0.0,1.0,0.0,1.0,0.0,25.400000000000002
0.2,3.0,0.9,1.5,0.5,0.0,1.0,24.3,0.727215640674814,0.22978699425653287,72.66893310357062,0.013804781822485407,0.029281154593394393,3187.4852412843047,0.0,1.0,1.0,1.0,0.0,1.0,0.0,1.0,0.0,25.150000000000002
0.2,3.0,0.9,1.5,0.7,0.0,1.0,24.35,0.7226486363722746,0.2922564400369259,72.56766582374777,0.01352231380919896,0.036774909797391064,3677.115140502643,0.0,1.0,1.0,1.0,0.0,1.0,0.0,1.0,0.0,25.400000000000002
0.2,3.0,0.9,1.8,0.3,0.0,1.0,25.55,0.7283405866365811,0.26337803723105174,72.66877859693376,0.01383514391369707,0.023036358590063834,2716.054796124944,0.0,1.0,1.0,1.0,0.0,1.0,0.0,1.0,0.0,26.25
0.2,3.0,0.9,1.8,0.5,0.0,1.0,25.400000000000002,0.7277774904680909,0.28763046599574577,72.67131493755761,0.013830018701011693,0.03025256730502359,3076.8535924849484,0.0,1.0,1.0,1.0,0.0,1.0,0.0,1.0,0.0,25.85
0.2,3.0,0.9,1.8,0.7,0.0,1.0,25.400000000000002,0.7245204905185043,0.2829805192856815,72.66938173399404,0.01383396705215146,0.038578961976131004,3557.338680274384,0.0,1.0,1.0,1.0,0.0,1.0,0.0,1.0,0.0,26.05
0.2,3.0,1.2,1.2,0.3,0.0,1.0,23.05,0.7270708460788298,0.24160169545914614,72.7797872573056,0.014142174643808784,0.02997502081598668,2613.867613829028,0.0,1.0,1.0,1.0,0.0,1.0,0.0,1.0,0.0,24.5
0.2,3.0,1.2,1.2,0.5,0.0,1.0,22.8,0.7266306013816923,0.26493172702572587,74.12837034474471,0.015545509588620977,0.03219539272828199,3024.506307653932,0.0,1.0,1.0,1.0,0.0,1.0,0.0,1.0,0.0,24.75
0.2,3.0,1.2,1.2,0.7,0.0,1.0,22.700000000000003,0.7214048303460243,0.2356955765817666,72.7797852540597,0.01414217784193087,0.03788509575353872,3256.5592016164164,0.0,1.0,1.0,1.0,0.0,1.0,0.0,1.0,0.0,24.3
0.2,3.0,1.2,1.5,0.3,0.0,1.0,23.6,0.7281260270395029,0.25658707706984135,74.44688923681798,0.016041474340761502,0.025534276991396057,2635.5942286027166,0.0,1.0,1.0,1.0,0.0,1.0,0.0,1.0,0.0,24.700000000000003
0.2,3.0,1.2,1.5,0.5,0.0,1.0,23.450000000000003,0.7270878050144394,0.2723636077791628,74.25186280122813,0.01386201388503625,0.031362753261171245,3047.038102957992,0.0,1.0,1.0,1.0,0.0,1.0,0.0,1.0,0.0,24.3
0.2,3.0,1.2,1.5,0.7,0.0,1.0,23.450000000000003,0.7210871814011728,0.3043225827022563,74.20581069795384,0.013835907099307309,0.03913405495420483,3474.9762058194606,0.0,1.0,1.0,1.0,0.0,1.0,0.0,1.0,0.0,24.3
0.2,3.0,1.2,1.8,0.3,0.0,1.0,24.55,0.728249523596016,0.25735858899464675,74.11370667232536,0.014298012372827603,0.025256730502359145,2580.314257573283,0.0,1.0,1.0,1.0,0.0,1.0,0.0,1.0,0.0,25.3
0.2,3.0,1.2,1.8,0.5,0.0,1.0,24.400000000000002,0.7276056046526846,0.2649963562918883,73.21723682099255,0.014285916951872433,0.03302803219539273,2905.702338378736,0.0,1.0,1.0,1.0,0.0,1.0,0.0,1.0,0.0,25.3
0.2,3.0,1.2,1.8,0.7,0.0,1.0,24.400000000000002,0.7241834441191977,0.2736745186976117,73.70103085300796,0.016437885346505594,0.04093810713294477,3500.6818906661892,0.0,1.0,1.0,1.0,0.0,1.0,0.0,1.0,0.0,24.700000000000003
0.2,5.0,0.6,1.2,0.3,0.0,1.0,25.400000000000002,0.7285725239311327,0.22968597105287406,72.65049650350865,0.012703932778534802,0.02414654454621149,2745.5787571578,0.0,1.0,1.0,1.0,0.0,1.0,0.0,1.0,0.0,26.400000000000002
0.2,5.0,0.6,1.2,0.5,0.0,1.0,25.1,0.7275250419811263,0.2362946746244594,72.6903572289022,0.012706373504887847,0.031085206772134333,3171.2206541184196,0.0,1.0,1.0,1.0,0.0,1.0,0.0,1.0,0.0,26.05
0.2,5.0,0.6,1.2,0.7,0.0,1.0,25.0,0.7224649496241013,0.20337735524226258,72.66093772142666,0.012704522211002302,0.03913405495420483,3690.460875733019,0.0,1.0,1.0,1.0,0.0,1.0,0.0,1.0,0.0,25.900000000000002
0.2,5.0,0.6,1.5,0.3,0.0,1.0,26.3,0.7282008814432686,0.22169865020055038,72.49617107849394,0.012848520362943863,0.024840410768803774,2727.295419001848,0.0,1.0,1.0,1.0,0.0,1.0,0.0,1.0,0.0,26.900000000000002
0.2,5.0,0.6,1.5,0.5,0.0,1.0,26.0,0.7274329160369739,0.22031503890244786,72.47881164198007,0.012848438980669749,0.03164029975020816,3189.5476459400284,0.0,1.0,1.0,1.0,0.0,1.0,0.0,1.0,0.0,26.6
0.2,5.0,0.6,1.5,0.7,0.0,1.0,26.0,0.7229790586813134,0.2597070510934368,72.55705423057013,0.012849381633982367,0.04093810713294477,3768.2146244282567,0.0,1.0,1.0,1.0,0.0,1.0,0.0,1.0,0.0,26.450000000000003
0.2,5.0,0.6,1.8,0.3,0.0,1.0,27.5,0.7284316457704556,0.22275941241816544,72.49510684995978,0.012941226731482272,0.026505689703025255,2669.0444762123993,0.0,1.0,1.0,1.0,0.0,1.0,0.0,1.0,0.0,27.6
0.2,5.0,0.6,1.8,0.5,0.0,1.0,27.200000000000003,0.7276775849505348,0.22145062766502197,72.4975906689293,0.012941243657326953,0.03413821815154038,3199.063605005567,0.0,1.0,1.0,1.0,0.0,1.0,0.0,1.0,0.0,27.25
0.2,5.0,0.6,1.8,0.7,0.0,1.0,27.150000000000002,0.7238843025070751,0.22244716596294623,72.48109890289496,0.012941149008526555,0.04135442686650014,3773.353511716702,0.0,1.0,1.0,1.0,0.0,1.0,0.0,1.0,0.0,27.200000000000003
0.2,5.0,0.9,1.2,0.3,0.0,1.0,24.1,0.7275590806588934,0.21513504200264347,72.67062466691029,0.013444671084801569,0.026089369969469887,2861.614343382005,0.0,1.0,1.0,1.0,0.0,1.0,0.0,1.0,0.0,25.3
0.2,5.0,0.9,1.2,0.5,0.0,1.0,23.900000000000002,0.7274951978746131,0.2173068081916593,72.66945442008348,0.013443806320755354,0.030668887038578962,3161.699337148946,0.0,1.0,1.0,1.0,0.0,1.0,0.0,1.0,0.0,25.1
0.2,5.0,0.9,1.2,0.7,0.0,1.0,23.8,0.7224495659487402,0.2290039486189968,72.61418299890938,0.013389223934112465,0.03816264224257563,3601.5395062570133,0.0,1.0,1.0,1.0,0.0,1.0,0.0,1.0,0.0,25.1
0.2,5.0,0.9,1.5,0.3,0.0,1.0,24.900000000000002,0.7285101988767229,0.2709527500905194,72.66988116723792,0.01379998579253884,0.02331390507910075,2740.9104102565825,0.0,1.0,1.0,1.0,0.0,1.0,0.0,1.0,0.0,25.75
0.2,5.0,0.9,1.5,0.5,0.0,1.0,24.75,0.7276861825144036,0.22455988456338166,72.52645274110185,0.013515846785131761,0.030113794060505135,3185.1341877066593,0.0,1.0,1.0,1.0,0.0,1.0,0.0,1.0,0.0,25.55
0.2,5.0,0.9,1.5,0.7,0.0,1.0,24.75,0.7245992147872495,0.22080876138155225,72.66898411087318,0.01380471071685154,0.03746877601998335,3662.654783449829,0.0,1.0,1.0,1.0,0.0,1.0,0.0,1.0,0.0,25.6
0.2,5.0,0.9,1.8,0.3,0.0,1.0,26.05,0.72839368016358,0.24317200948035825,72.67137072017417,0.013829453053961783,0.02470163752428532,2770.5779245293743,0.0,1.0,1.0,1.0,0.0,1.0,0.0,1.0,0.0,26.900000000000002
0.2,5.0,0.9,1.8,0.5,0.0,1.0,25.85,0.7279889287287766,0.22452460348029132,72.66974209689972,0.0138330637421175,0.0315015265056897,3152.259370306386,0.0,1.0,1.0,1.0,0.0,1.0,0.0,1.0,0.0,26.5
0.2,5.0,0.9,1.8,0.7,0.0,1.0,25.900000000000002,0.7242293606100045,0.22891356695437554,72.67063641972854,0.013831336763929017,0.03968914793227866,3694.735949324822,0.0,1.0,1.0,1.0,0.0,1.0,0.0,1.0,0.0,26.5
0.2,5.0,1.2,1.2,0.3,0.0,1.0,23.3,0.72717690821048,0.23406864340547648,72.39476455231468,0.01428595359338155,0.02941992783791285,2631.391244417498,0.0,1.0,1.0,1.0,0.0,1.0,0.0,1.0,0.0,24.650000000000002
0.2,5.0,1.2,1.2,0.5,0.0,1.0,23.200000000000003,0.7265795098687431,0.2496434148316091,73.82818415882669,0.015554907823724725,0.03233416597280044,3020.3993957599796,0.0,1.0,1.0,1.0,0.0,1.0,0.0,1.0,0.0,25.150000000000002
0.2,5.0,1.2,1.2,0.7,0.0,1.0,23.05,0.7210758084764073,0.2283020422838888,72.39466846918017,0.01428597689104221,0.03913405495420483,3333.2011836262536,0.0,1.0,1.0,1.0,0.0,1.0,0.0,1.0,0.0,24.5
0.2,5.0,1.2,1.5,0.3,0.0,1.0,24.05,0.7286112474324906,0.2665070331073232,73.56572594361228,0.01606679072031435,0.025950596724951428,2595.0111211369435,0.0,1.0,1.0,1.0,0.0,1.0,0.0,1.0,0.0,25.0
0.2,5.0,1.2,1.5,0.5,0.0,1.0,23.85,0.7277219849250163,0.23914620318955687,74.08967294497761,0.013873579551168474,0.03164029975020816,2937.484463164711,0.0,1.0,1.0,1.0,0.0,1.0,0.0,1.0,0.0,24.900000000000002
0.2,5.0,1.2,1.5,0.7,0.0,1.0,23.85,0.7223920938019657,0.24102997715930333,74.22072583584988,0.01605346157023782,0.040105467665834026,3464.7703681413586,0.0,1.0,1.0,1.0,0.0,1.0,0.0,1.0,0.0,24.6
0.2,5.0,1.2,1.8,0.3,0.0,1.0,25.05,0.7286285500487495,0.24944303426054862,73.22738588558639,0.014285819404226149,0.02719955592561754,2609.8105885048517,0.0,1.0,1.0,1.0,0.0,1.0,0.0,1.0,0.0,25.35
0.2,5.0,1.2,1.8,0.5,0.0,1.0,24.85,0.7276899446799121,0.24893725928706537,74.241286003479,0.016440632360296293,0.033721898417985015,2968.988352051627,0.0,1.0,1.0,1.0,0.0,1.0,0.0,1.0,0.0,25.400000000000002
0.2,5.0,1.2,1.8,0.7,0.0,1.0,24.900000000000002,0.7228956061153153,0.30121154063065214,73.00999057713352,0.014288503115055523,0.041909519844573966,3565.2321937842325,0.0,1.0,1.0,1.0,0.0,1.0,0.0,1.0,0.0,25.950000000000003
0.2,8.0,0.6,1.2,0.3,0.0,1.0,25.400000000000002,0.7285040239369998,0.19554779316225995,72.64695374872167,0.012703737016398207,0.024424091035248403,2761.809134632021,0.0,1.0,1.0,1.0,0.0,1.0,0.0,1.0,0.0,26.35
0.2,8.0,0.6,1.2,0.5,0.0,1.0,25.150000000000002,0.7276129684248251,0.19572891667404474,72.59313896728969,0.012701488640123501,0.031085206772134333,3167.1688602745753,0.0,1.0,1.0,1.0,0.0,1.0,0.0,1.0,0.0,26.05
0.2,8.0,0.6,1.2,0.7,0.0,1.0,25.0,0.7222052733551745,0.1971885250122718,72.57744568445925,0.01270104724220629,0.0395503746877602,3669.1561996955515,0.0,1.0,1.0,1.0,0.0,1.0,0.0,1.0,0.0,25.900000000000002
0.2,8.0,0.6,1.5,0.3,0.0,1.0,26.400000000000002,0.7287664567187166,0.21238317506537738,72.67031157700714,0.01285404491151714,0.025673050235914516,2745.2296149434724,0.0,1.0,1.0,1.0,0.0,1.0,0.0,1.0,0.0,26.900000000000002
0.2,8.0,0.6,1.5,0.5,0.0,1.0,26.05,0.7279944924581219,0.2186645272050201,72.68130341064091,0.012854758819019062,0.03205661948376353,3183.95383285962,0.0,1.0,1.0,1.0,0.0,1.0,0.0,1.0,0.0,26.55
0.2,8.0,0.6,1.5,0.7,0.0,1.0,26.0,0.7229452879796601,0.21648630553166412,72.50276391018616,0.01284856674424068,0.04079933388842631,3729.9274918025753,0.0,1.0,1.0,1.0,0.0,1.0,0.0,1.0,0.0,26.450000000000003
0.2,8.0,0.6,1.8,0.3,0.0,1.0,27.55,0.7283577507523231,0.21651959924859082,72.53680499850847,0.012941729326014855,0.026228143213988343,2709.4521778388753,0.0,1.0,1.0,1.0,0.0,1.0,0.0,1.0,0.0,27.55
0.2,8.0,0.6,1.8,0.5,0.0,1.0,27.200000000000003,0.7277134070782634,0.21812716107502364,72.51630546561543,0.012941426174038173,0.03483208437413267,3216.8583693030478,0.0,1.0,1.0,1.0,0.0,1.0,0.0,1.0,0.0,27.200000000000003
0.2,8.0,0.6,1.8,0.7,0.0,1.0,27.150000000000002,0.7247039886292697,0.21866883811357515,72.67384026208612,0.012947114863608292,0.041909519844573966,3789.3773665712974,0.0,1.0,1.0,1.0,0.0,1.0,0.0,1.0,0.0,27.150000000000002
0.2,8.0,0.9,1.2,0.3,0.0,1.0,24.1,0.7282016533002926,0.25561618098751515,72.62212290289933,0.013402261190131493,0.025950596724951428,2848.6675627556565,0.0,1.0,1.0,1.0,0.0,1.0,0.0,1.0,0.0,25.35
0.2,8.0,0.9,1.2,0.5,0.0,1.0,23.900000000000002,0.7266915461925623,0.22258261574312632,72.51199088161871,0.0133591303635317,0.03122398001665279,3190.8462514093585,0.0,1.0,1.0,1.0,0.0,1.0,0.0,1.0,0.0,25.1
0.2,8.0,0.9,1.2,0.7,0.0,1.0,23.8,0.7223264204575093,0.2447110525490911,72.61873848295711,0.013394064744910518,0.03871773522064946,3597.42340965124,0.0,1.0,1.0,1.0,0.0,1.0,0.0,1.0,0.0,24.950000000000003
0.2,8.0,0.9,1.5,0.3,0.0,1.0,24.950000000000003,0.7286481367677584,0.21905290242208914,72.66883756241903,0.013804352505138824,0.02331390507910075,2786.3054271170718,0.0,1.0,1.0,1.0,0.0,1.0,0.0,1.0,0.0,25.75
0.2,8.0,0.9,1.5,0.5,0.0,1.0,24.700000000000003,0.7278177311950065,0.2358433907128685,72.54694725498126,0.013517590641286737,0.03025256730502359,3159.978157254088,0.0,1.0,1.0,1.0,0.0,1.0,0.0,1.0,0.0,25.400000000000002
0.2,8.0,0.9,1.5,0.7,0.0,1.0,24.75,0.7228754974271532,0.2779126733292307,72.6689317638477,0.01379723624441199,0.037607549264501806,3689.6849005282124,0.0,1.0,1.0,1.0,0.0,1.0,0.0,1.0,0.0,25.35
0.2,8.0,0.9,1.8,0.3,0.0,1.0,26.0,0.7285078442078505,0.2712498133480305,72.66988430499582,0.013832829824921103,0.02511795725784069,2645.7387070326736,0.0,1.0,1.0,1.0,0.0,1.0,0.0,1.0,0.0,26.25
0.2,8.0,0.9,1.8,0.5,0.0,1.0,25.85,0.7275683840636005,0.24477741917434878,72.67011923451517,0.013832305319964695,0.03122398001665279,3076.1313078340827,0.0,1.0,1.0,1.0,0.0,1.0,0.0,1.0,0.0,26.1
0.2,8.0,0.9,1.8,0.7,0.0,1.0,25.85,0.723588731083791,0.2774492295454253,72.67029550846472,0.013831872465295837,0.03996669442131557,3643.6557125195845,0.0,1.0,1.0,1.0,0.0,1.0,0.0,1.0,0.0,26.0
0.2,8.0,1.2,1.2,0.3,0.0,1.0,23.25,0.7274340613588242,0.23099614838320265,72.39477796043208,0.014285902994662996,0.029281154593394393,2653.857438034944,0.0,1.0,1.0,1.0,0.0,1.0,0.0,1.0,0.0,24.6
0.2,8.0,1.2,1.2,0.5,0.0,1.0,23.150000000000002,0.7267179712704246,0.2312762553239386,72.3947654712111,0.014285933914346183,0.03275048570635582,2913.261988978105,0.0,1.0,1.0,1.0,0.0,1.0,0.0,1.0,0.0,24.5
0.2,8.0,1.2,1.2,0.7,0.0,1.0,23.0,0.7210563567938799,0.23381716923523954,72.39475460288375,0.014285879568630352,0.03899528170968637,3323.430435732715,0.0,1.0,1.0,1.0,0.0,1.0,0.0,1.0,0.0,24.400000000000002
0.2,8.0,1.2,1.5,0.3,0.0,1.0,23.950000000000003,0.7283302996961172,0.2814168894229681,74.45077073227434,0.01603999805520907,0.026228143213988343,2596.9393268944236,0.0,1.0,1.0,1.0,0.0,1.0,0.0,1.0,0.0,24.85
0.2,8.0,1.2,1.5,0.5,0.0,1.0,23.75,0.7276796475950233,0.23475666282110816,74.42896539449805,0.016043529296991155,0.03177907299472662,3014.34534799129,0.0,1.0,1.0,1.0,0.0,1.0,0.0,1.0,0.0,24.55
0.2,8.0,1.2,1.5,0.7,0.0,1.0,23.8,0.7225885991463608,0.26937784658065783,73.58826844122612,0.013852669036246866,0.039827921176797114,3427.9989568353412,0.0,1.0,1.0,1.0,0.0,1.0,0.0,1.0,0.0,25.0
0.2,8.0,1.2,1.8,0.3,0.0,1.0,25.0,0.728441236871556,0.272347560886992,74.2783523962997,0.016443757437367625,0.027477102414654453,2545.8018589862436,0.0,1.0,1.0,1.0,0.0,1.0,0.0,1.0,0.0,25.400000000000002
0.2,8.0,1.2,1.8,0.5,0.0,1.0,24.85,0.7274590755773256,0.24137040812858424,73.99819307668204,0.014302479933956128,0.033999444907021927,2957.904934446947,0.0,1.0,1.0,1.0,0.0,1.0,0.0,1.0,0.0,25.650000000000002
0.2,8.0,1.2,1.8,0.7,0.0,1.0,24.900000000000002,0.7234578302744492,0.26538428397139413,73.29017375633724,0.014285286359617408,0.04274215931168471,3531.2472847717563,0.0,1.0,1.0,1.0,0.0,1.0,0.0,1.0,0.0,25.75
