success,completion_time,min_obs_distance,min_agent_distance,collisions,control_cost,control_smoothness,input_saturation_ratio,max_angle_gap_deg,radius_variance,mean_radius,current_center_error,predicted_center_error,path_length,stall_steps,convoy_ratio,inside_any,inside_final,gmax_success,radius_success,sigma_success,no_collision,dwell_success,radius_error_final,success_geom_final,success_no_collision,gmax_reach_time,eta_min,sigma_omega,k_t,r0,lambda_curl,scene,method,seed
False,28.700000000000003,0.7288529748339994,0.20648577968669393,True,89.32151984916435,2651.3089824200456,0.027338329170135997,72.62365163080185,0.012702599321893713,0.2741890735305125,0.002149045356694731,0.002149045356694731,146.98876978092665,0,0.0,True,True,True,False,True,False,True,2.5258109264694872,False,False,29.5,0.05,3.0,0.6,1.2,0.3,s4_narrow_passage,M7,0
False,28.1,0.7274028039559186,0.20230057716449734,True,96.61319708941056,3149.088910900876,0.035248404107688036,72.64676528998197,0.012703775275427766,0.2741864929705199,0.0021429689203938296,0.0021429689203938296,155.12865643704515,0,0.0,True,True,True,False,True,False,True,2.52581350702948,False,False,28.900000000000002,0.05,3.0,0.6,1.2,0.5,s4_narrow_passage,M7,0
False,28.0,0.7223871949462672,0.20211522646105043,True,105.51198107344793,3795.975245743944,0.041909519844573966,72.69018082354327,0.01270640781416931,0.2741806589235704,0.0021297445579223804,0.0021297445579223804,163.58599715211193,0,0.0,True,True,True,False,True,False,True,2.5258193410764296,False,False,28.75,0.05,3.0,0.6,1.2,0.7,s4_narrow_passage,M7,0
False,29.700000000000003,0.7283862862418691,0.21235729030716746,True,88.54208077584127,2613.277262145318,0.02844851512628365,72.58014292612023,0.012849946207707482,0.2756667004807268,0.0021399349878970203,0.0021399349878970203,146.2266222798616,0,0.0,True,True,True,False,True,False,True,2.524333299519273,False,False,30.0,0.05,3.0,0.6,1.5,0.3,s4_narrow_passage,M7,0
False,29.25,0.727893189025324,0.203619987793085,True,95.67025592909488,3105.8986366373283,0.03566472384124341,72.59062959557717,0.012850342061607576,0.27566584776782943,0.0021378134146086223,0.0021378134146086223,154.31911900069073,0,0.0,True,True,True,False,True,False,True,2.5243341522321705,False,False,29.1,0.05,3.0,0.6,1.5,0.5,s4_narrow_passage,M7,0
False,29.1,0.7232132028833063,0.209658247719279,True,105.7047456506511,3838.2791643993464,0.04274215931168471,72.66136464633584,0.012853514998409156,0.2756588176658592,0.0021220682416075378,0.0021220682416075378,164.3941024889577,0,0.0,True,True,True,False,True,False,True,2.5243411823341404,False,False,28.900000000000002,0.05,3.0,0.6,1.5,0.7,s4_narrow_passage,M7,0
False,31.1,0.7287323850826002,0.2574899223133128,True,86.93072745701204,2508.873272520317,0.029558701082431308,72.6707923532421,0.012946892471272666,0.2765718985200606,0.0021091164721956245,0.0021091164721956245,144.72772484807885,0,0.0,True,True,True,False,True,False,True,2.523428101479939,False,False,30.6,0.05,3.0,0.6,1.8,0.3,s4_narrow_passage,M7,0
False,30.55,0.7276268067694562,0.20693257869444315,True,96.01653717563035,3156.9752150466534,0.03608104357479878,72.60370252376134,0.012943606644676905,0.27657918984885455,0.0021252347590414665,0.0021252347590414665,155.82974042611806,0,0.0,True,True,True,False,True,False,True,2.523420810151145,False,False,29.8,0.05,3.0,0.6,1.8,0.5,s4_narrow_passage,M7,0
False,30.450000000000003,0.7234075855661624,0.2159090274909612,True,106.55980436038827,3915.459302049597,0.043158479045240075,72.6760776042407,0.012947222987113921,0.2765711643016086,0.002107499386151175,0.002107499386151175,165.47573258366066,0,0.0,True,True,True,False,True,False,True,2.5234288356983914,False,False,29.75,0.05,3.0,0.6,1.8,0.7,s4_narrow_passage,M7,0
False,27.150000000000002,0.7285683607916129,0.20699473314898556,True,90.18382851554294,2679.3069629464844,0.028032195392728283,72.59944527108827,0.013379013856687551,0.28111532907867604,0.002177235302774168,0.002177235302774168,148.0499569135537,0,0.0,True,True,True,False,True,False,True,2.5188846709213237,False,False,28.05,0.05,3.0,0.9,1.2,0.3,s4_narrow_passage,M7,0
False,26.700000000000003,0.7279223297491912,0.22034758834677234,True,97.60123720451307,3211.6419584576697,0.034415764640577294,72.61112967198619,0.013386620478510752,0.28108743420222654,0.0021281894922479164,0.0021281894922479164,156.41758209675638,0,0.0,True,True,True,False,True,False,True,2.5189125657977733,False,False,27.8,0.05,3.0,0.9,1.2,0.5,s4_narrow_passage,M7,0
False,26.6,0.7230143833882037,0.2234789352555667,True,106.31359862641409,3813.342835433804,0.04301970580072162,72.60595975721658,0.01338283378382323,0.2811011753120189,0.0021526997146669234,0.0021526997146669234,164.67921473323014,0,0.0,True,True,True,False,True,False,True,2.518898824687981,False,False,27.75,0.05,3.0,0.9,1.2,0.7,s4_narrow_passage,M7,0
False,28.25,0.7285298926214516,0.23433911940830215,True,88.75093393314528,2628.273890354692,0.026228143213988343,72.51367102167113,0.013516842995847338,0.28390228681939306,0.0028646752794221743,0.0028646752794221743,146.22021878674857,0,0.0,True,True,True,False,True,False,True,2.516097713180607,False,False,29.0,0.05,3.0,0.9,1.5,0.3,s4_narrow_passage,M7,0
False,27.900000000000002,0.7275404727568395,0.22802060776435493,True,96.48397489207952,3164.7502377088767,0.03358312517346656,72.66955687161338,0.013803830915033156,0.28317262268740456,0.0012364283210760866,0.0012364283210760866,154.86264555938732,0,0.0,True,True,True,False,True,False,True,2.516827377312595,False,False,28.55,0.05,3.0,0.9,1.5,0.5,s4_narrow_passage,M7,0
False,27.900000000000002,0.7228931214812364,0.22391841068306753,True,106.20554053847383,3858.0741095010053,0.04177074660005551,72.56654553070744,0.01352330423140305,0.28388490601703387,0.0028267882361545454,0.0028267882361545454,164.22395477455245,0,0.0,True,True,True,False,True,False,True,2.516115093982966,False,False,28.150000000000002,0.05,3.0,0.9,1.5,0.7,s4_narrow_passage,M7,0
False,29.700000000000003,0.7285908847842706,0.23272130660493198,True,86.70115135818627,2499.365113050045,0.028032195392728283,72.66619793139421,0.01383485543603076,0.2851570948370892,0.0020338311622091535,0.0020338311622091535,143.28274687620745,0,0.0,True,True,True,False,True,False,True,2.5148429051629106,False,False,29.650000000000002,0.05,3.0,0.9,1.8,0.3,s4_narrow_passage,M7,0
False,29.3,0.727261876217377,0.2282892086270703,True,95.7508471093491,3138.9323555908873,0.03510963086316958,72.67105229550063,0.013830500716144436,0.28517059617343915,0.002064390853004605,0.002064390853004605,153.91954370034745,0,0.0,True,True,True,False,True,False,True,2.514829403826561,False,False,29.5,0.05,3.0,0.9,1.8,0.5,s4_narrow_passage,M7,0
False,29.25,0.7241350305143117,0.23213188590356598,True,105.78147742233176,3865.5304105570794,0.041909519844573966,72.66922281443597,0.013833999341146387,0.28516237057155897,0.0020415864223423926,0.0020415864223423926,163.60727180818384,0,0.0,True,True,True,False,True,False,True,2.514837629428441,False,False,29.0,0.05,3.0,0.9,1.8,0.7,s4_narrow_passage,M7,0
False,26.25,0.7287510981422274,0.2639083825294675,True,90.1801326242699,2630.440872952606,0.028864834859839022,73.31263680443043,0.013217220271975414,0.2929182175373122,0.008178459689470978,0.008178459689470978,144.684894067892,0,0.0,True,True,True,False,True,False,True,2.507081782462688,False,False,28.150000000000002,0.05,3.0,1.2,1.2,0.3,s4_narrow_passage,M7,0
False,25.85,0.7274881347923905,0.23109631862655092,True,95.11015192264462,2956.081055675857,0.03594227033028032,72.39468814019186,0.014286003647569408,0.28848876787313676,0.001558819167734262,0.001558819167734262,148.6720616382892,0,0.0,True,True,True,False,True,False,True,2.511511232126863,False,False,27.0,0.05,3.0,1.2,1.2,0.5,s4_narrow_passage,M7,0
False,25.75,0.7220623877549255,0.2414856653365273,True,102.77303707840306,3505.9354032597357,0.04329725228975854,72.39087923310564,0.014293992876928644,0.2884696023764655,0.0015057914129960877,0.0015057914129960877,155.39769033660582,0,0.0,True,True,True,False,True,False,True,2.511530397623534,False,False,26.8,0.05,3.0,1.2,1.2,0.7,s4_narrow_passage,M7,0
False,27.35,0.7283655193919321,0.25076104717260767,True,87.517279893899,2481.727131012421,0.029697474326949764,74.43051462817486,0.01604349407322043,0.2928953961314345,0.003645315624891928,0.003645315624891928,141.22552002877575,0,0.0,True,True,True,False,True,False,True,2.5071046038685654,False,False,28.0,0.05,3.0,1.2,1.5,0.3,s4_narrow_passage,M7,0
False,27.0,0.7274417983286579,0.24959983585077788,True,95.00708181517933,2995.2419657156993,0.03635859006383569,72.8197941978103,0.013868728442148122,0.2975106690026604,0.007564629048628083,0.007564629048628083,149.54321973005392,0,0.0,True,True,True,False,True,False,True,2.5024893309973395,False,False,27.6,0.05,3.0,1.2,1.5,0.5,s4_narrow_passage,M7,0
False,27.0,0.7226388365753207,0.27584697567545924,True,104.57199628456698,3703.343671072223,0.0446849847349431,73.95835021254962,0.01606360933087828,0.2927823328228061,0.0035554203625702357,0.0035554203625702357,158.71016506285042,0,0.0,True,True,True,False,True,False,True,2.5072176671771937,False,False,27.650000000000002,0.05,3.0,1.2,1.5,0.7,s4_narrow_passage,M7,0
False,28.75,0.7287396303039302,0.24991189735906744,True,86.00369644192645,2412.2175719855704,0.03025256730502359,73.64950530933133,0.014288700595445842,0.30091132660211317,0.007494795126482925,0.007494795126482925,139.79004956874027,0,0.0,True,True,True,False,True,False,True,2.4990886733978868,False,False,28.700000000000003,0.05,3.0,1.2,1.8,0.3,s4_narrow_passage,M7,0
False,28.450000000000003,0.7276505354607934,0.2565355491195405,True,93.72203150044123,2956.402900476975,0.038301415487094086,74.12690330623857,0.014300031908894091,0.3009423083585877,0.00753432261892111,0.00753432261892111,148.51883088809134,0,0.0,True,True,True,False,True,False,True,2.4990576916414122,False,False,28.55,0.05,3.0,1.2,1.8,0.5,s4_narrow_passage,M7,0
False,28.400000000000002,0.7241585275768296,0.2515958754597339,True,103.64309117368062,3668.3100258892446,0.04579517069109076,73.66915318956796,0.016437804873680375,0.29681493160942496,0.0036311731769883577,0.0036311731769883577,157.8384275078394,0,0.0,True,True,True,False,True,False,True,2.5031850683905748,False,False,28.400000000000002,0.05,3.0,1.2,1.8,0.7,s4_narrow_passage,M7,0
False,31.1,0.7284417529555267,0.2011181222176818,True,88.50711825559691,2577.2244898199015,0.02941992783791285,72.68979645731757,0.012706475152008739,0.2741805382392652,0.002129214985776311,0.002129214985776311,145.96036048603517,0,0.0,True,True,True,False,True,False,True,2.525819461760735,False,False,31.35,0.05,5.0,0.6,1.2,0.3,s4_narrow_passage,M7,0
False,30.35,0.7272204498562445,0.2132461151461887,True,97.10967762739034,3182.9471941426673,0.03649736330835415,72.66355166135675,0.012704752600267573,0.2741843432160889,0.0021379520675323263,0.0021379520675323263,156.06362397852305,0,0.0,True,True,True,False,True,False,True,2.525815656783911,False,False,30.6,0.05,5.0,0.6,1.2,0.5,s4_narrow_passage,M7,0
False,30.150000000000002,0.7244041183339769,0.19909944554758832,True,107.10580175600144,3913.3723445136675,0.04288093255620316,72.5026680811606,0.012699764760148323,0.27419536488478763,0.002163209032147765,0.002163209032147765,165.88504594575835,0,0.0,True,True,True,False,True,False,True,2.5258046351152124,False,False,30.3,0.05,5.0,0.6,1.2,0.7,s4_narrow_passage,M7,0
False,32.2,0.7285132007686295,0.2134469923231265,True,87.84186861651717,2550.163412226283,0.030668887038578962,72.64752287559772,0.012852591877099766,0.2756608120158869,0.00212698016950808,0.00212698016950808,145.5857407384986,0,0.0,True,True,True,False,True,False,True,2.524339187984113,False,False,31.900000000000002,0.05,5.0,0.6,1.5,0.3,s4_narrow_passage,M7,0
False,31.35,0.7278446036099997,0.216668008674553,True,96.79157490614257,3186.8859110747658,0.03663613655287261,72.61140775212091,0.012851060809016773,0.2756642462150611,0.0021343065455533185,0.0021343065455533185,155.93035950665438,0,0.0,True,True,True,False,True,False,True,2.5243357537849387,False,False,31.0,0.05,5.0,0.6,1.5,0.5,s4_narrow_passage,M7,0
False,31.150000000000002,0.7234231095129873,0.19913766094983643,True,107.04420283010364,3931.2325700118295,0.043713572023313906,72.67740277636722,0.01285459670981725,0.2756564517085742,0.0021164991014219546,0.0021164991014219546,166.02691202126874,0,0.0,True,True,True,False,True,False,True,2.5243435482914256,False,False,30.8,0.05,5.0,0.6,1.5,0.7,s4_narrow_passage,M7,0
False,33.45,0.7287064344965815,0.21974136443026238,True,87.50120353688504,2535.2199701345203,0.030807660283097418,72.6616469470884,0.012946379693661808,0.27657304872660626,0.0021115547474315544,0.0021115547474315544,145.49924733799554,0,0.0,True,True,True,False,True,False,True,2.5234269512733936,False,False,32.550000000000004,0.05,5.0,0.6,1.8,0.3,s4_narrow_passage,M7,0
False,32.7,0.727134501481536,0.2018508113773429,True,97.06801826504184,3210.7640437384835,0.036774909797391064,72.53942652320667,0.012941621644607522,0.2765835058952805,0.0021355285877822654,0.0021355285877822654,157.26149789504842,0,0.0,True,True,True,False,True,False,True,2.5234164941047195,False,False,31.75,0.05,5.0,0.6,1.8,0.5,s4_narrow_passage,M7,0
False,32.550000000000004,0.7233179118553654,0.2085692590314036,True,107.78732958227445,3988.4491389900572,0.04399111851235082,72.58335439069256,0.01294297447716032,0.2765806109105226,0.002128218239117581,0.002128218239117581,167.20810325284987,0,0.0,True,True,True,False,True,False,True,2.523419389089477,False,False,31.55,0.05,5.0,0.6,1.8,0.7,s4_narrow_passage,M7,0
False,29.3,0.7284494014516858,0.22000494077579727,True,89.91826250012315,2660.597333658816,0.030391340549542047,72.50004515298592,0.013358689282252608,0.28119400688169555,0.0023048211341930077,0.0023048211341930077,147.89886942133882,0,0.0,True,True,True,False,True,False,True,2.5188059931183044,False,False,29.75,0.05,5.0,0.9,1.2,0.3,s4_narrow_passage,M7,0
False,28.75,0.7277239553260626,0.2220185605446177,True,97.21665658778912,3177.8024576457074,0.03788509575353872,72.67142621530559,0.013445045784814424,0.2809672296483978,0.0018073161831635126,0.0018073161831635126,156.2536682310542,0,0.0,True,True,True,False,True,False,True,2.5190327703516022,False,False,29.5,0.05,5.0,0.9,1.2,0.5,s4_narrow_passage,M7,0
False,28.650000000000002,0.722683929987926,0.21964850066038427,True,106.64952653763176,3864.7672274680817,0.04482375797946156,72.56269557594909,0.01336614744963908,0.28116443723871903,0.002258640608086164,0.002258640608086164,165.41964727202898,0,0.0,True,True,True,False,True,False,True,2.518835562761281,False,False,29.3,0.05,5.0,0.9,1.2,0.7,s4_narrow_passage,M7,0
False,30.400000000000002,0.728474975522311,0.2354097892971098,True,88.37061600145063,2582.2201867181448,0.029142381348875937,72.51418820684457,0.013517730449268135,0.2839003588208387,0.0028588817275893626,0.0028588817275893626,145.6242880901998,0,0.0,True,True,True,False,True,False,True,2.516099641179161,False,False,30.400000000000002,0.05,5.0,0.9,1.5,0.3,s4_narrow_passage,M7,0
False,29.900000000000002,0.7278035479063079,0.22719927178465793,True,96.21830867856565,3130.1766376027936,0.036219816819317234,72.6700568247065,0.013802875131832149,0.28317491605984174,0.0012426194479312055,0.0012426194479312055,154.82354256211212,0,0.0,True,True,True,False,True,False,True,2.5168250839401582,False,False,29.75,0.05,5.0,0.9,1.5,0.5,s4_narrow_passage,M7,0
False,29.700000000000003,0.7231888909040094,0.2328476761592157,True,105.8136614468265,3825.6694182122055,0.04274215931168471,72.53970312286151,0.01351862091258626,0.2838976624991145,0.0028540473396643324,0.0028540473396643324,163.83644351570393,0,0.0,True,True,True,False,True,False,True,2.516102337500885,False,False,29.5,0.05,5.0,0.9,1.5,0.7,s4_narrow_passage,M7,0
False,31.900000000000002,0.7286579724520401,0.22394619749512681,True,86.77881716257718,2482.239134250834,0.030113794060505135,72.67131916257132,0.013830026371901276,0.2851717352471814,0.0020674991451851985,0.0020674991451851985,143.45053678899586,0,0.0,True,True,True,False,True,False,True,2.5148282647528184,False,False,31.1,0.05,5.0,0.9,1.8,0.3,s4_narrow_passage,M7,0
False,31.150000000000002,0.7274905377323206,0.22959110298146845,True,95.89629438191993,3133.7828896184064,0.03663613655287261,72.70587832032157,0.013848455132548163,0.28518159737998167,0.001994250088786329,0.001994250088786329,154.50818370864005,0,0.0,True,True,True,False,True,False,True,2.514818402620018,False,False,30.650000000000002,0.05,5.0,0.9,1.8,0.5,s4_narrow_passage,M7,0
False,31.05,0.7242229429380542,0.2300983816790178,True,106.61699918714403,3920.619525117624,0.043713572023313906,72.66894936693284,0.013834559200254637,0.28516107875092384,0.0020379541778799237,0.0020379541778799237,164.6529783323656,0,0.0,True,True,True,False,True,False,True,2.514838921249076,False,False,30.3,0.05,5.0,0.9,1.8,0.7,s4_narrow_passage,M7,0
False,28.150000000000002,0.7283556877121884,0.25074076814016555,True,88.99315556124797,2550.247683945433,0.031917846239245075,73.62838242068165,0.015527730619065414,0.28711245698696936,0.004030835419713121,0.004030835419713121,144.10067352321633,0,0.0,True,True,True,False,True,False,True,2.5128875430130306,False,False,29.700000000000003,0.05,5.0,1.2,1.2,0.3,s4_narrow_passage,M7,0
False,27.75,0.7276870229378984,0.248416041780315,True,95.36861114032932,2994.1485450942528,0.039827921176797114,72.77988618119359,0.014142017110277091,0.2890045078373629,0.0025065362919524463,0.0025065362919524463,149.74041523363474,0,0.0,True,True,True,False,True,False,True,2.5109954921626367,False,False,28.700000000000003,0.05,5.0,1.2,1.2,0.5,s4_narrow_passage,M7,0
False,27.650000000000002,0.7219914125711269,0.2487508353490493,True,103.83453443602622,3607.606412056175,0.04718290313627533,72.78066416818753,0.014140778175837794,0.2890074641148644,0.0025148554042791044,0.0025148554042791044,157.61520059097592,0,0.0,True,True,True,False,True,False,True,2.5109925358851353,False,False,28.55,0.05,5.0,1.2,1.2,0.7,s4_narrow_passage,M7,0
False,29.35,0.7283616331056202,0.23588641862804755,True,86.84960481377311,2425.30511893377,0.0315015265056897,74.09838560050177,0.01605720550948983,0.2927567994116675,0.0035550905629589138,0.0035550905629589138,140.7426331054783,0,0.0,True,True,True,False,True,False,True,2.5072432005883325,False,False,29.700000000000003,0.05,5.0,1.2,1.5,0.3,s4_narrow_passage,M7,0
False,28.85,0.728352796682677,0.24328335873192788,True,95.3064629407317,3027.675269229068,0.039827921176797114,73.50610188363609,0.01387467001488822,0.29741496007983986,0.0076017789578358055,0.0076017789578358055,150.49114468083343,0,0.0,True,True,True,False,True,False,True,2.50258503992016,False,False,29.200000000000003,0.05,5.0,1.2,1.5,0.5,s4_narrow_passage,M7,0
False,28.85,0.7235902770717277,0.2515903482618605,True,105.18876395210607,3748.786914769627,0.04635026366916459,74.4402960425372,0.016040558080908675,0.29281821160570315,0.003619346226322375,0.003619346226322375,159.84465012723848,0,0.0,True,True,True,False,True,False,True,2.5071817883942966,False,False,29.0,0.05,5.0,1.2,1.5,0.7,s4_narrow_passage,M7,0
False,30.700000000000003,0.7288783572264694,0.24552588964806088,True,85.31917746353395,2350.826550011975,0.033999444907021927,74.28190698987916,0.016442844718064877,0.29684638403536784,0.003636025628108072,0.003636025628108072,139.27707009731165,0,0.0,True,True,True,False,True,False,True,2.503153615964632,False,False,30.450000000000003,0.05,5.0,1.2,1.8,0.3,s4_narrow_passage,M7,0
False,30.3,0.7273995387325181,0.24952591949219668,True,94.16218937448528,2983.0172399472585,0.040105467665834026,73.6341989072665,0.014293563980130973,0.300854173336848,0.0075273689925450405,0.0075273689925450405,149.6738875241338,0,0.0,True,True,True,False,True,False,True,2.4991458266631517,False,False,30.0,0.05,5.0,1.2,1.8,0.5,s4_narrow_passage,M7,0
False,30.3,0.7237996835318043,0.2521789153687413,True,105.51838855280113,3808.2987518933123,0.04704412989175687,73.78741487891998,0.01429820979735147,0.3008749896075903,0.007540583044423669,0.007540583044423669,160.7042994517016,0,0.0,True,True,True,False,True,False,True,2.4991250103924094,False,False,30.150000000000002,0.05,5.0,1.2,1.8,0.7,s4_narrow_passage,M7,0
False,31.55,0.7285274954873759,0.19689612209133317,True,88.48634277918384,2539.107229364769,0.03025256730502359,72.52485826607135,0.012699837744324038,0.27419515826681856,0.0021631451073956284,0.0021631451073956284,145.96224422219456,0,0.0,True,True,True,False,True,False,True,2.5258048417331813,False,False,31.6,0.05,8.0,0.6,1.2,0.3,s4_narrow_passage,M7,0
False,30.900000000000002,0.7276370823699818,0.2058766110793055,True,97.60921097218804,3185.9196340305207,0.03635859006383569,72.68920333725318,0.01270641080643708,0.2741806738591586,0.002129585047953634,0.002129585047953634,156.6440382879651,0,0.0,True,True,True,False,True,False,True,2.5258193261408413,False,False,30.950000000000003,0.05,8.0,0.6,1.2,0.5,s4_narrow_passage,M7,0
False,30.55,0.7228028285495907,0.19991632429787365,True,107.94661143436352,3940.911801352746,0.043158479045240075,72.48739142529223,0.012699615955787136,0.2741956725831811,0.0021641044619655062,0.0021641044619655062,166.87746466427382,0,0.0,True,True,True,False,True,False,True,2.525804327416819,False,False,30.650000000000002,0.05,8.0,0.6,1.2,0.7,s4_narrow_passage,M7,0
False,32.65,0.7285665971784974,0.19868708821499861,True,88.27865631770936,2546.0115564968096,0.030391340549542047,72.67127031871158,0.012854321341342656,0.2756570991458988,0.0021176251470148904,0.0021176251470148904,146.21279711647566,0,0.0,True,True,True,False,True,False,True,2.524342900854101,False,False,32.15,0.05,8.0,0.6,1.5,0.3,s4_narrow_passage,M7,0
False,31.900000000000002,0.7272512662909676,0.19831376784911722,True,97.81991718122579,3224.4635482141657,0.037052456286427976,72.68211504356428,0.012854972345299186,0.27565564042402885,0.002114498262165876,0.002114498262165876,157.82774713260054,0,0.0,True,True,True,False,True,False,True,2.524344359575971,False,False,31.35,0.05,8.0,0.6,1.5,0.5,s4_narrow_passage,M7,0
False,31.55,0.7235585620535219,0.19741849073304438,True,108.28091834139155,3991.4109725583016,0.04357479877879545,72.67485681375165,0.012854460062672365,0.27565676332777295,0.002117120347984482,0.002117120347984482,167.38600876929593,0,0.0,True,True,True,False,True,False,True,2.5243432366722267,False,False,31.05,0.05,8.0,0.6,1.5,0.7,s4_narrow_passage,M7,0
False,33.95,0.7286486203599527,0.2254144230492021,True,88.3654985400442,2560.1089576289496,0.030946433527615877,72.67471297187427,0.012946968642348426,0.276571671778634,0.002109107503902128,0.002109107503902128,146.7438870728351,0,0.0,True,True,True,False,True,False,True,2.5234283282213656,False,False,32.800000000000004,0.05,8.0,0.6,1.8,0.3,s4_narrow_passage,M7,0
False,33.1,0.7271529831237606,0.20159264642457198,True,98.35057181488047,3259.3205640225724,0.036774909797391064,72.6226810652619,0.012944536270547924,0.2765771848129117,0.0021203096404300422,0.0021203096404300422,158.81465369983903,0,0.0,True,True,True,False,True,False,True,2.523422815187088,False,False,31.950000000000003,0.05,8.0,0.6,1.8,0.5,s4_narrow_passage,M7,0
False,32.75,0.7238200196602367,0.20241313432287353,True,109.2000652684852,4053.1152386380795,0.044268665001387736,72.53386221925703,0.012941502562081831,0.2765837613433985,0.002136168110740282,0.002136168110740282,168.77434340447434,0,0.0,True,True,True,False,True,False,True,2.5234162386566013,False,False,31.55,0.05,8.0,0.6,1.8,0.7,s4_narrow_passage,M7,0
False,29.650000000000002,0.7286871734162734,0.21618907257329392,True,90.22008992530185,2655.1066267778388,0.030807660283097418,72.65366429535348,0.013431215062763444,0.2809909959055101,0.001876422348119041,0.001876422348119041,148.09485688337048,0,0.0,True,True,True,False,True,False,True,2.5190090040944897,False,False,29.950000000000003,0.05,8.0,0.9,1.2,0.3,s4_narrow_passage,M7,0
False,29.1,0.7279076411161796,0.2189042571157499,True,97.91778705481501,3204.8933676326706,0.03816264224257563,72.48743994765242,0.013358418824843116,0.28119521369843564,0.002306422392640922,0.002306422392640922,156.90234746391428,0,0.0,True,True,True,False,True,False,True,2.518804786301564,False,False,29.650000000000002,0.05,8.0,0.9,1.2,0.5,s4_narrow_passage,M7,0
False,28.85,0.7229115780257229,0.21755359764443166,True,107.18535425274996,3871.1756401308658,0.04482375797946156,72.65646064595548,0.013433654020150761,0.28098680251013625,0.0018638506107526004,0.0018638506107526004,165.56290792199897,0,0.0,True,True,True,False,True,False,True,2.5190131974898637,False,False,29.400000000000002,0.05,8.0,0.9,1.2,0.7,s4_narrow_passage,M7,0
False,30.700000000000003,0.7287053341817924,0.22107420888920476,True,88.57979444895363,2559.799921141621,0.03025256730502359,72.53424113188206,0.013519560677575393,0.2838958779883996,0.0028475834728576973,0.0028475834728576973,145.57320826802817,0,0.0,True,True,True,False,True,False,True,2.5161041220116003,False,False,30.650000000000002,0.05,8.0,0.9,1.5,0.3,s4_narrow_passage,M7,0
False,30.25,0.7277797237942527,0.2188750867806296,True,97.17247833232973,3165.357807155976,0.03649736330835415,72.5231718659662,0.013518780469156161,0.283897961271054,0.002852177156225206,0.002852177156225206,155.90262539440863,0,0.0,True,True,True,False,True,False,True,2.516102038728946,False,False,30.1,0.05,8.0,0.9,1.5,0.5,s4_narrow_passage,M7,0
False,30.05,0.7231355863235105,0.2242468005379466,True,106.91947191184374,3868.842824834369,0.04357479877879545,72.52340478489651,0.01351996934428504,0.28389536176709934,0.002844438958802973,0.002844438958802973,164.96460068507545,0,0.0,True,True,True,False,True,False,True,2.5161046382329006,False,False,29.55,0.05,8.0,0.9,1.5,0.7,s4_narrow_passage,M7,0
False,32.15,0.7286789913261498,0.21588281052642724,True,87.22080695555832,2474.78031217614,0.030391340549542047,72.67478760559968,0.013828408456125998,0.2851788578507337,0.0020802714222250855,0.0020802714222250855,143.60269312603094,0,0.0,True,True,True,False,True,False,True,2.514821142149266,False,False,31.450000000000003,0.05,8.0,0.9,1.8,0.3,s4_narrow_passage,M7,0
False,31.450000000000003,0.7275881201239229,0.2161983918947469,True,96.33255921657086,3123.8563536792262,0.036774909797391064,72.66806042945683,0.013835358132768726,0.28515860402048515,0.0020323493941023065,0.0020323493941023065,154.7649481706819,0,0.0,True,True,True,False,True,False,True,2.5148413959795146,False,False,30.75,0.05,8.0,0.9,1.8,0.5,s4_narrow_passage,M7,0
False,30.900000000000002,0.7063960184381848,0.22379863865488547,True,106.56387514348364,3862.5532152456726,0.04357479877879545,72.67300577398983,0.013828427917582176,0.28517657024460125,0.002078641248218108,0.002078641248218108,164.26458697410771,0,0.0,True,True,True,False,True,False,True,2.5148234297553986,False,False,30.1,0.05,8.0,0.9,1.8,0.7,s4_narrow_passage,M7,0
False,28.450000000000003,0.7282489659841798,0.237308546268359,True,89.24820337091373,2537.2921949094452,0.03205661948376353,72.99330808547411,0.013233703895603313,0.2923917278107015,0.008132725422724087,0.008132725422724087,143.9889715288097,0,0.0,True,True,True,False,True,False,True,2.5076082721892985,False,False,29.25,0.05,8.0,1.2,1.2,0.3,s4_narrow_passage,M7,0
False,28.05,0.7278364041326395,0.24361511101578875,True,96.65041150077803,3059.2151945461796,0.03996669442131557,72.89883152520996,0.01320282800284199,0.2925554176914032,0.008067048103170599,0.008067048103170599,152.17957137818607,0,0.0,True,True,True,False,True,False,True,2.5074445823085965,False,False,28.85,0.05,8.0,1.2,1.2,0.5,s4_narrow_passage,M7,0
False,28.0,0.7241948841678323,0.25226162996450385,True,105.37370762890713,3688.313741024965,0.04718290313627533,73.37914682744272,0.013209281898092574,0.2929908782779464,0.008243964175728116,0.008243964175728116,160.73766426791076,0,0.0,True,True,True,False,True,False,True,2.5070091217220534,False,False,29.0,0.05,8.0,1.2,1.2,0.7,s4_narrow_passage,M7,0
False,29.700000000000003,0.7283563369413513,0.24045108167252205,True,87.18747048335487,2408.0944446464073,0.0324729392173189,73.00346367434508,0.01386472492034795,0.29751971251034165,0.0075523594064688575,0.0075523594064688575,140.6889893952478,0,0.0,True,True,True,False,True,False,True,2.502480287489658,False,False,29.950000000000003,0.05,8.0,1.2,1.5,0.3,s4_narrow_passage,M7,0
False,29.1,0.7272093620759075,0.2332974205392961,True,95.35245000006319,2988.1457477151826,0.03996669442131557,74.16936068875454,0.016054734495974814,0.29293538768374344,0.0036349982694506983,0.0036349982694506983,150.1640825642404,0,0.0,True,True,True,False,True,False,True,2.5070646123162565,False,False,29.200000000000003,0.05,8.0,1.2,1.5,0.5,s4_narrow_passage,M7,0
False,29.05,0.7229540440364082,0.26144448911591506,True,105.3006140624197,3711.0731250719896,0.04648903691368304,74.21561169299156,0.013835563593363763,0.2971293575038105,0.007536490840945072,0.007536490840945072,159.734282105288,0,0.0,True,True,True,False,True,False,True,2.5028706424961893,False,False,29.200000000000003,0.05,8.0,1.2,1.5,0.7,s4_narrow_passage,M7,0
False,30.900000000000002,0.7286003948455215,0.2427721333491254,True,86.28972472020412,2372.2510647098707,0.03413821815154038,73.76230269546201,0.01643853532563931,0.29680378562643944,0.0036269515411651845,0.0036269515411651845,139.91030936617247,0,0.0,True,True,True,False,True,False,True,2.50319621437356,False,False,30.55,0.05,8.0,1.2,1.8,0.3,s4_narrow_passage,M7,0
False,30.5,0.7275081586822008,0.26681839779911465,True,95.34738944185335,3025.2588321583257,0.04079933388842631,74.26988378759013,0.016443794761901213,0.2968306795445998,0.003628798765811692,0.003628798765811692,150.61778780023172,0,0.0,True,True,True,False,True,False,True,2.5031693204554,False,False,30.200000000000003,0.05,8.0,1.2,1.8,0.5,s4_narrow_passage,M7,0
False,30.450000000000003,0.72361047618556,0.3012053114267149,True,106.1395009120382,3824.1325241263316,0.04773799611434915,73.73158875495011,0.016437542823015877,0.29684198989876903,0.0036479104516235106,0.0036479104516235106,160.9866511135682,0,0.0,True,True,True,False,True,False,True,2.503158010101231,False,False,29.950000000000003,0.05,8.0,1.2,1.8,0.7,s4_narrow_passage,M7,0
False,26.900000000000002,0.7284435611422866,0.20425036158599286,True,90.35868613101832,2699.1399148188443,0.026089369969469887,72.61610969232082,0.0127023177624487,0.2741897075317233,0.0021503916108094384,0.0021503916108094384,147.7462385883038,0,0.0,True,True,True,False,True,False,True,2.5258102924682766,False,False,27.6,0.1,3.0,0.6,1.2,0.3,s4_narrow_passage,M7,0
False,26.450000000000003,0.7273157335274012,0.19778883026614816,True,96.99275793515149,3144.2662778699773,0.0324729392173189,72.6710708185351,0.012705132016217547,0.274183480336633,0.002136194034126005,0.002136194034126005,155.10347671134988,0,0.0,True,True,True,False,True,False,True,2.525816519663367,False,False,27.150000000000002,0.1,3.0,0.6,1.2,0.5,s4_narrow_passage,M7,0
False,26.400000000000002,0.721784973007267,0.20233807475675195,True,105.08010515363422,3720.5659460515412,0.04135442686650014,72.66047658223114,0.012704473789078583,0.27418493021747065,0.002139559703234088,0.002139559703234088,162.602413241638,0,0.0,True,True,True,False,True,False,True,2.5258150697825292,False,False,27.200000000000003,0.1,3.0,0.6,1.2,0.7,s4_narrow_passage,M7,0
False,27.950000000000003,0.7286706778898264,0.256610873862441,True,88.79370626558915,2601.582293201046,0.02678323619206217,72.68194988773712,0.012854829493205646,0.27565591428291736,0.0021154831494433644,0.0021154831494433644,146.17792586010756,0,0.0,True,True,True,False,True,False,True,2.5243440857170825,False,False,28.25,0.1,3.0,0.6,1.5,0.3,s4_narrow_passage,M7,0
False,27.6,0.7274145967531582,0.21566367475331155,True,96.88389717370393,3177.5055501389625,0.033721898417985015,72.54327013827402,0.012849082287240838,0.27566861668606235,0.0021442063084968596,0.0021442063084968596,155.6234923458454,0,0.0,True,True,True,False,True,False,True,2.5243313833139376,False,False,27.8,0.1,3.0,0.6,1.5,0.5,s4_narrow_passage,M7,0
False,27.450000000000003,0.7228203506921964,0.2618536091378654,True,105.67785531957018,3814.5546659146185,0.04177074660005551,72.67864461051988,0.01285457823954843,0.2756564604129478,0.0021167990046631418,0.0021167990046631418,163.94197589474186,0,0.0,True,True,True,False,True,False,True,2.524343539587052,False,False,27.6,0.1,3.0,0.6,1.5,0.7,s4_narrow_passage,M7,0
False,29.25,0.7287344158196125,0.22317842441696595,True,88.55705561478113,2606.189267484042,0.02817096863724674,72.48909450368843,0.012941198805516746,0.27658449765527887,0.002137261066336314,0.002137261066336314,146.55171894375655,0,0.0,True,True,True,False,True,False,True,2.523415502344721,False,False,29.1,0.1,3.0,0.6,1.8,0.3,s4_narrow_passage,M7,0
False,28.85,0.7275204888788831,0.22292174426007888,True,96.39884187839671,3158.345203485073,0.035525950596724955,72.48332570325846,0.01294116708151652,0.27658456682431165,0.0021374243205836228,0.0021374243205836228,155.72883449771314,0,0.0,True,True,True,False,True,False,True,2.523415433175688,False,False,28.700000000000003,0.1,3.0,0.6,1.8,0.5,s4_narrow_passage,M7,0
False,28.650000000000002,0.7238254863573046,0.21508646300928072,True,105.86170643605142,3835.2514913540276,0.042464612822647796,72.50268511411574,0.012941295206010832,0.27658428402084645,0.0021367868912642372,0.0021367868912642372,164.65333157754458,0,0.0,True,True,True,False,True,False,True,2.5234157159791533,False,False,28.35,0.1,3.0,0.6,1.8,0.7,s4_narrow_passage,M7,0
False,25.55,0.728191821547113,0.22614338007892626,True,91.87013277266838,2777.9171553131596,0.026089369969469887,72.65410058623921,0.013431940832681016,0.2809897375621477,0.0018723433275724274,0.0018723433275724274,149.81266037394988,0,0.0,True,True,True,False,True,False,True,2.519010262437852,False,False,26.700000000000003,0.1,3.0,0.9,1.2,0.3,s4_narrow_passage,M7,0
False,25.200000000000003,0.7275322342656045,0.2170937661163455,True,97.98037549160121,3184.735178942676,0.03233416597280044,72.62025420931961,0.01339803792460719,0.28104926481286985,0.002054654491768518,0.002054654491768518,156.2020319287235,0,0.0,True,True,True,False,True,False,True,2.51895073518713,False,False,26.35,0.1,3.0,0.9,1.2,0.5,s4_narrow_passage,M7,0
False,25.150000000000002,0.7218779046852759,0.21658351365856773,True,105.99669338364635,3745.962820593351,0.040383014154870944,72.60996310818612,0.013385666953037341,0.2810908465730784,0.0021343861777814114,0.0021343861777814114,163.6710311291063,0,0.0,True,True,True,False,True,False,True,2.5189091534269212,False,False,26.400000000000002,0.1,3.0,0.9,1.2,0.7,s4_narrow_passage,M7,0
False,26.5,0.7284987360969895,0.2261287286249807,True,90.0120046781714,2689.7968030733373,0.024840410768803774,72.66919053335954,0.013804049886199064,0.28317186929070237,0.0012345291005523128,0.0012345291005523128,147.1929442832435,0,0.0,True,True,True,False,True,False,True,2.5168281307092975,False,False,27.1,0.1,3.0,0.9,1.5,0.3,s4_narrow_passage,M7,0
False,26.25,0.7276663506238343,0.2239353020747568,True,97.07972520904445,3166.1458305817423,0.03177907299472662,72.52613296009181,0.013516310527592864,0.28390328168427653,0.0028683597110322964,0.0028683597110322964,155.04203127029945,0,0.0,True,True,True,False,True,False,True,2.5160967183157235,False,False,26.900000000000002,0.1,3.0,0.9,1.5,0.5,s4_narrow_passage,M7,0
False,26.3,0.7232269168364691,0.22231166263455368,True,105.5931954379345,3766.476877120145,0.039827921176797114,72.66921794383137,0.013804410594795613,0.283171199447211,0.0012326054135689882,0.0012326054135689882,162.9549382163111,0,0.0,True,True,True,False,True,False,True,2.516828800552789,False,False,27.150000000000002,0.1,3.0,0.9,1.5,0.7,s4_narrow_passage,M7,0
False,27.85,0.7286359747880888,0.24029057035066545,True,88.42348976790026,2599.463133784263,0.025811823480432972,72.67070896020633,0.01383111806563001,0.28516911874408774,0.0020603490387072648,0.0020603490387072648,144.8802134638413,0,0.0,True,True,True,False,True,False,True,2.514830881255912,False,False,28.0,0.1,3.0,0.9,1.8,0.3,s4_narrow_passage,M7,0
False,27.6,0.7275975849698877,0.22793403850964264,True,96.02185280198292,3121.899606188691,0.03386067166250347,72.67066498844784,0.013831211034885597,0.2851689060400883,0.0020597469265804962,0.0020597469265804962,153.54881472559,0,0.0,True,True,True,False,True,False,True,2.5148310939599114,False,False,27.650000000000002,0.1,3.0,0.9,1.8,0.5,s4_narrow_passage,M7,0
False,27.6,0.7244749825035368,0.22914903151428606,True,104.96377004853021,3760.2817993598173,0.04079933388842631,72.66927621431292,0.013833731402644682,0.2851628907597296,0.0020432592739607655,0.0020432592739607655,161.88186532068914,0,0.0,True,True,True,False,True,False,True,2.51483710924027,False,False,27.5,0.1,3.0,0.9,1.8,0.7,s4_narrow_passage,M7,0
False,24.700000000000003,0.7279792464360357,0.26880666816302,True,90.72675550876862,2632.400998850693,0.02844851512628365,72.39452720057065,0.014286324874141278,0.288487997120167,0.001556686364690639,0.001556686364690639,143.43234245112072,0,0.0,True,True,True,False,True,False,True,2.511512002879833,False,False,26.25,0.1,3.0,1.2,1.2,0.3,s4_narrow_passage,M7,0
False,24.400000000000002,0.7268395774712768,0.2370192248351673,True,95.50315295182915,2928.0643551787525,0.033721898417985015,72.77976232604222,0.014142214344084246,0.289004037207992,0.0025052120125287646,0.0025052120125287646,148.05157676643273,0,0.0,True,True,True,False,True,False,True,2.5109959627920078,False,False,25.75,0.1,3.0,1.2,1.2,0.5,s4_narrow_passage,M7,0
False,24.25,0.7214613663983294,0.23162525922903798,True,102.21494858294632,3385.829134512107,0.041076880377463224,72.39471874814085,0.014285972648532692,0.28848884225170796,0.001559024988722736,0.001559024988722736,154.01231745531035,0,0.0,True,True,True,False,True,False,True,2.511511157748292,False,False,25.6,0.1,3.0,1.2,1.2,0.7,s4_narrow_passage,M7,0
False,25.650000000000002,0.7288908731280175,0.2598114154081221,True,89.4809461903012,2597.5061108715663,0.02678323619206217,72.31683654975573,0.013874408825770802,0.29745349587983816,0.007595523620673212,0.007595523620673212,142.90059108240223,0,0.0,True,True,True,False,True,False,True,2.5025465041201618,False,False,26.85,0.1,3.0,1.2,1.5,0.3,s4_narrow_passage,M7,0
False,25.400000000000002,0.7278408520028783,0.2457011697976713,True,95.35136705148444,2985.208178722085,0.03413821815154038,74.2938065354654,0.01604894844758949,0.2927053111219961,0.0035624839745001338,0.0035624839745001338,148.91857316466567,0,0.0,True,True,True,False,True,False,True,2.507294688878004,False,False,26.25,0.1,3.0,1.2,1.5,0.5,s4_narrow_passage,M7,0
False,25.400000000000002,0.7224695320894308,0.25153876877707937,True,103.13211544291937,3526.8614993127158,0.041631973355537054,72.39457773515018,0.013873759290943604,0.2974680225583178,0.007593073147815444,0.007593073147815444,156.04145317047636,0,0.0,True,True,True,False,True,False,True,2.502531977441682,False,False,26.200000000000003,0.1,3.0,1.2,1.5,0.7,s4_narrow_passage,M7,0
False,26.85,0.7291816402954783,0.26002579727145797,True,88.10645083119712,2542.547369367508,0.029142381348875937,74.1066799543715,0.014302549809858052,0.3009322089699088,0.007549795241925949,0.007549795241925949,141.47523026865738,0,0.0,True,True,True,False,True,False,True,2.499067791030091,False,False,27.650000000000002,0.1,3.0,1.2,1.8,0.3,s4_narrow_passage,M7,0
False,26.650000000000002,0.727849302033776,0.25943229809882323,True,94.56653412561775,2966.4609206667064,0.03594227033028032,73.60416736116383,0.014292441673506925,0.30085055650616116,0.007526162354587541,0.007526162354587541,148.49326371239226,0,0.0,True,True,True,False,True,False,True,2.4991494434938386,False,False,26.950000000000003,0.1,3.0,1.2,1.8,0.5,s4_narrow_passage,M7,0
False,26.650000000000002,0.7240417842382361,0.3057010012067602,True,104.22649273762075,3663.9928737349,0.04385234526783236,73.40325157376796,0.014286293387952329,0.3008202168318102,0.007508201606776475,0.007508201606776475,157.55447260220558,0,0.0,True,True,True,False,True,False,True,2.4991797831681897,False,False,26.650000000000002,0.1,3.0,1.2,1.8,0.7,s4_narrow_passage,M7,0
False,28.25,0.7282945959496356,0.2033115332083818,True,90.00862555320701,2671.2393174266695,0.027477102414654453,72.67310450608275,0.012705217704807014,0.27418327809061555,0.0021358463825610205,0.0021358463825610205,147.35157107324454,0,0.0,True,True,True,False,True,False,True,2.525816721909384,False,False,29.05,0.1,5.0,0.6,1.2,0.3,s4_narrow_passage,M7,0
False,27.6,0.7277191636118701,0.20359790411766782,True,97.5250432338932,3176.90382937025,0.034970857618651124,72.69033145495632,0.012706414228240613,0.2741806434587495,0.0021297207047440685,0.0021297207047440685,155.7705667785438,0,0.0,True,True,True,False,True,False,True,2.52581935654125,False,False,28.35,0.1,5.0,0.6,1.2,0.5,s4_narrow_passage,M7,0
False,27.5,0.7223403104623001,0.19901326217945647,True,106.35509967695072,3815.448754830488,0.04204829308909242,72.68778479573969,0.012706231375672799,0.2741810468607438,0.002130651699709629,0.002130651699709629,164.47893376349663,0,0.0,True,True,True,False,True,False,True,2.525818953139256,False,False,28.200000000000003,0.1,5.0,0.6,1.2,0.7,s4_narrow_passage,M7,0
False,29.200000000000003,0.7289693327520184,0.2043156477255874,True,89.33226535496209,2644.7146037637713,0.02817096863724674,72.5579272176956,0.012849346335219876,0.27566802012024094,0.0021429716684267367,0.0021429716684267367,146.9735766460182,0,0.0,True,True,True,False,True,False,True,2.5243319798797588,False,False,29.450000000000003,0.1,5.0,0.6,1.5,0.3,s4_narrow_passage,M7,0
False,28.650000000000002,0.7276165871169893,0.21510875610042873,True,97.21383070009293,3185.5178936785396,0.03566472384124341,72.57678683435601,0.012849901464050266,0.2756668167257256,0.002140045908308608,0.002140045908308608,155.75376992484655,0,0.0,True,True,True,False,True,False,True,2.5243331832742744,False,False,28.900000000000002,0.1,5.0,0.6,1.5,0.5,s4_narrow_passage,M7,0
False,28.55,0.7236463536212707,0.20858732706871827,True,106.44388104561273,3844.882732595804,0.04288093255620316,72.6416297374117,0.012852389957729875,0.27566129276906004,0.0021277663071270904,0.0021277663071270904,164.60855024866677,0,0.0,True,True,True,False,True,False,True,2.52433870723094,False,False,28.700000000000003,0.1,5.0,0.6,1.5,0.7,s4_narrow_passage,M7,0
False,30.650000000000002,0.7286214780595561,0.20699250453884288,True,88.32443323598847,2580.649527408329,0.029697474326949764,72.6445428099149,0.012945340965551944,0.2765753189145595,0.0021168710624453278,0.0021168710624453278,146.08962774365193,0,0.0,True,True,True,False,True,False,True,2.5234246810854404,False,False,29.900000000000002,0.1,5.0,0.6,1.8,0.3,s4_narrow_passage,M7,0
False,29.900000000000002,0.7273098375125413,0.20659096647043165,True,96.4497659493997,3145.6321984530223,0.036219816819317234,72.67205956906889,0.012946969057712298,0.2765717278356597,0.0021087452727604258,0.0021087452727604258,155.20918754339124,0,0.0,True,True,True,False,True,False,True,2.52342827216434,False,False,29.200000000000003,0.1,5.0,0.6,1.8,0.5,s4_narrow_passage,M7,0
False,29.85,0.7236563375389913,0.2123252951422889,True,105.78840863199672,3818.1456756968837,0.04288093255620316,72.66771314723317,0.012946722017619379,0.27657228295220276,0.0021099138224944776,0.0021099138224944776,164.16918135144334,0,0.0,True,True,True,False,True,False,True,2.523427717047797,False,False,29.1,0.1,5.0,0.6,1.8,0.7,s4_narrow_passage,M7,0
False,26.6,0.7283969708951596,0.2177983943458081,True,91.77933469786568,2757.952128623448,0.027615875659172912,72.65510194229445,0.013432671184229356,0.280988486374445,0.0018687159506739807,0.0018687159506739807,149.6451642765481,0,0.0,True,True,True,False,True,False,True,2.519011513625555,False,False,27.75,0.1,5.0,0.9,1.2,0.3,s4_narrow_passage,M7,0
False,26.25,0.7275924517717749,0.21121840745999756,True,97.8738950875026,3187.1847260476156,0.03483208437413267,72.58032786608128,0.013370871908393813,0.2811459761168543,0.0022290565389847155,0.0022290565389847155,156.331262682481,0,0.0,True,True,True,False,True,False,True,2.5188540238831454,False,False,27.400000000000002,0.1,5.0,0.9,1.2,0.5,s4_narrow_passage,M7,0
False,26.150000000000002,0.7221716271820873,0.21989838580092697,True,106.57418257179927,3789.0913382665713,0.04301970580072162,72.56177531502054,0.013365818504361285,0.28116554332424065,0.002260776415704648,0.002260776415704648,164.663893667401,0,0.0,True,True,True,False,True,False,True,2.518834456675759,False,False,27.200000000000003,0.1,5.0,0.9,1.2,0.7,s4_narrow_passage,M7,0
False,27.75,0.7285767875184541,0.22341344156739837,True,89.82938097665546,2656.9421526531296,0.02678323619206217,72.51412454629221,0.013516859230223638,0.2839022509511488,0.0028645700617026776,0.0028645700617026776,146.99181501705073,0,0.0,True,True,True,False,True,False,True,2.516097749048851,False,False,28.35,0.1,5.0,0.9,1.5,0.3,s4_narrow_passage,M7,0
False,27.25,0.728036481517562,0.2263338561876591,True,97.48186888466586,3187.7646063507955,0.033721898417985015,72.51396344415366,0.013516535190798084,0.2839029547776424,0.00286668580951785,0.00286668580951785,155.464722839547,0,0.0,True,True,True,False,True,False,True,2.5160970452223577,False,False,27.900000000000002,0.1,5.0,0.9,1.5,0.5,s4_narrow_passage,M7,0
False,27.25,0.7238343512764207,0.22099687061855733,True,105.81797634633527,3782.3122465838346,0.04135442686650014,72.66963828253209,0.013803334029193717,0.28317365328353483,0.00123930588908335,0.00123930588908335,163.07327466917943,0,0.0,True,True,True,False,True,False,True,2.516826346716465,False,False,27.8,0.1,5.0,0.9,1.5,0.7,s4_narrow_passage,M7,0
False,28.900000000000002,0.7285909471552181,0.2224856758072074,True,88.37826187500241,2573.334640363365,0.027338329170135997,72.67104907539863,0.013830626982319447,0.2851703788047419,0.0020636208649363434,0.0020636208649363434,144.61320893105824,0,0.0,True,True,True,False,True,False,True,2.514829621195258,False,False,28.700000000000003,0.1,5.0,0.9,1.8,0.3,s4_narrow_passage,M7,0
False,28.6,0.7278634114117286,0.22820797872458512,True,96.45606740372097,3143.7926719065117,0.03483208437413267,72.6692575962025,0.013833893960477744,0.2851625926041869,0.002042256009831055,0.002042256009831055,153.9963206600551,0,0.0,True,True,True,False,True,False,True,2.514837407395813,False,False,28.75,0.1,5.0,0.9,1.8,0.5,s4_narrow_passage,M7,0
False,28.6,0.7235751413670652,0.28018748409808436,True,106.55817802005015,3872.5060481790765,0.04218706633361088,72.67012822142202,0.01383230533197457,0.28516637811403595,0.002052643872717563,0.002052643872717563,163.9600747222545,0,0.0,True,True,True,False,True,False,True,2.514833621885964,False,False,28.8,0.1,5.0,0.9,1.8,0.7,s4_narrow_passage,M7,0
False,25.650000000000002,0.7279958187433742,0.23063882465242933,True,89.65133462243203,2540.8543947227777,0.028726061615320566,72.77980452646183,0.01414214714691226,0.28900419755470136,0.0025056631879141053,0.0025056631879141053,142.34607237645073,0,0.0,True,True,True,False,True,False,True,2.5109958024452985,False,False,26.950000000000003,0.1,5.0,1.2,1.2,0.3,s4_narrow_passage,M7,0
False,25.35,0.7271764865990205,0.25481875026878065,True,96.84498043515751,3062.0597979196714,0.03538717735220649,73.43862020870144,0.013211342558057363,0.2929641168736793,0.00819897881033056,0.00819897881033056,151.49885958175662,0,0.0,True,True,True,False,True,False,True,2.5070358831263206,False,False,26.75,0.1,5.0,1.2,1.2,0.5,s4_narrow_passage,M7,0
False,25.25,0.7220798730494444,0.23377367737677682,True,103.22068498420788,3485.9454085638063,0.04329725228975854,72.3945710472085,0.014286064859819233,0.28848862100293243,0.001558412746476144,0.001558412746476144,155.77228370488422,0,0.0,True,True,True,False,True,False,True,2.5115113789970676,False,False,26.3,0.1,5.0,1.2,1.2,0.7,s4_narrow_passage,M7,0
False,26.6,0.7287367840672447,0.23870310267675238,True,88.75062159034547,2526.7610777363548,0.02941992783791285,74.44635116774958,0.01604053718687853,0.2928275843063231,0.0036223598745132113,0.0036223598745132113,142.00987981354984,0,0.0,True,True,True,False,True,False,True,2.5071724156936765,False,False,27.150000000000002,0.1,5.0,1.2,1.5,0.3,s4_narrow_passage,M7,0
False,26.35,0.7274198642230363,0.2474818626787886,True,95.69762230087449,3007.380827435598,0.035803497085761866,74.37587566665906,0.016042031520714775,0.29273989133915085,0.00358483509138422,0.00358483509138422,149.9509122014553,0,0.0,True,True,True,False,True,False,True,2.507260108660849,False,False,26.8,0.1,5.0,1.2,1.5,0.5,s4_narrow_passage,M7,0
False,26.35,0.7243069651369336,0.24587458240376614,True,104.1825493861927,3602.863766187413,0.04440743824590619,74.42135041890413,0.016040786969200593,0.2927853224862617,0.0036073808680662594,0.0036073808680662594,157.5673541556505,0,0.0,True,True,True,False,True,False,True,2.5072146775137383,False,False,26.950000000000003,0.1,5.0,1.2,1.5,0.7,s4_narrow_passage,M7,0
False,27.950000000000003,0.7285598353006659,0.256328245418341,True,87.5265271807193,2473.7116551266163,0.030113794060505135,74.24640360902005,0.016440789208000208,0.29686663706764355,0.003653649940242757,0.003653649940242757,140.7730498243377,0,0.0,True,True,True,False,True,False,True,2.503133362932356,False,False,27.900000000000002,0.1,5.0,1.2,1.8,0.3,s4_narrow_passage,M7,0
False,27.650000000000002,0.727493678739896,0.2576863675003753,True,95.18619340461649,3007.8301077458705,0.038301415487094086,74.2473789717101,0.016445002426778117,0.29681748677114145,0.00362017601335629,0.00362017601335629,149.3344160001373,0,0.0,True,True,True,False,True,False,True,2.5031825132288583,False,False,27.6,0.1,5.0,1.2,1.8,0.5,s4_narrow_passage,M7,0
False,27.650000000000002,0.7238736536813974,0.2515409367749498,True,104.32898173255313,3659.011751983255,0.04593394393560921,73.80378395585905,0.01643893475319523,0.29679836690752154,0.0036256252134094693,0.0036256252134094693,157.84105767198702,0,0.0,True,True,True,False,True,False,True,2.5032016330924782,False,False,28.0,0.1,5.0,1.2,1.8,0.7,s4_narrow_passage,M7,0
False,28.3,0.7282086360850728,0.1964025603328014,True,89.9024403297571,2635.4291374697827,0.027338329170135997,72.66927152012221,0.012705052465420927,0.27418366598573685,0.002136530917449733,0.002136530917449733,147.14958451548358,0,0.0,True,True,True,False,True,False,True,2.525816334014263,False,False,28.950000000000003,0.1,8.0,0.6,1.2,0.3,s4_narrow_passage,M7,0
False,27.8,0.7272767757538514,0.19714644023344255,True,98.169498478411,3205.7457260934793,0.03510963086316958,72.4828751198998,0.012699725341893177,0.2741954694333936,0.002163290995973987,0.002163290995973987,156.4084505660377,0,0.0,True,True,True,False,True,False,True,2.525804530566606,False,False,28.450000000000003,0.1,8.0,0.6,1.2,0.5,s4_narrow_passage,M7,0
False,27.6,0.7222784576877539,0.2049716283034902,True,106.84549243183402,3835.110114544234,0.04232583957812934,72.55234405203636,0.012700479419608668,0.2741937993005965,0.002159500025059635,0.002159500025059635,164.98421641992667,0,0.0,True,True,True,False,True,False,True,2.525806200699403,False,False,28.200000000000003,0.1,8.0,0.6,1.2,0.7,s4_narrow_passage,M7,0
False,29.400000000000002,0.7285064699684598,0.20544674602184795,True,89.74237017585914,2650.1849184205953,0.028032195392728283,72.6734819591492,0.012854206374436657,0.2756572714355416,0.002118728796146818,0.002118728796146818,147.3296803132813,0,0.0,True,True,True,False,True,False,True,2.5243427285644584,False,False,29.5,0.1,8.0,0.6,1.5,0.3,s4_narrow_passage,M7,0
False,28.8,0.7273605819648947,0.21206624150538797,True,98.20454377518237,3230.629580700803,0.03566472384124341,72.62961034392254,0.012851806209112774,0.2756625845256336,0.0021306737524847373,0.0021306737524847373,157.1807518462818,0,0.0,True,True,True,False,True,False,True,2.524337415474366,False,False,28.900000000000002,0.1,8.0,0.6,1.5,0.5,s4_narrow_passage,M7,0
False,28.700000000000003,0.7231023361286291,0.19940132421649417,True,107.50581226735254,3906.3030020352553,0.04260338606716625,72.52370565988228,0.012848818253080626,0.2756692162775802,0.002145420912150886,0.002145420912150886,166.1099800893155,0,0.0,True,True,True,False,True,False,True,2.52433078372242,False,False,28.8,0.1,8.0,0.6,1.5,0.7,s4_narrow_passage,M7,0
False,30.75,0.7285710588541952,0.2036672067989491,True,88.81046852144863,2592.2113212194263,0.029697474326949764,72.65578034098067,0.012945926290205093,0.276574014109915,0.0021140371180248924,0.0021140371180248924,146.44694585132223,0,0.0,True,True,True,False,True,False,True,2.5234259858900847,False,False,29.75,0.1,8.0,0.6,1.8,0.3,s4_narrow_passage,M7,0
False,30.1,0.7275102921371606,0.21397001153620282,True,97.90152307630451,3211.453403226856,0.03635859006383569,72.53376867388616,0.012941681639717498,0.2765834278365246,0.0021348847322670552,0.0021348847322670552,157.0662997750381,0,0.0,True,True,True,False,True,False,True,2.5234165721634754,False,False,29.150000000000002,0.1,8.0,0.6,1.8,0.5,s4_narrow_passage,M7,0
False,29.900000000000002,0.7239136178555665,0.19655526456963102,True,107.89364573160942,3935.142637408504,0.04329725228975854,72.55000132167143,0.012942027903837703,0.2765826764357201,0.002133079911458633,0.002133079911458633,166.50003008905134,0,0.0,True,True,True,False,True,False,True,2.5234173235642796,False,False,29.5,0.1,8.0,0.6,1.8,0.7,s4_narrow_passage,M7,0
False,26.650000000000002,0.728424394561823,0.2174608769617106,True,92.37443779558019,2778.6624397068063,0.028309741881765195,72.66859054095727,0.013443026014355416,0.2809707001984723,0.001817111220823237,0.001817111220823237,150.09428002273728,0,0.0,True,True,True,False,True,False,True,2.5190292998015273,False,False,27.650000000000002,0.1,8.0,0.9,1.2,0.3,s4_narrow_passage,M7,0
False,26.35,0.7274936895172821,0.2085355938131246,True,98.7492807989235,3219.576751177953,0.035525950596724955,72.59078688383953,0.013374903844540613,0.28113076199855175,0.0022034589990920033,0.0022034589990920033,157.14538145287912,0,0.0,True,True,True,False,True,False,True,2.518869238001448,False,False,27.400000000000002,0.1,8.0,0.9,1.2,0.5,s4_narrow_passage,M7,0
False,26.25,0.7217669458819695,0.20918410968732082,True,106.39264697423773,3759.270283610212,0.04301970580072162,72.60265889132293,0.013380718114483303,0.2811089006734958,0.002166343741557766,0.002166343741557766,164.09061388397902,0,0.0,True,True,True,False,True,False,True,2.518891099326504,False,False,27.200000000000003,0.1,8.0,0.9,1.2,0.7,s4_narrow_passage,M7,0
False,27.8,0.7283096394609105,0.21447946780118082,True,90.53382943740098,2672.954269603068,0.027338329170135997,72.66965559922892,0.013803646933349012,0.2831730663995122,0.001237624797905674,0.001237624797905674,147.43160895499602,0,0.0,True,True,True,False,True,False,True,2.5168269336004876,False,False,28.35,0.1,8.0,0.9,1.5,0.3,s4_narrow_passage,M7,0
False,27.400000000000002,0.7281485224481166,0.21118243178036925,True,97.68984742583888,3168.8874194431937,0.034415764640577294,72.52668190431164,0.013517373019263363,0.283900946262504,0.0028614580319883376,0.0028614580319883376,155.339121683929,0,0.0,True,True,True,False,True,False,True,2.516099053737496,False,False,27.85,0.1,8.0,0.9,1.5,0.5,s4_narrow_passage,M7,0
False,27.35,0.7227784634335557,0.2783513403986581,True,105.57393123212842,3746.5987140077123,0.0414932001110186,72.66898706563452,0.013796412715253309,0.28318637442281713,0.0012759762963778624,0.0012759762963778624,162.80986761915432,0,0.0,True,True,True,False,True,False,True,2.516813625577183,False,False,27.85,0.1,8.0,0.9,1.5,0.7,s4_narrow_passage,M7,0
False,29.0,0.728791443174243,0.2167298773712859,True,89.19544658769915,2604.320914723442,0.02844851512628365,72.66932836503867,0.013833854068207016,0.2851627495657753,0.0020425582215626813,0.0020425582215626813,145.3073264406105,0,0.0,True,True,True,False,True,False,True,2.5148372504342245,False,False,29.0,0.1,8.0,0.9,1.8,0.3,s4_narrow_passage,M7,0
False,28.6,0.7274217034732777,0.21901873504819477,True,97.03022036586452,3147.979182442536,0.03566472384124341,72.66975761915192,0.013833017214649612,0.285164706504825,0.0020480053034420127,0.0020480053034420127,154.2779687343654,0,0.0,True,True,True,False,True,False,True,2.514835293495175,False,False,28.6,0.1,8.0,0.9,1.8,0.5,s4_narrow_passage,M7,0
False,28.55,0.7241393993936593,0.2308998636601314,True,106.41181834423861,3819.2335150178715,0.04260338606716625,72.66936753477859,0.013833648328132725,0.28516314667862663,0.0020438412008484514,0.0020438412008484514,163.1170039862783,0,0.0,True,True,True,False,True,False,True,2.5148368533213734,False,False,28.450000000000003,0.1,8.0,0.9,1.8,0.7,s4_narrow_passage,M7,0
False,25.650000000000002,0.728611144604254,0.23456126705638056,True,90.46803993220759,2575.376285256266,0.029281154593394393,72.77995126409586,0.01414191342003343,0.289004755217392,0.0025072325168313337,0.0025072325168313337,143.17072970442055,0,0.0,True,True,True,False,True,False,True,2.510995244782608,False,False,26.75,0.1,8.0,1.2,1.2,0.3,s4_narrow_passage,M7,0
False,25.400000000000002,0.727193920565701,0.2300424331473973,True,96.61397952145045,3001.706346133165,0.035803497085761866,72.77989565221641,0.01414200200230667,0.2890045438656956,0.0025066377378704942,0.0025066377378704942,149.75715852759288,0,0.0,True,True,True,False,True,False,True,2.5109954561343044,False,False,26.450000000000003,0.1,8.0,1.2,1.2,0.5,s4_narrow_passage,M7,0
False,25.35,0.7220653270566595,0.23341148831571673,True,104.05407336482563,3528.2126864192523,0.044268665001387736,72.39477005503528,0.014286035756702826,0.28848869081713285,0.0015586059563157612,0.0015586059563157612,156.58252610542993,0,0.0,True,True,True,False,True,False,True,2.511511309182867,False,False,26.35,0.1,8.0,1.2,1.2,0.7,s4_narrow_passage,M7,0
False,26.6,0.7283488939616711,0.2357953915779373,True,89.57419947584071,2562.2412680650586,0.029697474326949764,74.09923491955664,0.013873417483542635,0.2973927162597096,0.007604447419424871,0.007604447419424871,142.59149652044573,0,0.0,True,True,True,False,True,False,True,2.50260728374029,False,False,27.200000000000003,0.1,8.0,1.2,1.5,0.3,s4_narrow_passage,M7,0
False,26.35,0.7275171902064776,0.2373155539487228,True,96.53357221980622,3044.0112324285074,0.035803497085761866,74.29312387657721,0.01604899858686184,0.2927049780933853,0.003562197279677063,0.003562197279677063,150.46065151881388,0,0.0,True,True,True,False,True,False,True,2.5072950219066144,False,False,26.950000000000003,0.1,8.0,1.2,1.5,0.5,s4_narrow_passage,M7,0
False,26.400000000000002,0.7244273327975226,0.23591548533396287,True,104.77861027052127,3627.1547307173078,0.044268665001387736,74.40427614560278,0.016041043456074034,0.2927594875706961,0.003597087286357119,0.003597087286357119,157.84840724228815,0,0.0,True,True,True,False,True,False,True,2.507240512429304,False,False,26.950000000000003,0.1,8.0,1.2,1.5,0.7,s4_narrow_passage,M7,0
False,27.900000000000002,0.7288374015607,0.25040364820891214,True,88.32615428865546,2504.0046912991397,0.030668887038578962,74.17213861370983,0.01644028635341629,0.2968729884794001,0.0036633376271061773,0.0036633376271061773,141.313762465658,0,0.0,True,True,True,False,True,False,True,2.5031270115205997,False,False,27.950000000000003,0.1,8.0,1.2,1.8,0.3,s4_narrow_passage,M7,0
False,27.650000000000002,0.7275355848705873,0.2406125049568475,True,95.58496304419425,3010.0558418771557,0.038301415487094086,73.86740490557466,0.01643907791696073,0.29679011898630514,0.0036221050872253815,0.0036221050872253815,149.46201054288804,0,0.0,True,True,True,False,True,False,True,2.503209881013695,False,False,27.400000000000002,0.1,8.0,1.2,1.8,0.5,s4_narrow_passage,M7,0
False,27.700000000000003,0.7239043777883378,0.2919832887651202,True,104.54926736786834,3647.1847691749235,0.045517624202053845,73.9566823689403,0.01643808207512746,0.29686352889779594,0.0036618517371007535,0.0036618517371007535,157.80879000215913,0,0.0,True,True,True,False,True,False,True,2.503136471102204,False,False,27.85,0.1,8.0,1.2,1.8,0.7,s4_narrow_passage,M7,0
False,24.900000000000002,0.7280547723170938,0.23557690290188407,True,91.88167809345339,2763.780064358723,0.023591451568137665,72.62527006345238,0.012702720320030671,0.274188821161291,0.0021483317804572373,0.0021483317804572373,149.10368770567337,0,0.0,True,True,True,False,True,False,True,2.5258111788387088,False,False,26.1,0.2,3.0,0.6,1.2,0.3,s4_narrow_passage,M7,0
False,24.55,0.7271538894353407,0.23698823961241464,True,97.95556028439869,3171.0162618449067,0.02983624757146822,72.64936188398866,0.01270388044579007,0.27418625053034534,0.002142503642059979,0.002142503642059979,155.6887342257497,0,0.0,True,True,True,False,True,False,True,2.5258137494696546,False,False,25.8,0.2,3.0,0.6,1.2,0.5,s4_narrow_passage,M7,0
False,24.5,0.7220914113202086,0.20434080026471646,True,104.55885315742353,3627.2918238419566,0.038301415487094086,72.59150222029167,0.01270144328278631,0.27419164920933153,0.002154756693351166,0.002154756693351166,161.2728441734888,0,0.0,True,True,True,False,True,False,True,2.525808350790668,False,False,25.55,0.2,3.0,0.6,1.2,0.7,s4_narrow_passage,M7,0
False,25.85,0.7288628242520783,0.26438598696905,True,90.72932585600826,2702.7788204726976,0.024424091035248403,72.6638619062809,0.012853640263619745,0.2756585331535945,0.0021214914561605088,0.0021214914561605088,148.05259958910318,0,0.0,True,True,True,False,True,False,True,2.5243414668464053,False,False,26.5,0.2,3.0,0.6,1.5,0.3,s4_narrow_passage,M7,0
False,25.5,0.7275676910508639,0.23625837619177623,True,97.22638759184768,3149.1804640613764,0.030807660283097418,72.5670917496681,0.0128496222537126,0.2756674282313831,0.0021414769861729105,0.0021414769861729105,155.11298753686575,0,0.0,True,True,True,False,True,False,True,2.5243325717686167,False,False,26.200000000000003,0.2,3.0,0.6,1.5,0.5,s4_narrow_passage,M7,0
False,25.5,0.7247682880339841,0.23098259128517587,True,104.9221665085785,3689.5995388364367,0.03996669442131557,72.53546954226998,0.012848965265561516,0.27566888189945343,0.002144748083248319,0.002144748083248319,162.1585383280205,0,0.0,True,True,True,False,True,False,True,2.5243311181005463,False,False,26.200000000000003,0.2,3.0,0.6,1.5,0.7,s4_narrow_passage,M7,0
False,27.0,0.728269391138016,0.24013419660188698,True,90.07013985603659,2676.185576528517,0.025950596724951428,72.66021967585641,0.012946269143647347,0.2765732844930426,0.0021121575824427047,0.0021121575824427047,147.71615356766165,0,0.0,True,True,True,False,True,False,True,2.5234267155069574,False,False,27.25,0.2,3.0,0.6,1.8,0.3,s4_narrow_passage,M7,0
False,26.700000000000003,0.727731266620639,0.2607649958883703,True,97.20477366144083,3170.978685467047,0.033721898417985015,72.62351876161473,0.01294436315779611,0.2765774964118997,0.002121618293601743,0.002121618293601743,155.37632230032693,0,0.0,True,True,True,False,True,False,True,2.5234225035881,False,False,26.900000000000002,0.2,3.0,0.6,1.8,0.5,s4_narrow_passage,M7,0
False,26.700000000000003,0.7244084274927196,0.22801370219099773,True,105.73060162817622,3777.453142027118,0.041076880377463224,72.67593351990266,0.012947250078549138,0.27657111653751526,0.002107288349389491,0.002107288349389491,163.41525494250604,0,0.0,True,True,True,False,True,False,True,2.5234288834624845,False,False,26.900000000000002,0.2,3.0,0.6,1.8,0.7,s4_narrow_passage,M7,0
False,23.8,0.7283309671052514,0.22492231175273478,True,93.82458432423012,2852.5234697851733,0.026089369969469887,72.58268857698567,0.01337161058694171,0.28114306358727376,0.002224428162931522,0.002224428162931522,151.40829852580185,0,0.0,True,True,True,False,True,False,True,2.518856936412726,False,False,25.1,0.2,3.0,0.9,1.2,0.3,s4_narrow_passage,M7,0
False,23.450000000000003,0.7276469565320325,0.2996586814419723,True,98.32142336393645,3138.5797880255527,0.029697474326949764,72.62007770127792,0.013395835679382026,0.2810548983591208,0.002067934468875867,0.002067934468875867,155.99135293573175,0,0.0,True,True,True,False,True,False,True,2.5189451016408793,False,False,24.75,0.2,3.0,0.9,1.2,0.5,s4_narrow_passage,M7,0
False,23.400000000000002,0.7227933224980407,0.2609864821697963,True,104.7142008943506,3561.5241665129424,0.036774909797391064,72.63579602698319,0.013416150601196214,0.28101682622655005,0.0019544684965097517,0.0019544684965097517,161.6391251747574,0,0.0,True,True,True,False,True,False,True,2.51898317377345,False,False,24.8,0.2,3.0,0.9,1.2,0.7,s4_narrow_passage,M7,0
False,24.5,0.728283606534774,0.27891551730099823,True,91.47765597480459,2735.790398073399,0.02192617263391618,72.6681812524924,0.013803363491189944,0.2831722762188294,0.0012363619678178873,0.0012363619678178873,148.35278329507105,0,0.0,True,True,True,False,True,False,True,2.5168277237811703,False,False,25.400000000000002,0.2,3.0,0.9,1.5,0.3,s4_narrow_passage,M7,0
False,24.3,0.727215640674814,0.22978699425653287,True,98.11251998507478,3187.4852412843047,0.029281154593394393,72.66893310357062,0.013804781822485407,0.2831702266546529,0.0012300278724697254,0.0012300278724697254,155.17426580720036,0,0.0,True,True,True,False,True,False,True,2.516829773345347,False,False,25.150000000000002,0.2,3.0,0.9,1.5,0.5,s4_narrow_passage,M7,0
False,24.35,0.7226486363722746,0.2922564400369259,True,105.14507629356754,3677.115140502643,0.036774909797391064,72.56766582374777,0.01352231380919896,0.2838869811987395,0.002833347586845737,0.002833347586845737,161.48578733886967,0,0.0,True,True,True,False,True,False,True,2.5161130188012604,False,False,25.400000000000002,0.2,3.0,0.9,1.5,0.7,s4_narrow_passage,M7,0
False,25.55,0.7283405866365811,0.26337803723105174,True,90.74803066155245,2716.054796124944,0.023036358590063834,72.66877859693376,0.01383514391369707,0.28515987491288136,0.0020342580222330532,0.0020342580222330532,146.90182425522636,0,0.0,True,True,True,False,True,False,True,2.5148401250871184,False,False,26.25,0.2,3.0,0.9,1.8,0.3,s4_narrow_passage,M7,0
False,25.400000000000002,0.7277774904680909,0.28763046599574577,True,96.20413048841061,3076.8535924849484,0.03025256730502359,72.67131493755761,0.013830018701011693,0.2851717428571629,0.0020675421846833427,0.0020675421846833427,152.4400150175448,0,0.0,True,True,True,False,True,False,True,2.514828257142837,False,False,25.85,0.2,3.0,0.9,1.8,0.5,s4_narrow_passage,M7,0
False,25.400000000000002,0.7245204905185043,0.2829805192856815,True,103.31665786007892,3557.338680274384,0.038578961976131004,72.66938173399404,0.01383396705215146,0.2851626262645926,0.002041917036578987,0.002041917036578987,158.86723012216535,0,0.0,True,True,True,False,True,False,True,2.514837373735407,False,False,26.05,0.2,3.0,0.9,1.8,0.7,s4_narrow_passage,M7,0
False,23.05,0.7270708460788298,0.24160169545914614,True,91.60125220230944,2613.867613829028,0.02997502081598668,72.7797872573056,0.014142174643808784,0.28900413194011537,0.0025054785681638456,0.0025054785681638456,143.62437289028497,0,0.0,True,True,True,False,True,False,True,2.5109958680598843,False,False,24.5,0.2,3.0,1.2,1.2,0.3,s4_narrow_passage,M7,0
False,22.8,0.7266306013816923,0.26493172702572587,True,97.71904094380761,3024.506307653932,0.03219539272828199,74.12837034474471,0.015545509588620977,0.2869621326717359,0.00408884074036854,0.00408884074036854,151.277285673044,0,0.0,True,True,True,False,True,False,True,2.513037867328264,False,False,24.75,0.2,3.0,1.2,1.2,0.5,s4_narrow_passage,M7,0
False,22.700000000000003,0.7214048303460243,0.2356955765817666,True,101.5858545377139,3256.5592016164164,0.03788509575353872,72.7797852540597,0.01414217784193087,0.2890041243156484,0.0025054570933859812,0.0025054570933859812,152.34773070886214,0,0.0,True,True,True,False,True,False,True,2.5109958756843516,False,False,24.3,0.2,3.0,1.2,1.2,0.7,s4_narrow_passage,M7,0
False,23.6,0.7281260270395029,0.25658707706984135,True,90.87321572989761,2635.5942286027166,0.025534276991396057,74.44688923681798,0.016041474340761502,0.2928712793412011,0.0036353903627286775,0.0036353903627286775,143.53071477460165,0,0.0,True,True,True,False,True,False,True,2.5071287206587987,False,False,24.700000000000003,0.2,3.0,1.2,1.5,0.3,s4_narrow_passage,M7,0
False,23.450000000000003,0.7270878050144394,0.2723636077791628,True,97.15911654311554,3047.038102957992,0.031362753261171245,74.25186280122813,0.01386201388503625,0.2972676703004356,0.007590242995246363,0.007590242995246363,149.82508254766628,0,0.0,True,True,True,False,True,False,True,2.502732329699564,False,False,24.3,0.2,3.0,1.2,1.5,0.5,s4_narrow_passage,M7,0
False,23.450000000000003,0.7210871814011728,0.3043225827022563,True,103.49769835124746,3474.9762058194606,0.03913405495420483,74.20581069795384,0.013835907099307309,0.29713775813996596,0.007535037650262353,0.007535037650262353,155.0864082749407,0,0.0,True,True,True,False,True,False,True,2.5028622418600337,False,False,24.3,0.2,3.0,1.2,1.5,0.7,s4_narrow_passage,M7,0
False,24.55,0.728249523596016,0.25735858899464675,True,89.57048339781034,2580.314257573283,0.025256730502359145,74.11370667232536,0.014298012372827603,0.300945515185347,0.0075289883924939995,0.0075289883924939995,141.84751642889472,0,0.0,True,True,True,False,True,False,True,2.499054484814653,False,False,25.3,0.2,3.0,1.2,1.8,0.3,s4_narrow_passage,M7,0
False,24.400000000000002,0.7276056046526846,0.2649963562918883,True,94.82675183881115,2905.702338378736,0.03302803219539273,73.21723682099255,0.014285916951872433,0.30084769914384907,0.00750233078605988,0.00750233078605988,147.27892947527084,0,0.0,True,True,True,False,True,False,True,2.4991523008561507,False,False,25.3,0.2,3.0,1.2,1.8,0.5,s4_narrow_passage,M7,0
False,24.400000000000002,0.7241834441191977,0.2736745186976117,True,103.34211398800876,3500.6818906661892,0.04093810713294477,73.70103085300796,0.016437885346505594,0.296838362201464,0.003646959661971385,0.003646959661971385,155.093036005315,0,0.0,True,True,True,False,True,False,True,2.5031616377985357,False,False,24.700000000000003,0.2,3.0,1.2,1.8,0.7,s4_narrow_passage,M7,0
False,25.400000000000002,0.7285725239311327,0.22968597105287406,True,91.68270654530977,2745.5787571578,0.02414654454621149,72.65049650350865,0.012703932778534802,0.2741861321677522,0.0021422568343762573,0.0021422568343762573,148.85832509933442,0,0.0,True,True,True,False,True,False,True,2.5258138678322477,False,False,26.400000000000002,0.2,5.0,0.6,1.2,0.3,s4_narrow_passage,M7,0
False,25.1,0.7275250419811263,0.2362946746244594,True,97.94037587524417,3171.2206541184196,0.031085206772134333,72.6903572289022,0.012706373504887847,0.27418072082121125,0.0021300116520637127,0.0021300116520637127,155.7637291292201,0,0.0,True,True,True,False,True,False,True,2.525819279178789,False,False,26.05,0.2,5.0,0.6,1.2,0.5,s4_narrow_passage,M7,0
False,25.0,0.7224649496241013,0.20337735524226258,True,105.35525329298844,3690.460875733019,0.03913405495420483,72.66093772142666,0.012704522211002302,0.27418482964284335,0.0021392712968716656,0.0021392712968716656,162.28327823008803,0,0.0,True,True,True,False,True,False,True,2.5258151703571565,False,False,25.900000000000002,0.2,5.0,0.6,1.2,0.7,s4_narrow_passage,M7,0
False,26.3,0.7282008814432686,0.22169865020055038,True,91.02017747297921,2727.295419001848,0.024840410768803774,72.49617107849394,0.012848520362943863,0.27566986660869036,0.0021469609516268973,0.0021469609516268973,148.52530652956102,0,0.0,True,True,True,False,True,False,True,2.5243301333913095,False,False,26.900000000000002,0.2,5.0,0.6,1.5,0.3,s4_narrow_passage,M7,0
False,26.0,0.7274329160369739,0.22031503890244786,True,97.80482004451142,3189.5476459400284,0.03164029975020816,72.47881164198007,0.012848438980669749,0.27567004639930165,0.0021473678781501995,0.0021473678781501995,155.9084323143282,0,0.0,True,True,True,False,True,False,True,2.5243299536006982,False,False,26.6,0.2,5.0,0.6,1.5,0.5,s4_narrow_passage,M7,0
False,26.0,0.7229790586813134,0.2597070510934368,True,105.87566065631353,3768.2146244282567,0.04093810713294477,72.55705423057013,0.012849381633982367,0.2756679602933258,0.0021426772730227367,0.0021426772730227367,163.3533660571853,0,0.0,True,True,True,False,True,False,True,2.524332039706674,False,False,26.450000000000003,0.2,5.0,0.6,1.5,0.7,s4_narrow_passage,M7,0
False,27.5,0.7284316457704556,0.22275941241816544,True,90.0943474498122,2669.0444762123993,0.026505689703025255,72.49510684995978,0.012941226731482272,0.2765844323849837,0.0021371452044734655,0.0021371452044734655,147.55121621236574,0,0.0,True,True,True,False,True,False,True,2.5234155676150163,False,False,27.6,0.2,5.0,0.6,1.8,0.3,s4_narrow_passage,M7,0
False,27.200000000000003,0.7276775849505348,0.22145062766502197,True,97.69587914143796,3199.063605005567,0.03413821815154038,72.4975906689293,0.012941243657326953,0.27658439454744416,0.002137064033479511,0.002137064033479511,156.30743591172856,0,0.0,True,True,True,False,True,False,True,2.5234156054525556,False,False,27.25,0.2,5.0,0.6,1.8,0.5,s4_narrow_passage,M7,0
False,27.150000000000002,0.7238843025070751,0.22244716596294623,True,105.88513942025986,3773.353511716702,0.04135442686650014,72.48109890289496,0.012941149008526555,0.27658460369548754,0.002137533429527142,0.002137533429527142,163.76968643203097,0,0.0,True,True,True,False,True,False,True,2.5234153963045123,False,False,27.200000000000003,0.2,5.0,0.6,1.8,0.7,s4_narrow_passage,M7,0
False,24.1,0.7275590806588934,0.21513504200264347,True,93.78323496636877,2861.614343382005,0.026089369969469887,72.67062466691029,0.013444671084801569,0.2809678671215596,0.0018088889531459138,0.0018088889531459138,151.34179624668167,0,0.0,True,True,True,False,True,False,True,2.5190321328784404,False,False,25.3,0.2,5.0,0.9,1.2,0.3,s4_narrow_passage,M7,0
False,23.900000000000002,0.7274951978746131,0.2173068081916593,True,98.58466563498254,3161.699337148946,0.030668887038578962,72.66945442008348,0.013443806320755354,0.280969354116769,0.0018131204020419812,0.0018131204020419812,156.11700711013282,0,0.0,True,True,True,False,True,False,True,2.519030645883231,False,False,25.1,0.2,5.0,0.9,1.2,0.5,s4_narrow_passage,M7,0
False,23.8,0.7224495659487402,0.2290039486189968,True,105.13306641901927,3601.5395062570133,0.03816264224257563,72.61418299890938,0.013389223934112465,0.2810780700513232,0.002111266007881375,0.002111266007881375,161.98164242365328,0,0.0,True,True,True,False,True,False,True,2.5189219299486765,False,False,25.1,0.2,5.0,0.9,1.2,0.7,s4_narrow_passage,M7,0
False,24.900000000000002,0.7285101988767229,0.2709527500905194,True,91.5815409573123,2740.9104102565825,0.02331390507910075,72.66988116723792,0.01379998579253884,0.2831803181289209,0.0012581121354615875,0.0012581121354615875,148.4272164584696,0,0.0,True,True,True,False,True,False,True,2.516819681871079,False,False,25.75,0.2,5.0,0.9,1.5,0.3,s4_narrow_passage,M7,0
False,24.75,0.7276861825144036,0.22455988456338166,True,98.0534480998106,3185.1341877066593,0.030113794060505135,72.52645274110185,0.013515846785131761,0.28390428619181507,0.0028713913556742093,0.0028713913556742093,155.07128848737324,0,0.0,True,True,True,False,True,False,True,2.516095713808185,False,False,25.55,0.2,5.0,0.9,1.5,0.5,s4_narrow_passage,M7,0
False,24.75,0.7245992147872495,0.22080876138155225,True,105.09296708337948,3662.654783449829,0.03746877601998335,72.66898411087318,0.01380471071685154,0.2831704097686622,0.0012305147900982096,0.0012305147900982096,161.382876202565,0,0.0,True,True,True,False,True,False,True,2.5168295902313376,False,False,25.6,0.2,5.0,0.9,1.5,0.7,s4_narrow_passage,M7,0
False,26.05,0.72839368016358,0.24317200948035825,True,91.4436893682942,2770.5779245293743,0.02470163752428532,72.67137072017417,0.013829453053961783,0.28517276897145927,0.0020710268702428774,0.0020710268702428774,147.6507360924308,0,0.0,True,True,True,False,True,False,True,2.5148272310285407,False,False,26.900000000000002,0.2,5.0,0.9,1.8,0.3,s4_narrow_passage,M7,0
False,25.85,0.7279889287287766,0.22452460348029132,True,97.21368195616003,3152.259370306386,0.0315015265056897,72.66974209689972,0.0138330637421175,0.2851646082632309,0.002047709505309843,0.002047709505309843,153.7189666621984,0,0.0,True,True,True,False,True,False,True,2.514835391736769,False,False,26.5,0.2,5.0,0.9,1.8,0.5,s4_narrow_passage,M7,0
False,25.900000000000002,0.7242293606100045,0.22891356695437554,True,104.97416005549258,3694.735949324822,0.03968914793227866,72.67063641972854,0.013831336763929017,0.28516865749461856,0.002058958799383572,0.002058958799383572,160.73636421868036,0,0.0,True,True,True,False,True,False,True,2.5148313425053814,False,False,26.5,0.2,5.0,0.9,1.8,0.7,s4_narrow_passage,M7,0
False,23.3,0.72717690821048,0.23406864340547648,True,91.65150877677434,2631.391244417498,0.02941992783791285,72.39476455231468,0.01428595359338155,0.28848888796901084,0.0015591515025323306,0.0015591515025323306,143.78836707080256,0,0.0,True,True,True,False,True,False,True,2.511511112030989,False,False,24.650000000000002,0.2,5.0,1.2,1.2,0.3,s4_narrow_passage,M7,0
False,23.200000000000003,0.7265795098687431,0.2496434148316091,True,97.66195730357538,3020.3993957599796,0.03233416597280044,73.82818415882669,0.015554907823724725,0.28711718929869007,0.004133718358920569,0.004133718358920569,151.20674426782216,0,0.0,True,True,True,False,True,False,True,2.51288281070131,False,False,25.150000000000002,0.2,5.0,1.2,1.2,0.5,s4_narrow_passage,M7,0
False,23.05,0.7210758084764073,0.2283020422838888,True,102.26887707793365,3333.2011836262536,0.03913405495420483,72.39466846918017,0.01428597689104221,0.2884888320758522,0.0015589968253362503,0.0015589968253362503,153.2553296084413,0,0.0,True,True,True,False,True,False,True,2.5115111679241475,False,False,24.5,0.2,5.0,1.2,1.2,0.7,s4_narrow_passage,M7,0
False,24.05,0.7286112474324906,0.2665070331073232,True,90.46972554192888,2595.0111211369435,0.025950596724951428,73.56572594361228,0.01606679072031435,0.2928337170192084,0.003568359010754757,0.003568359010754757,143.06479835865224,0,0.0,True,True,True,False,True,False,True,2.5071662829807915,False,False,25.0,0.2,5.0,1.2,1.5,0.3,s4_narrow_passage,M7,0
False,23.85,0.7277219849250163,0.23914620318955687,True,95.87059868795933,2937.484463164711,0.03164029975020816,74.08967294497761,0.013873579551168474,0.29739770860012854,0.007604116199034483,0.007604116199034483,148.28983854066234,0,0.0,True,True,True,False,True,False,True,2.5026022913998713,False,False,24.900000000000002,0.2,5.0,1.2,1.5,0.5,s4_narrow_passage,M7,0
False,23.85,0.7223920938019657,0.24102997715930333,True,103.29136099013414,3464.7703681413586,0.040105467665834026,74.22072583584988,0.01605346157023782,0.29293639897098067,0.003641253299416193,0.003641253299416193,154.94121434193292,0,0.0,True,True,True,False,True,False,True,2.507063601029019,False,False,24.6,0.2,5.0,1.2,1.5,0.7,s4_narrow_passage,M7,0
False,25.05,0.7286285500487495,0.24944303426054862,True,89.96214819750269,2609.8105885048517,0.02719955592561754,73.22738588558639,0.014285819404226149,0.3008459002311517,0.007502913235948151,0.007502913235948151,142.51548368722047,0,0.0,True,True,True,False,True,False,True,2.499154099768848,False,False,25.35,0.2,5.0,1.2,1.8,0.3,s4_narrow_passage,M7,0
False,24.85,0.7276899446799121,0.24893725928706537,True,95.55960597397609,2968.988352051627,0.033721898417985015,74.241286003479,0.016440632360296293,0.29686754362128104,0.0036540507576874894,0.0036540507576874894,148.21350457175603,0,0.0,True,True,True,False,True,False,True,2.5031324563787187,False,False,25.400000000000002,0.2,5.0,1.2,1.8,0.5,s4_narrow_passage,M7,0
False,24.900000000000002,0.7228956061153153,0.30121154063065214,True,103.84056833047,3565.2321937842325,0.041909519844573966,73.00999057713352,0.014288503115055523,0.30090562333823034,0.007494813663987698,0.007494813663987698,155.77715281197777,0,0.0,True,True,True,False,True,False,True,2.4990943766617697,False,False,25.950000000000003,0.2,5.0,1.2,1.8,0.7,s4_narrow_passage,M7,0
False,25.400000000000002,0.7285040239369998,0.19554779316225995,True,92.0807456221518,2761.809134632021,0.024424091035248403,72.64695374872167,0.012703737016398207,0.2741865629902502,0.002143260212790854,0.002143260212790854,149.05494735280746,0,0.0,True,True,True,False,True,False,True,2.5258134370097496,False,False,26.35,0.2,8.0,0.6,1.2,0.3,s4_narrow_passage,M7,0
False,25.150000000000002,0.7276129684248251,0.19572891667404474,True,98.1084271347118,3167.1688602745753,0.031085206772134333,72.59313896728969,0.012701488640123501,0.274191546421809,0.002154544278871,0.002154544278871,155.73528007315778,0,0.0,True,True,True,False,True,False,True,2.5258084535781906,False,False,26.05,0.2,8.0,0.6,1.2,0.5,s4_narrow_passage,M7,0
False,25.0,0.7222052733551745,0.1971885250122718,True,105.41271837542405,3669.1561996955515,0.0395503746877602,72.57744568445925,0.01270104724220629,0.2741925332503244,0.0021567018189259327,0.0021567018189259327,162.45763804664801,0,0.0,True,True,True,False,True,False,True,2.5258074667496753,False,False,25.900000000000002,0.2,8.0,0.6,1.2,0.7,s4_narrow_passage,M7,0
False,26.400000000000002,0.7287664567187166,0.21238317506537738,True,91.49364799447183,2745.2296149434724,0.025673050235914516,72.67031157700714,0.01285404491151714,0.275657641160278,0.0021194530192142538,0.0021194530192142538,148.9238542796309,0,0.0,True,True,True,False,True,False,True,2.524342358839722,False,False,26.900000000000002,0.2,8.0,0.6,1.5,0.3,s4_narrow_passage,M7,0
False,26.05,0.7279944924581219,0.2186645272050201,True,97.96746259464042,3183.95383285962,0.03205661948376353,72.68130341064091,0.012854758819019062,0.27565606195907927,0.0021158916792523214,0.0021158916792523214,155.94572712963839,0,0.0,True,True,True,False,True,False,True,2.5243439380409205,False,False,26.55,0.2,8.0,0.6,1.5,0.5,s4_narrow_passage,M7,0
False,26.0,0.7229452879796601,0.21648630553166412,True,105.81557406255077,3729.9274918025753,0.04079933388842631,72.50276391018616,0.01284856674424068,0.2756697632930752,0.002146734552169213,0.002146734552169213,163.1348164418203,0,0.0,True,True,True,False,True,False,True,2.5243302367069247,False,False,26.450000000000003,0.2,8.0,0.6,1.5,0.7,s4_narrow_passage,M7,0
False,27.55,0.7283577507523231,0.21651959924859082,True,90.76060372793309,2709.4521778388753,0.026228143213988343,72.53680499850847,0.012941729326014855,0.27658332105486944,0.0021346571536871766,0.0021346571536871766,148.3585450631714,0,0.0,True,True,True,False,True,False,True,2.5234166789451304,False,False,27.55,0.2,8.0,0.6,1.8,0.3,s4_narrow_passage,M7,0
False,27.200000000000003,0.7277134070782634,0.21812716107502364,True,98.16363728872007,3216.8583693030478,0.03483208437413267,72.51630546561543,0.012941426174038173,0.27658399070354517,0.0021361622182354345,0.0021361622182354345,156.68100347714721,0,0.0,True,True,True,False,True,False,True,2.523416009296455,False,False,27.200000000000003,0.2,8.0,0.6,1.8,0.5,s4_narrow_passage,M7,0
False,27.150000000000002,0.7247039886292697,0.21866883811357515,True,106.29389138009918,3789.3773665712974,0.041909519844573966,72.67384026208612,0.012947114863608292,0.2765714158688091,0.002107956487954375,0.002107956487954375,164.0984063707191,0,0.0,True,True,True,False,True,False,True,2.5234285841311905,False,False,27.150000000000002,0.2,8.0,0.6,1.8,0.7,s4_narrow_passage,M7,0
False,24.1,0.7282016533002926,0.25561618098751515,True,93.7633790396057,2848.6675627556565,0.025950596724951428,72.62212290289933,0.013402261190131493,0.2810406568281831,0.002029968148416797,0.002029968148416797,151.33318196367958,0,0.0,True,True,True,False,True,False,True,2.518959343171817,False,False,25.35,0.2,8.0,0.9,1.2,0.3,s4_narrow_passage,M7,0
False,23.900000000000002,0.7266915461925623,0.22258261574312632,True,99.05584992234805,3190.8462514093585,0.03122398001665279,72.51199088161871,0.0133591303635317,0.2811919395594526,0.0023022558543731894,0.0023022558543731894,156.60854566616644,0,0.0,True,True,True,False,True,False,True,2.518808060440547,False,False,25.1,0.2,8.0,0.9,1.2,0.5,s4_narrow_passage,M7,0
False,23.8,0.7223264204575093,0.2447110525490911,True,105.07526168583364,3597.42340965124,0.03871773522064946,72.61873848295711,0.013394064744910518,0.28106101295527613,0.002079588896241032,0.002079588896241032,161.6532540475475,0,0.0,True,True,True,False,True,False,True,2.5189389870447236,False,False,24.950000000000003,0.2,8.0,0.9,1.2,0.7,s4_narrow_passage,M7,0
False,24.950000000000003,0.7286481367677584,0.21905290242208914,True,92.3231418651946,2786.3054271170718,0.02331390507910075,72.66883756241903,0.013804352505138824,0.2831709669298472,0.0012321973085623755,0.0012321973085623755,148.93594717192656,0,0.0,True,True,True,False,True,False,True,2.5168290330701524,False,False,25.75,0.2,8.0,0.9,1.5,0.3,s4_narrow_passage,M7,0
False,24.700000000000003,0.7278177311950065,0.2358433907128685,True,97.9805453987749,3159.978157254088,0.03025256730502359,72.54694725498126,0.013517590641286737,0.28389947100009444,0.002861323675971689,0.002861323675971689,155.02271597981476,0,0.0,True,True,True,False,True,False,True,2.5161005289999054,False,False,25.400000000000002,0.2,8.0,0.9,1.5,0.5,s4_narrow_passage,M7,0
False,24.75,0.7228754974271532,0.2779126733292307,True,105.50173120814753,3689.6849005282124,0.037607549264501806,72.6689317638477,0.01379723624441199,0.283184741662908,0.0012713593835190422,0.0012713593835190422,161.69936628384676,0,0.0,True,True,True,False,True,False,True,2.516815258337092,False,False,25.35,0.2,8.0,0.9,1.5,0.7,s4_narrow_passage,M7,0
False,26.0,0.7285078442078505,0.2712498133480305,True,90.14887280011922,2645.7387070326736,0.02511795725784069,72.66988430499582,0.013832829824921103,0.28516518339744973,0.0020492509417264263,0.0020492509417264263,145.89805442169518,0,0.0,True,True,True,False,True,False,True,2.51483481660255,False,False,26.25,0.2,8.0,0.9,1.8,0.3,s4_narrow_passage,M7,0
False,25.85,0.7275683840636005,0.24477741917434878,True,96.51251693419748,3076.1313078340827,0.03122398001665279,72.67011923451517,0.013832305319964695,0.28516636675899293,0.0020526363414184803,0.0020526363414184803,152.85392648738264,0,0.0,True,True,True,False,True,False,True,2.514833633241007,False,False,26.1,0.2,8.0,0.9,1.8,0.5,s4_narrow_passage,M7,0
False,25.85,0.723588731083791,0.2774492295454253,True,104.62146980003205,3643.6557125195845,0.03996669442131557,72.67029550846472,0.013831872465295837,0.28516732106293513,0.002055415409034752,0.002055415409034752,160.17168452595308,0,0.0,True,True,True,False,True,False,True,2.5148326789370645,False,False,26.0,0.2,8.0,0.9,1.8,0.7,s4_narrow_passage,M7,0
False,23.25,0.7274340613588242,0.23099614838320265,True,92.05408054615042,2653.857438034944,0.029281154593394393,72.39477796043208,0.014285902994662996,0.2884890093788632,0.0015594874645895012,0.0015594874645895012,144.12316059272808,0,0.0,True,True,True,False,True,False,True,2.5115109906211366,False,False,24.6,0.2,8.0,1.2,1.2,0.3,s4_narrow_passage,M7,0
False,23.150000000000002,0.7267179712704246,0.2312762553239386,True,96.37206360907574,2913.261988978105,0.03275048570635582,72.3947654712111,0.014285933914346183,0.2884889351886854,0.001559282166743392,0.001559282166743392,148.17926856910165,0,0.0,True,True,True,False,True,False,True,2.5115110648113146,False,False,24.5,0.2,8.0,1.2,1.2,0.5,s4_narrow_passage,M7,0
False,23.0,0.7210563567938799,0.23381716923523954,True,102.49983192774717,3323.430435732715,0.03899528170968637,72.39475460288375,0.014285879568630352,0.28848906559201754,0.0015596430122276769,0.0015596430122276769,153.4017075494409,0,0.0,True,True,True,False,True,False,True,2.5115109344079825,False,False,24.400000000000002,0.2,8.0,1.2,1.2,0.7,s4_narrow_passage,M7,0
False,23.950000000000003,0.7283302996961172,0.2814168894229681,True,90.63258477804948,2596.9393268944236,0.026228143213988343,74.45077073227434,0.01603999805520907,0.29284838838759814,0.0036271697943930357,0.0036271697943930357,143.10623783059327,0,0.0,True,True,True,False,True,False,True,2.5071516116124015,False,False,24.85,0.2,8.0,1.2,1.5,0.3,s4_narrow_passage,M7,0
False,23.75,0.7276796475950233,0.23475666282110816,True,96.82842792722413,3014.34534799129,0.03177907299472662,74.42896539449805,0.016043529296991155,0.2928965513317257,0.0036453348934507115,0.0036453348934507115,149.3200658002596,0,0.0,True,True,True,False,True,False,True,2.507103448668274,False,False,24.55,0.2,8.0,1.2,1.5,0.5,s4_narrow_passage,M7,0
False,23.8,0.7225885991463608,0.26937784658065783,True,103.15058024271808,3427.9989568353412,0.039827921176797114,73.58826844122612,0.013852669036246866,0.297470977652688,0.007508046957750016,0.007508046957750016,154.56084024233988,0,0.0,True,True,True,False,True,False,True,2.502529022347312,False,False,25.0,0.2,8.0,1.2,1.5,0.7,s4_narrow_passage,M7,0
False,25.0,0.728441236871556,0.272347560886992,True,89.370153077206,2545.8018589862436,0.027477102414654453,74.2783523962997,0.016443757437367625,0.29685636449052605,0.0036448235866977257,0.0036448235866977257,141.45069864706718,0,0.0,True,True,True,False,True,False,True,2.5031436355094736,False,False,25.400000000000002,0.2,8.0,1.2,1.8,0.3,s4_narrow_passage,M7,0
False,24.85,0.7274590755773256,0.24137040812858424,True,95.67428826150184,2957.904934446947,0.033999444907021927,73.99819307668204,0.014302479933956128,0.3009085851223275,0.007553468943801014,0.007553468943801014,148.1303357801574,0,0.0,True,True,True,False,True,False,True,2.499091414877672,False,False,25.650000000000002,0.2,8.0,1.2,1.8,0.5,s4_narrow_passage,M7,0
False,24.900000000000002,0.7234578302744492,0.26538428397139413,True,103.6955703871872,3531.2472847717563,0.04274215931168471,73.29017375633724,0.014285286359617408,0.3008333244466324,0.007505468626421597,0.007505468626421597,155.51344209030705,0,0.0,True,True,True,False,True,False,True,2.4991666755533672,False,False,25.75,0.2,8.0,1.2,1.8,0.7,s4_narrow_passage,M7,0
