success,completion_time,min_obs_distance,min_agent_distance,collisions,control_cost,control_smoothness,input_saturation_ratio,max_angle_gap_deg,radius_variance,mean_radius,current_center_error,predicted_center_error,path_length,stall_steps,convoy_ratio,inside_any,inside_final,gmax_success,radius_success,sigma_success,no_collision,obs_collision,agent_collision,dwell_success,dwell_geom_success,dwell_success_no_collision,radius_error_final,success_geom_final,success_no_collision,gmax_reach_time,time_to_inside,time_to_gmax,time_to_radius,time_to_full_geom,success_hold_time,post_success_violation_count,last_10s_gmax_mean,last_10s_radius_error_mean,last_10s_inside_rate,scene,method,seed,topo_rho_floor
False,17.95,0.9105011754526917,0.3207691351940073,True,92.2165776601704,715.9889661023336,0.03162713275072826,72.05837038218647,0.06906136210380089,0.6256505623097494,0.006266489600482165,0.006266489600482165,124.09007341624974,0,0.0,True,True,True,False,True,False,False,True,True,True,False,2.1743494376902506,False,False,23.650000000000002,23.55,23.650000000000002,20.55,40.0,22.1,0,72.3678171253393,2.177518167004349,1.0,s4_narrow_passage_medium,M7,10,0.6
False,18.0,0.9742434007988863,0.29871574034703946,True,91.6654570025563,730.3473907054389,0.031835205992509365,72.07274540958444,0.06910001681601395,0.6256157080191649,0.006523869028425945,0.006523869028425945,123.64212380285798,0,0.0,True,True,True,False,True,False,False,True,True,True,False,2.174384291980835,False,False,24.200000000000003,23.700000000000003,24.200000000000003,20.6,40.0,22.05,0,72.31176050419327,2.1775165024473955,1.0,s4_narrow_passage_medium,M7,11,0.6
False,17.95,0.7748108501900302,0.31305018545130514,True,92.28947437099538,842.7034856560916,0.041406575114440285,72.2216768190686,0.0695548844102399,0.6252689638253635,0.005768172236502244,0.005768172236502244,123.94278053498577,0,0.0,True,True,True,False,True,False,False,True,True,True,False,2.174731036174636,False,False,23.900000000000002,23.55,23.900000000000002,20.55,40.0,22.1,0,72.41253714898801,2.177491776407836,1.0,s4_narrow_passage_medium,M7,12,0.6
False,17.8,0.965540296222646,0.29709199555065147,True,91.79207220818057,724.3890811117703,0.027049521431543905,72.04043802010555,0.07669273831187944,0.6193148097812039,0.0001348631769848986,0.0001348631769848986,123.5692051287077,0,0.0,True,True,True,False,True,False,False,True,True,True,False,2.180685190218796,False,False,23.75,23.55,23.75,20.450000000000003,40.0,22.25,0,72.32311023719481,2.1775343683070667,1.0,s4_narrow_passage_medium,M7,13,0.6
False,17.650000000000002,0.9607829756324853,0.2975973990070399,True,92.00177790582426,699.6196123449362,0.02247191011235955,72.00103563646374,0.0766550258830744,0.619345071309366,7.6210913156751e-05,7.6210913156751e-05,123.59949314740095,0,0.0,True,True,True,False,True,False,False,True,True,True,False,2.180654928690634,False,False,23.650000000000002,23.55,23.650000000000002,20.35,40.0,22.400000000000002,0,72.30939507488239,2.177533343520082,1.0,s4_narrow_passage_medium,M7,14,0.6
False,18.05,0.9714490127975426,0.29826783282951685,True,92.0379048923324,744.4661618578388,0.0359966708281315,72.06522642421373,0.06907739948345792,0.6256371288988536,0.00622350709489572,0.00622350709489572,124.24824593921383,0,0.0,True,True,True,False,True,False,False,True,True,True,False,2.1743628711011462,False,False,24.6,24.0,24.6,20.700000000000003,40.0,22.0,0,72.3266011270999,2.1775167302501988,1.0,s4_narrow_passage_medium,M7,15,0.6
False,17.8,0.9127836929551896,0.29902355749822607,True,91.90563177778839,724.9537925786691,0.031210986267166042,72.01716655322811,0.0766660098551424,0.6193358611652017,0.0001898082243769515,0.0001898082243769515,123.77726045148259,0,0.0,True,True,True,False,True,False,False,True,True,True,False,2.180664138834798,False,False,24.05,23.55,24.05,20.5,40.0,22.25,0,72.29481970075516,2.1775330715867676,1.0,s4_narrow_passage_medium,M7,16,0.6
False,17.75,0.8295320134129531,0.32296301675097544,True,92.76394850165804,725.052783394725,0.03953391593841032,72.05826781346981,0.06907484819020308,0.6256392668088324,0.006279521701692294,0.006279521701692294,124.05669095206832,0,0.0,True,True,True,False,True,False,False,True,True,True,False,2.1743607331911674,False,False,25.0,23.55,25.0,20.3,40.0,22.3,0,72.34524164094242,2.1775170081448216,1.0,s4_narrow_passage_medium,M7,17,0.6
False,18.05,0.9747341038738224,0.29824027258374675,True,91.8828280303209,737.671470838292,0.03412401165210154,72.16124431211834,0.06911569672941231,0.6255988312835282,0.006606984334036456,0.006606984334036456,123.9694267988906,0,0.0,True,True,True,False,True,False,False,True,True,True,False,2.1744011687164715,False,False,24.0,24.0,24.0,20.700000000000003,40.0,22.0,0,72.31328024330962,2.1775165523119147,1.0,s4_narrow_passage_medium,M7,18,0.6
False,17.75,0.8646101839285756,0.2985602379782954,True,91.99912452016429,688.5938612626065,0.03412401165210154,72.10445872724672,0.069095148910507,0.6256199280863742,0.006520877865396043,0.006520877865396043,123.66360086349734,0,0.0,True,True,True,False,True,False,False,True,True,True,False,2.1743800719136255,False,False,24.0,23.5,24.0,20.400000000000002,40.0,22.3,0,72.28263800718298,2.177516184640049,1.0,s4_narrow_passage_medium,M7,19,0.6
False,17.95,0.9849246527275428,0.2972051208018657,True,91.90854914940613,704.3847584724891,0.029130253849354974,72.10218150902172,0.06908651133899225,0.6256273939082448,0.006524291785459109,0.006524291785459109,123.96456547439406,0,0.0,True,True,True,False,True,False,False,True,True,True,False,2.174372606091755,False,False,23.900000000000002,23.700000000000003,23.900000000000002,20.6,40.0,22.1,0,72.33185605082858,2.1775214213513787,1.0,s4_narrow_passage_medium,M7,20,0.6
False,18.1,0.933730688722797,0.3274693453999335,True,92.42178119357845,700.1567834847157,0.0299625468164794,72.07959064916518,0.06910115155388237,0.6256161149003406,0.006222243864651282,0.006222243864651282,124.40546099789677,0,0.0,True,True,True,False,True,False,False,True,True,True,False,2.174383885099659,False,False,23.700000000000003,23.700000000000003,23.700000000000003,20.75,40.0,21.950000000000003,0,72.43514143572375,2.1775203475160065,1.0,s4_narrow_passage_medium,M7,21,0.6
False,17.75,0.9158939290727479,0.29760476037315825,True,92.21302411892512,695.0283222246098,0.027049521431543905,72.03216283856707,0.07670634112045527,0.6193037650095771,0.0001408903269594982,0.0001408903269594982,123.92873127296549,0,0.0,True,True,True,False,True,False,False,True,True,True,False,2.180696234990423,False,False,23.75,23.650000000000002,23.75,20.400000000000002,40.0,22.3,0,72.3187604639169,2.177534242711165,1.0,s4_narrow_passage_medium,M7,22,0.6
False,17.35,0.8504965407637923,0.29671145418367634,True,92.6070235375995,695.6816453548911,0.04265501456512692,72.13247269688682,0.06911533951658569,0.6256007381629507,0.006470693918333767,0.006470693918333767,123.45687004169598,0,0.0,True,True,True,False,True,False,False,True,True,True,False,2.174399261837049,False,False,23.3,23.3,23.3,20.05,40.0,22.700000000000003,0,72.27111709893366,2.1775220256920904,1.0,s4_narrow_passage_medium,M7,23,0.6
False,17.75,0.8329906581833149,0.3002292529036644,True,92.48173445491008,725.2048297997228,0.03245942571785269,72.0505498257977,0.07666173042566819,0.6193397282210021,9.684533646957499e-05,9.684533646957499e-05,124.09372327268152,0,0.0,True,True,True,False,True,False,False,True,True,True,False,2.1806602717789976,False,False,23.75,23.700000000000003,23.75,20.450000000000003,40.0,22.3,0,72.29156322067026,2.1775331784979612,1.0,s4_narrow_passage_medium,M7,24,0.6
False,17.95,0.8269609962943278,0.2961512256774458,True,91.87811913562234,681.3590160788606,0.028922180607573865,72.02543453972493,0.07669934031675772,0.6193094243289153,8.279938278643416e-05,8.279938278643416e-05,123.75939132839956,0,0.0,True,True,True,False,True,False,False,True,True,True,False,2.1806905756710844,False,False,24.5,24.0,24.5,20.6,40.0,22.1,0,72.35767519207418,2.17752894026108,1.0,s4_narrow_passage_medium,M7,25,0.6
False,17.95,0.945195455271935,0.2969506267877655,True,91.91324063806013,735.7606230781495,0.03266749895963379,72.03888442206043,0.07669109519361632,0.6193161713978949,0.00013564825251280162,0.00013564825251280162,123.90082633321883,0,0.0,True,True,True,False,True,False,False,True,True,True,False,2.180683828602105,False,False,24.25,23.85,24.25,20.6,40.0,22.1,0,72.34205611552646,2.1775355359482034,1.0,s4_narrow_passage_medium,M7,26,0.6
False,17.7,0.9963781886994989,0.2976037413720122,True,91.91909233428332,713.161398664437,0.023304203079483977,72.03272835934733,0.06908245223109787,0.625633917767323,0.006192486100352481,0.006192486100352481,123.56231355721886,0,0.0,True,True,True,False,True,False,False,True,True,True,False,2.1743660822326767,False,False,23.700000000000003,23.6,23.700000000000003,20.400000000000002,40.0,22.35,0,72.30259448303701,2.1775209074296202,1.0,s4_narrow_passage_medium,M7,27,0.6
False,17.95,0.9808764403829369,0.297154238876613,True,91.9353124201632,711.7441853744483,0.027881814398668332,71.9999335738478,0.06905947933783645,0.6256550617315125,0.006202839838834864,0.006202839838834864,123.82728833870641,0,0.0,True,True,True,False,True,False,False,True,True,True,False,2.1743449382684874,False,False,23.900000000000002,23.700000000000003,23.900000000000002,20.6,40.0,22.1,0,72.33841858378334,2.177521382099063,1.0,s4_narrow_passage_medium,M7,28,0.6
False,18.0,0.9390512126455228,0.2991024184986979,True,91.8792085897665,712.0091039698108,0.03204327923429047,72.08933059468194,0.06906574031327814,0.6256459460975741,0.0065409734942075935,0.0065409734942075935,123.80091877742251,0,0.0,True,True,True,False,True,False,False,True,True,True,False,2.1743540539024258,False,False,23.700000000000003,23.700000000000003,23.700000000000003,20.650000000000002,40.0,22.05,0,72.30892158130436,2.1775164541348637,1.0,s4_narrow_passage_medium,M7,29,0.6
False,17.85,0.9824435814714845,0.29878499524826074,True,92.32077666295635,738.4727243401526,0.027881814398668332,72.12758535557711,0.06911903881446718,0.625598463422076,0.006305097310879504,0.006305097310879504,124.05074150786169,0,0.0,True,True,True,False,True,False,False,True,True,True,False,2.174401536577924,False,False,24.1,23.6,24.1,20.55,40.0,22.200000000000003,0,72.29618371911458,2.1775164996479552,1.0,s4_narrow_passage_medium,M7,30,0.6
False,17.7,0.9817302769869307,0.29779913515159573,True,91.86795190383516,703.7588891506136,0.02267998335414066,71.98525632634559,0.07668464111045344,0.6193209038185642,0.00019712085282213058,0.00019712085282213058,123.55914932963594,0,0.0,True,True,True,False,True,False,False,True,True,True,False,2.1806790961814357,False,False,23.950000000000003,23.55,23.950000000000003,20.35,40.0,22.35,0,72.26495097574298,2.1775321762757227,1.0,s4_narrow_passage_medium,M7,31,0.6
False,17.900000000000002,0.96402444990739,0.29544576672324596,True,91.81685351351531,702.0113899272053,0.028089887640449437,72.03419709768453,0.07668962868666902,0.6193173727810993,0.00010752480643074161,0.00010752480643074161,123.70006144546764,0,0.0,True,True,True,False,True,False,False,True,True,True,False,2.1806826272189004,False,False,24.55,23.950000000000003,24.55,20.6,40.0,22.150000000000002,0,72.37750507585518,2.1775270843785175,1.0,s4_narrow_passage_medium,M7,32,0.6
False,18.0,0.9470821228102559,0.2976836362075322,True,92.29828202598583,734.7987118676984,0.028922180607573865,72.03297177165678,0.07667833232109748,0.6193259636698146,0.00022537914251594438,0.00022537914251594438,124.24529147843744,0,0.0,True,True,True,False,True,False,False,True,True,True,False,2.1806740363301853,False,False,23.950000000000003,23.8,23.950000000000003,20.650000000000002,40.0,22.05,0,72.31937981617108,2.1775343541436323,1.0,s4_narrow_passage_medium,M7,33,0.6
False,17.85,0.9447930337827437,0.2958996063900885,True,91.63317402927464,673.714909958815,0.024760715771951727,72.09075277456432,0.06911502533109226,0.6256010632973238,0.006469095371993264,0.006469095371993264,123.30300569033588,0,0.0,True,True,True,False,True,False,False,True,True,True,False,2.174398936702676,False,False,24.400000000000002,23.900000000000002,24.400000000000002,20.5,40.0,22.200000000000003,0,72.34992195174048,2.177525761041912,1.0,s4_narrow_passage_medium,M7,34,0.6
False,17.85,0.9570701421237964,0.29685656879831723,True,92.01978138640345,748.2542212143795,0.0299625468164794,72.04110754510867,0.07670675408197909,0.6193034914127749,0.0001419111216998745,0.0001419111216998745,124.03256358302839,0,0.0,True,True,True,False,True,False,False,True,True,True,False,2.180696508587225,False,False,24.05,23.650000000000002,24.05,20.5,40.0,22.200000000000003,0,72.33073215197665,2.1775351110937744,1.0,s4_narrow_passage_medium,M7,35,0.6
False,17.95,0.9498265823693182,0.2975198649752668,True,91.91085502313763,724.0484124073548,0.02725759467332501,72.06429312672006,0.06907232486271406,0.6256417622578812,0.006217786234440195,0.006217786234440195,123.94324787061196,0,0.0,True,True,True,False,True,False,False,True,True,True,False,2.1743582377421187,False,False,23.900000000000002,23.700000000000003,23.900000000000002,20.6,40.0,22.1,0,72.34175971354311,2.1775209154887225,1.0,s4_narrow_passage_medium,M7,36,0.6
False,17.900000000000002,0.9954248286853586,0.2978896032153243,True,91.98721579139865,704.4157944565652,0.02850603412401165,72.05840329799086,0.06907743485547561,0.6256371814482028,0.006464522342569282,0.006464522342569282,123.94913896062509,0,0.0,True,True,True,False,True,False,False,True,True,True,False,2.174362818551797,False,False,23.900000000000002,23.8,23.900000000000002,20.6,40.0,22.150000000000002,0,72.3254058912792,2.177520896001046,1.0,s4_narrow_passage_medium,M7,37,0.6
False,17.95,0.9836633329561952,0.2970692740860326,True,91.66097627125237,737.3531250061085,0.033083645443196,72.03812794981881,0.07667792273466374,0.6193267508171815,0.00016939136534144093,0.00016939136534144093,123.75355989528441,0,0.0,True,True,True,False,True,False,False,True,True,True,False,2.1806732491828185,False,False,24.150000000000002,23.75,24.150000000000002,20.650000000000002,40.0,22.1,0,72.34206427386223,2.177535759062232,1.0,s4_narrow_passage_medium,M7,38,0.6
False,18.0,0.8980178035680126,0.329915312760939,True,92.43258243831986,749.0799545239747,0.03537245110278818,72.04978753228868,0.07668669753667896,0.619319649398642,0.00014946128463661605,0.00014946128463661605,124.35636388153631,0,0.0,True,True,True,False,True,False,False,True,True,True,False,2.180680350601358,False,False,23.650000000000002,23.650000000000002,23.650000000000002,20.650000000000002,40.0,22.05,0,72.38304044909364,2.1775238924153286,1.0,s4_narrow_passage_medium,M7,39,0.6
False,17.75,0.8676826914770437,0.3016258960857679,True,92.55303460948444,730.5067694275214,0.03474823137744486,72.07154485115663,0.07281542133931679,0.6413696251386392,0.006430909785860557,0.006430909785860557,124.05562768174276,0,0.0,True,True,True,False,True,False,False,True,True,True,False,2.1586303748613607,False,False,23.950000000000003,23.450000000000003,23.950000000000003,20.400000000000002,40.0,22.3,0,72.34851213803957,2.161775705879303,1.0,s4_narrow_passage_medium,M7,10,0.65
False,17.85,0.9233850855833869,0.30154964880631957,True,91.79767945190939,770.209916043909,0.03058676654182272,72.00709116531961,0.0728112224139938,0.6413753085766085,0.006221875194108304,0.006221875194108304,123.59441159601761,0,0.0,True,True,True,False,True,False,False,True,True,True,False,2.158624691423391,False,False,24.05,23.55,24.05,20.5,40.0,22.200000000000003,0,72.36997021430162,2.1617746673322666,1.0,s4_narrow_passage_medium,M7,11,0.65
False,17.85,0.7593447190394202,0.3017174581066746,True,92.33155482442223,741.2407234574935,0.04265501456512692,72.05336477800822,0.08060813072619855,0.6350627902445128,0.0001469841778244501,0.0001469841778244501,123.95987474876176,0,0.0,True,True,True,False,True,False,False,True,True,True,False,2.164937209755487,False,False,23.450000000000003,23.450000000000003,23.450000000000003,20.5,40.0,22.200000000000003,0,72.26401723626238,2.161791687782636,1.0,s4_narrow_passage_medium,M7,12,0.65
False,17.650000000000002,0.9221157922950101,0.29915678254204797,True,92.00852128312869,789.1086579532193,0.03141905950894715,72.0295825928177,0.08064335293302664,0.6350354726881795,4.826162013238518e-05,4.826162013238518e-05,123.49408449961369,0,0.0,True,True,True,False,True,False,False,True,True,True,False,2.1649645273118203,False,False,23.8,23.400000000000002,23.8,20.3,40.0,22.400000000000002,0,72.35732077801445,2.1617786116601647,1.0,s4_narrow_passage_medium,M7,13,0.65
False,17.55,0.9676186700610356,0.31639604224403706,True,92.25228765380616,812.1380227967571,0.02600915522263837,72.29330385992822,0.07289850835996993,0.6412890145846406,0.006849862737796184,0.006849862737796184,123.63814428990634,0,0.0,True,True,True,False,True,False,False,True,True,True,False,2.158710985415359,False,False,24.25,23.55,24.25,20.200000000000003,40.0,22.5,0,72.34072497548863,2.161758767108826,1.0,s4_narrow_passage_medium,M7,14,0.65
False,17.900000000000002,0.9381207952668105,0.2985466880470389,True,91.95436676451412,733.3961599298982,0.03766125676238036,72.05095298735992,0.08061280929540561,0.6350593548375377,5.126064694392566e-05,5.126064694392566e-05,123.91643620100317,0,0.0,True,True,True,False,True,False,False,True,True,True,False,2.164940645162462,False,False,24.3,23.8,24.3,20.55,40.0,22.150000000000002,0,72.4009368176816,2.1617824718388747,1.0,s4_narrow_passage_medium,M7,15,0.65
False,17.650000000000002,0.8805183157719922,0.3006058986422748,True,92.21885366785007,747.2394197104059,0.03412401165210154,72.06590741002191,0.08064157672962434,0.635036787606027,0.0001225934431833042,0.0001225934431833042,123.80168003134432,0,0.0,True,True,True,False,True,False,False,True,True,True,False,2.164963212393973,False,False,23.900000000000002,23.400000000000002,23.900000000000002,20.3,40.0,22.400000000000002,0,72.34215125822571,2.1617867058987126,1.0,s4_narrow_passage_medium,M7,16,0.65
False,17.6,0.8451498861890319,0.32688144117330487,True,92.89700919513601,766.9984640180196,0.041406575114440285,72.02888725941305,0.08062774959831359,0.6350477667259682,0.00010146333106777592,0.00010146333106777592,123.99854764614079,0,0.0,True,True,True,False,True,False,False,True,True,True,False,2.1649522332740316,False,False,23.5,23.150000000000002,23.5,20.200000000000003,40.0,22.450000000000003,0,72.37797291136243,2.161786142899287,1.0,s4_narrow_passage_medium,M7,17,0.65
False,17.900000000000002,0.9716126768995561,0.29910583318086836,True,91.87625839421419,783.3115503344834,0.0359966708281315,72.01840737004319,0.08064143911378331,0.635037013181321,6.410361811767084e-05,6.410361811767084e-05,123.74526469562582,0,0.0,True,True,True,False,True,False,False,True,True,True,False,2.164962986818679,False,False,24.0,23.75,24.0,20.55,40.0,22.150000000000002,0,72.39073974964732,2.1617801332238984,1.0,s4_narrow_passage_medium,M7,18,0.65
False,17.5,0.8086762966255179,0.29709071780320556,True,91.88481575231988,771.8799712371938,0.04057428214731586,72.0871940033145,0.07696277663369515,0.6380232774334703,0.00308052412586565,0.00308052412586565,122.8965718115189,0,0.0,True,True,True,False,True,False,False,True,True,True,False,2.1619767225665294,False,False,24.1,23.55,24.1,20.200000000000003,40.0,22.55,0,72.27845688774707,2.161753488391851,1.0,s4_narrow_passage_medium,M7,19,0.65
False,17.8,0.9827342953508695,0.300775283760192,True,92.13910801827836,736.8931442920424,0.03058676654182272,72.11479958921217,0.0728465089160041,0.6413418278313863,0.006464704533806075,0.006464704533806075,123.95685104241177,0,0.0,True,True,True,False,True,False,False,True,True,True,False,2.1586581721686136,False,False,23.75,23.75,23.75,20.450000000000003,40.0,22.25,0,72.35028288407372,2.1617784846743175,1.0,s4_narrow_passage_medium,M7,20,0.65
False,17.95,0.8965582005871628,0.33359585643505035,True,92.61520591930974,719.1724008272834,0.03141905950894715,72.00595829618689,0.0805968438490955,0.6350718317775782,6.634825938866174e-05,6.634825938866174e-05,124.35452622118683,0,0.0,True,True,True,False,True,False,False,True,True,True,False,2.1649281682224215,False,False,23.75,23.6,23.75,20.6,40.0,22.1,0,72.27516339074589,2.1617919070266156,1.0,s4_narrow_passage_medium,M7,21,0.65
False,17.55,0.861352003080919,0.29959816164966774,True,92.35920953630946,648.7938964806901,0.03162713275072826,71.99294611366872,0.08063685316028947,0.6350405079348479,5.3974913025764865e-05,5.3974913025764865e-05,123.73840701666725,0,0.0,True,True,True,False,True,False,False,True,True,True,False,2.164959492065152,False,False,23.75,23.450000000000003,23.75,20.25,40.0,22.5,0,72.34442344689346,2.161793461364592,1.0,s4_narrow_passage_medium,M7,22,0.65
False,17.2,0.8114273981823061,0.2992688044411752,True,93.06486879835612,661.7757897294049,0.039950062421972535,72.07582546671712,0.0728202247369458,0.6413651578440306,0.006318023142286924,0.006318023142286924,123.61440543391531,0,0.0,True,True,True,False,True,False,False,True,True,True,False,2.158634842155969,False,False,23.450000000000003,23.05,23.450000000000003,19.900000000000002,40.0,22.85,0,72.29781881016011,2.1617867708502705,1.0,s4_narrow_passage_medium,M7,23,0.65
False,17.75,0.9057169143978043,0.30024432882699487,True,92.2470567894501,736.1228013213426,0.033707865168539325,72.09684261973742,0.07284251177543395,0.6413459498044565,0.006423532122307168,0.006423532122307168,123.85169742032576,0,0.0,True,True,True,False,True,False,False,True,True,True,False,2.158654050195543,False,False,24.0,23.5,24.0,20.450000000000003,40.0,22.3,0,72.36224821548242,2.161771607741199,1.0,s4_narrow_passage_medium,M7,24,0.65
False,17.8,0.8341664315539756,0.3207258899775514,True,92.60730665935797,815.3007593664438,0.0328755722014149,72.08316708110294,0.07285595121537893,0.6413335232084667,0.006362751752132799,0.006362751752132799,124.30100043655938,0,0.0,True,True,True,False,True,False,False,True,True,True,False,2.158666476791533,False,False,23.400000000000002,23.400000000000002,23.400000000000002,20.450000000000003,40.0,22.25,0,72.39921983753648,2.1617613142504752,1.0,s4_narrow_passage_medium,M7,25,0.65
False,17.8,0.9276930563311787,0.2989886585805061,True,92.04353647661779,801.4773543102955,0.03454015813566375,72.0510580625211,0.08064583127134896,0.6350335181063594,5.8014940039718414e-05,5.8014940039718414e-05,123.79666562620528,0,0.0,True,True,True,False,True,False,False,True,True,True,False,2.1649664818936403,False,False,23.700000000000003,23.700000000000003,23.700000000000003,20.450000000000003,40.0,22.25,0,72.38280560738605,2.1617775217336703,1.0,s4_narrow_passage_medium,M7,26,0.65
False,17.55,0.9352373562999354,0.29907838362757705,True,92.06120529441978,770.6171154580419,0.025801081980857263,72.06835509968947,0.07283992678054065,0.6413482403178533,0.006356151058245655,0.006356151058245655,123.48400887896508,0,0.0,True,True,True,False,True,False,False,True,True,True,False,2.1586517596821464,False,False,23.450000000000003,23.35,23.450000000000003,20.25,40.0,22.5,0,72.35404638912298,2.1617677434805898,1.0,s4_narrow_passage_medium,M7,27,0.65
False,17.8,0.9688025274516046,0.29996752580382746,True,92.19374051206658,699.3586559822566,0.027881814398668332,72.07970154737087,0.07284364307571119,0.6413455764838368,0.006290067057479871,0.006290067057479871,123.88355442194711,0,0.0,True,True,True,False,True,False,False,True,True,True,False,2.158654423516163,False,False,24.05,23.75,24.05,20.450000000000003,40.0,22.25,0,72.35606214455316,2.161776681421963,1.0,s4_narrow_passage_medium,M7,28,0.65
False,17.75,0.9044444616124137,0.2993972053408295,True,91.63753290900159,684.9490154011586,0.031835205992509365,71.99365243572453,0.08063063541067625,0.6350451200554409,0.00018510455006762725,0.00018510455006762725,123.13521373520587,0,0.0,True,True,True,False,True,False,False,True,True,True,False,2.164954879944559,False,False,23.900000000000002,23.75,23.900000000000002,20.450000000000003,40.0,22.3,0,72.27676879123885,2.161791519348227,1.0,s4_narrow_passage_medium,M7,29,0.65
False,17.7,0.942505658122675,0.33437395589357616,True,92.59341226146879,741.131508447627,0.03162713275072826,72.1040437404067,0.07286319835737333,0.6413269984116441,0.006306566477521391,0.006306566477521391,123.97861374167286,0,0.0,True,True,True,False,True,False,False,True,True,True,False,2.1586730015883555,False,False,23.700000000000003,23.35,23.700000000000003,20.35,40.0,22.35,0,72.37975677149193,2.1617796100891167,1.0,s4_narrow_passage_medium,M7,30,0.65
False,17.5,0.8987661482262481,0.31219208070310056,True,92.08303196847407,699.3177169176173,0.02725759467332501,72.09449659922537,0.07284258366555267,0.641345845815366,0.006434702056367457,0.006434702056367457,123.31360237630966,0,0.0,True,True,True,False,True,False,False,True,True,True,False,2.158654154184634,False,False,23.75,23.200000000000003,23.75,20.150000000000002,40.0,22.55,0,72.32838893782316,2.161776487539274,1.0,s4_narrow_passage_medium,M7,31,0.65
False,17.75,0.9000607372270693,0.29837895482555704,True,91.91280644350992,665.8894990718354,0.030378693300041615,72.06163086327881,0.08059985645326567,0.6350695040312289,4.3483938428394715e-05,4.3483938428394715e-05,123.46691312846693,0,0.0,True,True,True,False,True,False,False,True,True,True,False,2.164930495968771,False,False,24.3,23.85,24.3,20.400000000000002,40.0,22.3,0,72.3753400710541,2.1617840673478907,1.0,s4_narrow_passage_medium,M7,32,0.65
False,17.85,0.9191669529175559,0.29841635157568974,True,91.87241304718758,652.9275528064842,0.028297960882230546,72.06557099271662,0.07281717111382312,0.6413680368840065,0.006294004365152163,0.006294004365152163,123.52382206586026,0,0.0,True,True,True,False,True,False,False,True,True,True,False,2.1586319631159934,False,False,24.400000000000002,24.0,24.400000000000002,20.5,40.0,22.200000000000003,0,72.37799256604063,2.161786667264984,1.0,s4_narrow_passage_medium,M7,33,0.65
False,17.650000000000002,0.8869233633611111,0.2987323656125281,True,91.68283025211925,653.2141094724453,0.02871410736579276,72.03994287821116,0.07282555160929029,0.6413622712802619,0.006288454209231779,0.006288454209231779,123.04794669457377,0,0.0,True,True,True,False,True,False,False,True,True,True,False,2.158637728719738,False,False,24.150000000000002,23.75,24.150000000000002,20.3,40.0,22.400000000000002,0,72.36255235154562,2.1617812303964645,1.0,s4_narrow_passage_medium,M7,34,0.65
False,17.7,0.9130522166813433,0.2984983663924993,True,91.8294049069212,745.3141131273482,0.030378693300041615,72.12993542992676,0.07285360403246852,0.6413349363323247,0.006367828061356779,0.006367828061356779,123.42484022626383,0,0.0,True,True,True,False,True,False,False,True,True,True,False,2.158665063667675,False,False,24.25,23.85,24.25,20.400000000000002,40.0,22.35,0,72.4097609485238,2.1617668043147606,1.0,s4_narrow_passage_medium,M7,35,0.65
False,17.8,0.9288042399496412,0.29770522579142283,True,91.80103156335028,751.9335222713452,0.029546400332917187,72.02152182501435,0.07282617202186455,0.6413621103458041,0.006214228843665558,0.006214228843665558,123.53607802465028,0,0.0,True,True,True,False,True,False,False,True,True,True,False,2.158637889654196,False,False,23.8,23.75,23.8,20.450000000000003,40.0,22.25,0,72.32184402831973,2.1617640180343862,1.0,s4_narrow_passage_medium,M7,36,0.65
True,17.8,0.9980360805882726,0.3556340090212245,False,92.24241175850804,689.9759493336751,0.027049521431543905,72.12271059112398,0.07284081311488916,0.641345819187608,0.006495880103543613,0.006495880103543613,124.06353149743053,0,0.0,True,True,True,False,True,True,False,False,True,True,True,2.158654180812392,False,True,23.400000000000002,23.400000000000002,23.400000000000002,20.450000000000003,40.0,22.25,0,72.35843136189376,2.1617911267836845,1.0,s4_narrow_passage_medium,M7,37,0.65
False,17.8,0.9619186640625228,0.2991408695655366,True,91.8019047169725,799.8167019673873,0.03620474406991261,72.06008664357921,0.08063736987193847,0.6350401881502491,5.7134750130933584e-05,5.7134750130933584e-05,123.62506054423575,0,0.0,True,True,True,False,True,False,False,True,True,True,False,2.1649598118497506,False,False,24.200000000000003,23.6,24.200000000000003,20.5,40.0,22.25,0,72.38985870232807,2.1617760274116886,1.0,s4_narrow_passage_medium,M7,38,0.65
False,17.85,0.8686345545598912,0.2990102835974236,True,92.58065761699265,783.8142918430337,0.03911776945484811,72.07664806860708,0.07282471204347322,0.6413604502858066,0.006406744551100148,0.006406744551100148,124.22003335011502,0,0.0,True,True,True,False,True,False,False,True,True,True,False,2.1586395497141933,False,False,23.75,23.75,23.75,20.55,40.0,22.200000000000003,0,72.38988491801541,2.1617678101432234,1.0,s4_narrow_passage_medium,M7,39,0.65
False,17.5,0.7682954224474956,0.31901119207457357,True,92.90146615556766,724.923868718996,0.04265501456512692,72.05791452595774,0.08422364495937823,0.6490944528847938,0.0001538556830615242,0.0001538556830615242,123.9741769947291,0,0.0,True,True,True,False,True,False,False,True,True,True,False,2.150905547115206,False,False,24.0,23.200000000000003,24.0,20.150000000000002,40.0,22.55,0,72.31397180698318,2.1477466778630956,1.0,s4_narrow_passage_medium,M7,10,0.7
False,17.7,0.8845793234371182,0.30323230007228014,True,91.69784602253604,750.8239859663488,0.03349979192675822,72.0328521731658,0.07623718065172418,0.6554160261400263,0.006291427662386029,0.006291427662386029,123.34561369733655,0,0.0,True,True,True,False,True,False,False,True,True,True,False,2.1445839738599735,False,False,23.55,23.55,23.55,20.35,40.0,22.35,0,72.42408239229403,2.147726875985544,1.0,s4_narrow_passage_medium,M7,11,0.7
False,17.7,0.7940337013636791,0.3098981853416412,True,92.72856886503624,794.6035811959277,0.04369538077403246,72.03068836276185,0.08423626159857545,0.6490851011292383,2.7480362708815268e-05,2.7480362708815268e-05,123.99156487691356,0,0.0,True,True,True,False,True,False,False,True,True,True,False,2.1509148988707616,False,False,23.450000000000003,23.35,23.450000000000003,20.35,40.0,22.35,0,72.37199445228997,2.147736173523653,1.0,s4_narrow_passage_medium,M7,12,0.7
False,17.400000000000002,0.7957816984337904,0.3119874494318942,True,92.46791996256027,703.8605794484743,0.035580524344569285,72.10038266902981,0.07624269795784226,0.655409772063181,0.006333177126876155,0.006333177126876155,123.61574190953927,0,0.0,True,True,True,False,True,False,False,True,True,True,False,2.1445902279368187,False,False,23.950000000000003,23.25,23.950000000000003,20.1,40.0,22.650000000000002,0,72.29925500145532,2.1477432160759626,1.0,s4_narrow_passage_medium,M7,13,0.7
False,17.35,0.8946976784991556,0.3041801164454652,True,92.34543732261214,711.4160883925078,0.027881814398668332,72.11149407243074,0.07625714629364344,0.655397642787425,0.006337835061241738,0.006337835061241738,123.45440038504779,0,0.0,True,True,True,False,True,False,False,True,True,True,False,2.144602357212575,False,False,23.55,23.35,23.55,20.05,40.0,22.700000000000003,0,72.36980850201209,2.147734118551307,1.0,s4_narrow_passage_medium,M7,14,0.7
False,17.7,0.8953468511444929,0.30242053981975947,True,92.52579408300947,708.82418940253,0.04244694132334582,72.05098667678135,0.08424867493129136,0.6490755679712574,0.00011651146703846375,0.00011651146703846375,124.16099296213679,0,0.0,True,True,True,False,True,False,False,True,True,True,False,2.1509244320287424,False,False,23.700000000000003,23.700000000000003,23.700000000000003,20.400000000000002,40.0,22.35,0,72.36106281465027,2.147745568122337,1.0,s4_narrow_passage_medium,M7,15,0.7
False,17.45,0.8476215466183723,0.30473042133636985,True,92.53644280581837,675.7861707313375,0.03682896379525593,71.9835705028417,0.08422938991117862,0.6490903910481222,3.7570910878539595e-05,3.7570910878539595e-05,123.76397421439563,0,0.0,True,True,True,False,True,False,False,True,True,True,False,2.1509096089518778,False,False,23.700000000000003,23.200000000000003,23.700000000000003,20.150000000000002,40.0,22.6,0,72.32422840958803,2.1477474073788145,1.0,s4_narrow_passage_medium,M7,16,0.7
False,17.45,0.8225673207892863,0.302621085236995,True,92.99778507038596,678.057839738204,0.04265501456512692,72.01307864400785,0.08423178474691961,0.6490885723640859,7.408936821282681e-05,7.408936821282681e-05,123.97485070644164,0,0.0,True,True,True,False,True,False,False,True,True,True,False,2.150911427635914,False,False,23.700000000000003,23.3,23.700000000000003,20.1,40.0,22.6,0,72.31278482642536,2.1477478485864165,1.0,s4_narrow_passage_medium,M7,17,0.7
False,17.75,0.9715038291703995,0.3034357099949586,True,92.07904893420294,686.5762667208287,0.038077403245942575,72.09321087522645,0.08420098785300088,0.6491116232867499,0.00016011565979969986,0.00016011565979969986,123.76120195879415,0,0.0,True,True,True,False,True,False,False,True,True,True,False,2.15088837671325,False,False,23.5,23.5,23.5,20.450000000000003,40.0,22.3,0,72.33995035407433,2.147745563375634,1.0,s4_narrow_passage_medium,M7,18,0.7
False,17.35,0.7468472282286209,0.2996569130772759,True,92.41123970505221,654.3559423107821,0.04556803995006242,72.03192504079145,0.08422903588000012,0.6490908353636745,6.0306873552429104e-05,6.0306873552429104e-05,123.1878844423138,0,0.0,True,True,True,False,True,False,False,True,True,True,False,2.1509091646363254,False,False,23.6,23.3,23.6,20.0,40.0,22.700000000000003,0,72.32375537731545,2.1477473872591366,1.0,s4_narrow_passage_medium,M7,19,0.7
False,17.650000000000002,0.943991716362709,0.2999043339119158,True,92.0305656617997,652.4293920056979,0.03204327923429047,72.07871287571885,0.07626696134540213,0.6553906181822754,0.006278761649548224,0.006278761649548224,123.58928785148944,0,0.0,True,True,True,False,True,False,False,True,True,True,False,2.1446093818177245,False,False,23.85,23.6,23.85,20.3,40.0,22.400000000000002,0,72.36536241770885,2.1477392067241774,1.0,s4_narrow_passage_medium,M7,20,0.7
False,17.75,0.8612755538662606,0.3033459681912179,True,92.97274458493735,723.4478536424887,0.03391593841032043,72.05997039112587,0.08421404442001039,0.6491017968987983,0.0001498469513699766,0.0001498469513699766,124.36474317059847,0,0.0,True,True,True,False,True,False,False,True,True,True,False,2.1508982031012014,False,False,23.5,23.5,23.5,20.450000000000003,40.0,22.3,0,72.35377381381421,2.1477446509471547,1.0,s4_narrow_passage_medium,M7,21,0.7
False,17.400000000000002,0.8157685658830036,0.30977535236472814,True,93.01562827686996,708.589098872501,0.033707865168539325,72.10798336005332,0.07625054726134609,0.6554023266421037,0.00647736267232267,0.00647736267232267,123.99823769912537,0,0.0,True,True,True,False,True,False,False,True,True,True,False,2.144597673357896,False,False,23.450000000000003,23.35,23.450000000000003,20.05,40.0,22.650000000000002,0,72.30763769877736,2.1477420692828972,1.0,s4_narrow_passage_medium,M7,22,0.7
False,17.05,0.7686099350634856,0.30100030154717256,True,93.25617751706339,709.8217709783579,0.04452767374115689,72.04155538958476,0.08424252182321906,0.6490804253425457,4.017174221406508e-05,4.017174221406508e-05,123.57983822528479,0,0.0,True,True,True,False,True,False,False,True,True,True,False,2.150919574657454,False,False,22.900000000000002,22.900000000000002,22.900000000000002,19.8,40.0,23.0,0,72.28378126966149,2.1477496249250145,1.0,s4_narrow_passage_medium,M7,23,0.7
False,17.45,0.8103141959361639,0.3209001300645136,True,92.89985682174255,720.3382066982358,0.038909696213067,72.05236464896636,0.07624012196447735,0.6554122624904756,0.006416124023830438,0.006416124023830438,123.94997771905824,0,0.0,True,True,True,False,True,False,False,True,True,True,False,2.144587737509524,False,False,23.25,23.150000000000002,23.25,20.200000000000003,40.0,22.6,0,72.40691706100053,2.1477316736649885,1.0,s4_narrow_passage_medium,M7,24,0.7
False,17.6,0.8204437299552219,0.303210074241675,True,92.87800213737523,725.3220713989716,0.03641281731169372,72.03241905929364,0.07624339663208833,0.6554113809058456,0.0064033962258635505,0.0064033962258635505,124.28316007250837,0,0.0,True,True,True,False,True,False,False,True,True,True,False,2.1445886190941543,False,False,23.75,23.35,23.75,20.3,40.0,22.450000000000003,0,72.33818998969274,2.147740681627024,1.0,s4_narrow_passage_medium,M7,25,0.7
False,17.6,0.8604195847097829,0.327065762575054,True,92.33272808899656,783.0899804524888,0.03745318352059925,72.02313151940847,0.07622949614316706,0.6554232351929147,0.006234444665177642,0.006234444665177642,123.63070026155005,0,0.0,True,True,True,False,True,False,False,True,True,True,False,2.144576764807085,False,False,23.5,23.3,23.5,20.25,40.0,22.450000000000003,0,72.26353375061699,2.1477259159885027,1.0,s4_narrow_passage_medium,M7,26,0.7
False,17.35,0.889856688545789,0.309662577241385,True,92.63319762197622,719.6345024984989,0.03058676654182272,72.03368356560306,0.08423071026872497,0.6490892520974275,0.00011272176467142857,0.00011272176467142857,123.60305691566214,0,0.0,True,True,True,False,True,False,False,True,True,True,False,2.1509107479025724,False,False,23.6,23.1,23.6,20.05,40.0,22.700000000000003,0,72.30695423799506,2.147748255300927,1.0,s4_narrow_passage_medium,M7,27,0.7
False,17.6,0.8707742218444487,0.3093663156195317,True,92.46130992949993,713.0630146474424,0.02850603412401165,72.12362683115609,0.0762681880331645,0.6553881006694082,0.006328633561724877,0.006328633561724877,123.81724741681421,0,0.0,True,True,True,False,True,False,False,True,True,True,False,2.1446118993305916,False,False,24.150000000000002,23.55,24.150000000000002,20.25,40.0,22.450000000000003,0,72.33913627112057,2.1477397434901007,1.0,s4_narrow_passage_medium,M7,28,0.7
False,17.6,0.7996858614101703,0.302687259951338,True,92.58416557201369,718.6784941643758,0.033707865168539325,72.12757241079939,0.07625454349407447,0.6553991265139681,0.006478034853096731,0.006478034853096731,123.84536882988593,0,0.0,True,True,True,False,True,False,False,True,True,True,False,2.1446008734860316,False,False,23.55,23.55,23.55,20.25,40.0,22.450000000000003,0,72.33954921351777,2.147740759995875,1.0,s4_narrow_passage_medium,M7,29,0.7
False,17.5,0.8610052137254891,0.3323725176171184,True,93.08895712988104,819.362915459828,0.03786933000416146,72.07296156323494,0.08425033829660174,0.6490744494898609,0.00018476541743990324,0.00018476541743990324,123.9317405052326,0,0.0,True,True,True,False,True,False,False,True,True,True,False,2.150925550510139,False,False,23.900000000000002,23.1,23.900000000000002,20.150000000000002,40.0,22.55,0,72.36894127305342,2.1477349782988377,1.0,s4_narrow_passage_medium,M7,30,0.7
False,17.25,0.7946849007683381,0.3089097829742892,True,92.75366608473763,717.1593725242851,0.03391593841032043,72.02615434648979,0.07623167399633647,0.655421398549798,0.006378447835849688,0.006378447835849688,123.44102123008307,0,0.0,True,True,True,False,True,False,False,True,True,True,False,2.1445786014502017,False,False,23.150000000000002,22.950000000000003,23.150000000000002,19.900000000000002,40.0,22.8,0,72.28035481341725,2.1477435114344243,1.0,s4_narrow_passage_medium,M7,31,0.7
False,17.55,0.7397793266130159,0.29988075962698135,True,92.19144882979373,708.2798794485458,0.04119850187265917,72.02464226885695,0.07622533783321218,0.6554263491732826,0.00639381194559928,0.00639381194559928,123.23711275026693,0,0.0,True,True,True,False,True,False,False,True,True,True,False,2.1445736508267172,False,False,24.1,23.700000000000003,24.1,20.25,40.0,22.5,0,72.27703977269545,2.1477306137461416,1.0,s4_narrow_passage_medium,M7,32,0.7
False,17.650000000000002,0.8375607636311109,0.30184581421489204,True,92.45807773863994,694.73046061054,0.035580524344569285,72.08043054716941,0.07625147557317784,0.655402374748427,0.006456772645411202,0.006456772645411202,123.7097883624693,0,0.0,True,True,True,False,True,False,False,True,True,True,False,2.144597625251573,False,False,23.8,23.650000000000002,23.8,20.3,40.0,22.400000000000002,0,72.36285550424377,2.1477372866399485,1.0,s4_narrow_passage_medium,M7,33,0.7
False,17.45,0.8621406478074027,0.320729882642381,True,92.69212201478159,722.4649612232738,0.03412401165210154,72.06098103976831,0.07626531284350523,0.6553915672203319,0.006404787848714434,0.006404787848714434,123.55661977667143,0,0.0,True,True,True,False,True,False,False,True,True,True,False,2.144608432779668,False,False,24.8,23.05,24.8,20.05,40.0,22.6,0,72.35986581766245,2.1477358993962805,1.0,s4_narrow_passage_medium,M7,34,0.7
False,17.55,0.8711853909208889,0.3002519812162655,True,92.5456811210154,673.2605716447666,0.036620890553474825,72.042173424555,0.08425670921047541,0.6490692594285085,0.00012286955998308573,0.00012286955998308573,123.91705267324835,0,0.0,True,True,True,False,True,False,False,True,True,True,False,2.1509307405714915,False,False,23.6,23.5,23.6,20.200000000000003,40.0,22.5,0,72.33724989277209,2.1477460734224167,1.0,s4_narrow_passage_medium,M7,35,0.7
False,17.55,0.8272441695624393,0.30398609618549216,True,92.73959337158611,719.4512246937311,0.035580524344569285,72.03452846050874,0.08423772100991463,0.649084133926927,5.942587523894156e-05,5.942587523894156e-05,123.9913983838408,0,0.0,True,True,True,False,True,False,False,True,True,True,False,2.1509158660730727,False,False,23.8,23.3,23.8,20.200000000000003,40.0,22.5,0,72.33385095655655,2.1477470214506758,1.0,s4_narrow_passage_medium,M7,36,0.7
False,17.6,0.8874900455016588,0.3311931886689649,True,92.57678456290705,754.6013486255619,0.03641281731169372,72.01653713136031,0.08425075949048395,0.6490740267245441,7.26407552530684e-05,7.26407552530684e-05,123.78612064770599,0,0.0,True,True,True,False,True,False,False,True,True,True,False,2.1509259732754558,False,False,24.0,23.200000000000003,24.0,20.25,40.0,22.450000000000003,0,72.39221534636854,2.147743842416414,1.0,s4_narrow_passage_medium,M7,37,0.7
False,17.650000000000002,0.9149855148079056,0.30027398057330235,True,91.92758643824658,682.0176781687676,0.03620474406991261,72.06766526920646,0.08424498366314521,0.6490784348290292,0.00011168569335949184,0.00011168569335949184,123.49168375498849,0,0.0,True,True,True,False,True,False,False,True,True,True,False,2.1509215651709708,False,False,24.1,23.55,24.1,20.35,40.0,22.400000000000002,0,72.36290798070891,2.1477456201574032,1.0,s4_narrow_passage_medium,M7,38,0.7
True,17.7,0.8407890873281303,0.3812659998826959,False,92.95691651538291,791.3536227536474,0.04119850187265917,72.07101200104144,0.07626246340096361,0.6553938422581036,0.006382763093902181,0.006382763093902181,124.23547044770567,0,0.0,True,True,True,False,True,True,False,False,True,True,True,2.1446061577418964,False,True,23.450000000000003,23.35,23.450000000000003,20.400000000000002,40.0,22.35,0,72.39977921044134,2.147725385070908,1.0,s4_narrow_passage_medium,M7,39,0.7
