success,completion_time,min_obs_distance,min_agent_distance,collisions,control_cost,control_smoothness,input_saturation_ratio,max_angle_gap_deg,radius_variance,mean_radius,current_center_error,predicted_center_error,path_length,stall_steps,convoy_ratio,inside_final,radius_error_final,success_geom_final,success_no_collision,gmax_reach_time,scene,method,seed,t_pred,beta_lead,r_c
False,60.0,inf,0.5548487882416225,True,272.06031168335016,0.026289449471199513,0.3454066056064391,311.0301787238305,0.3222506286047888,2.874355172555535,2.75900793718668,2.75900793718668,310.7604589471035,0,0.0,False,0.07435517255553536,False,False,60.0,s6_fast_target,M4,0,0.0,0.35,2.8
False,60.0,inf,0.5188798022296531,True,271.85679800902227,0.027032153324836893,0.33069664168748264,311.9333265754462,0.3359148702791263,2.873783994515231,2.761362867754124,2.761362867754124,310.7215058277152,0,0.0,False,0.07378399451523121,False,False,60.0,s6_fast_target,M4,1,0.0,0.35,2.8
False,60.0,inf,0.5072372345679398,True,271.72776749785635,0.02510657757360241,0.3269497640854843,314.19368892206603,0.3408316630859716,2.8737377224699494,2.762487311591187,2.762487311591187,310.64815863714955,0,0.0,False,0.07373772246994958,False,False,60.0,s6_fast_target,M4,2,0.0,0.35,2.8
False,60.0,inf,0.5548487882416225,True,272.06031168335016,0.026289449471199513,0.3454066056064391,311.0301787238305,0.3222506286047888,2.874355172555535,2.75900793718668,2.75900793718668,310.7604589471035,0,0.0,False,0.07435517255553536,False,False,60.0,s6_fast_target,M5,0,0.0,0.35,2.8
False,60.0,inf,0.5188798022296531,True,271.85679800902227,0.027032153324836893,0.33069664168748264,311.9333265754462,0.3359148702791263,2.873783994515231,2.761362867754124,2.761362867754124,310.7215058277152,0,0.0,False,0.07378399451523121,False,False,60.0,s6_fast_target,M5,1,0.0,0.35,2.8
False,60.0,inf,0.5072372345679398,True,271.72776749785635,0.02510657757360241,0.3269497640854843,314.19368892206603,0.3408316630859716,2.8737377224699494,2.762487311591187,2.762487311591187,310.64815863714955,0,0.0,False,0.07373772246994958,False,False,60.0,s6_fast_target,M5,2,0.0,0.35,2.8
False,60.0,inf,0.5542475433841666,True,272.0322134658525,0.024856462919109677,0.3452678323619206,311.2425462492539,0.3142187954666427,2.8737309763322547,2.7596607240232767,2.7596607240232767,310.746518421691,0,0.0,False,0.0737309763322549,False,False,60.0,s6_fast_target,M6,0,0.0,0.35,2.8
False,60.0,inf,0.5180478032226242,True,271.83613175584054,0.02585083291178955,0.33069664168748264,311.9850638055474,0.32398367754420915,2.8736517959908077,2.76164273218248,2.76164273218248,310.70846177071087,0,0.0,False,0.07365179599080784,False,False,60.0,s6_fast_target,M6,1,0.0,0.35,2.8
False,60.0,inf,0.5059301722763588,True,271.70908391814334,0.024065058335751153,0.32708853733000276,314.14476061311484,0.32887818635804317,2.873644748326211,2.762776427379611,2.762776427379611,310.6364156083916,0,0.0,False,0.07364474832621104,False,False,60.0,s6_fast_target,M6,2,0.0,0.35,2.8
False,60.0,inf,0.5542475433841666,True,272.0322134658525,0.024856462919109677,0.3452678323619206,311.2425462492539,0.3142187954666427,2.8737309763322547,2.7596607240232767,2.7596607240232767,310.746518421691,0,0.0,False,0.0737309763322549,False,False,60.0,s6_fast_target,M7,0,0.0,0.35,2.8
False,60.0,inf,0.5180478032226242,True,271.83613175584054,0.02585083291178955,0.33069664168748264,311.9850638055474,0.32398367754420915,2.8736517959908077,2.76164273218248,2.76164273218248,310.70846177071087,0,0.0,False,0.07365179599080784,False,False,60.0,s6_fast_target,M7,1,0.0,0.35,2.8
False,60.0,inf,0.5059301722763588,True,271.70908391814334,0.024065058335751153,0.32708853733000276,314.14476061311484,0.32887818635804317,2.873644748326211,2.762776427379611,2.762776427379611,310.6364156083916,0,0.0,False,0.07364474832621104,False,False,60.0,s6_fast_target,M7,2,0.0,0.35,2.8
False,60.0,inf,0.5599766731600122,True,267.7834778782775,0.029047914178060616,0.3172356369691923,317.8538754662697,0.3348845068246036,3.265338808640468,3.164805290032684,3.164805290032684,308.3441352720676,0,0.0,False,0.06533880864046804,False,False,60.0,s6_fast_target,M4,0,0.0,0.35,3.2
False,60.0,inf,0.5279885021725388,True,267.5893701016899,0.02904843243552063,0.30183180682764366,318.087175029855,0.33544981000345736,3.265371153279586,3.1649635304385724,3.1649635304385724,308.3136741737135,0,0.0,False,0.06537115327958576,False,False,60.0,s6_fast_target,M4,1,0.0,0.35,3.2
False,60.0,inf,0.5229776481600382,True,267.47537661399076,0.02708573526178008,0.2987787954482376,319.64712553118557,0.33880008551669305,3.265530627849882,3.1658673220010654,3.1658673220010654,308.24940974287694,0,0.0,False,0.06553062784988173,False,False,60.0,s6_fast_target,M4,2,0.0,0.35,3.2
False,60.0,inf,0.5599766731600122,True,267.7834778782775,0.029047914178060616,0.3172356369691923,317.8538754662697,0.3348845068246036,3.265338808640468,3.164805290032684,3.164805290032684,308.3441352720676,0,0.0,False,0.06533880864046804,False,False,60.0,s6_fast_target,M5,0,0.0,0.35,3.2
False,60.0,inf,0.5279885021725388,True,267.5893701016899,0.02904843243552063,0.30183180682764366,318.087175029855,0.33544981000345736,3.265371153279586,3.1649635304385724,3.1649635304385724,308.3136741737135,0,0.0,False,0.06537115327958576,False,False,60.0,s6_fast_target,M5,1,0.0,0.35,3.2
False,60.0,inf,0.5229776481600382,True,267.47537661399076,0.02708573526178008,0.2987787954482376,319.64712553118557,0.33880008551669305,3.265530627849882,3.1658673220010654,3.1658673220010654,308.24940974287694,0,0.0,False,0.06553062784988173,False,False,60.0,s6_fast_target,M5,2,0.0,0.35,3.2
False,60.0,inf,0.5594208885686215,True,267.7251772481798,0.027103565691185584,0.31695809048015544,320.99074851530565,0.33390467535218726,3.2665263430782807,3.1679938957308007,3.1679938957308007,308.3041119398457,0,0.0,False,0.06652634307828054,False,False,60.0,s6_fast_target,M6,0,0.0,0.35,3.2
False,60.0,inf,0.5272731630492739,True,267.5703755802481,0.027797198148204187,0.302248126561199,318.09570214154974,0.3260396695471685,3.265326064494658,3.165083902977603,3.165083902977603,308.301677869803,0,0.0,False,0.06532606449465783,False,False,60.0,s6_fast_target,M6,1,0.0,0.35,3.2
False,60.0,inf,0.5217807371267851,True,267.45744192976775,0.025950289597604283,0.2991951151817929,319.61408882222935,0.32939879790441684,3.2654969995899763,3.1659863515187503,3.1659863515187503,308.23824567331746,0,0.0,False,0.06549699958997612,False,False,60.0,s6_fast_target,M6,2,0.0,0.35,3.2
False,60.0,inf,0.5594208885686215,True,267.7251772481798,0.027103565691185584,0.31695809048015544,320.99074851530565,0.33390467535218726,3.2665263430782807,3.1679938957308007,3.1679938957308007,308.3041119398457,0,0.0,False,0.06652634307828054,False,False,60.0,s6_fast_target,M7,0,0.0,0.35,3.2
False,60.0,inf,0.5272731630492739,True,267.5703755802481,0.027797198148204187,0.302248126561199,318.09570214154974,0.3260396695471685,3.265326064494658,3.165083902977603,3.165083902977603,308.301677869803,0,0.0,False,0.06532606449465783,False,False,60.0,s6_fast_target,M7,1,0.0,0.35,3.2
False,60.0,inf,0.5217807371267851,True,267.45744192976775,0.025950289597604283,0.2991951151817929,319.61408882222935,0.32939879790441684,3.2654969995899763,3.1659863515187503,3.1659863515187503,308.23824567331746,0,0.0,False,0.06549699958997612,False,False,60.0,s6_fast_target,M7,2,0.0,0.35,3.2
False,60.0,inf,0.565146353384918,True,263.51844107964973,0.0314975571639364,0.28892589508742716,322.7536054716419,0.3347380391388262,3.65946383171577,3.5687445614255404,3.5687445614255404,305.9339989730764,0,0.0,False,0.05946383171577008,False,False,60.0,s6_fast_target,M4,0,0.0,0.35,3.6
False,60.0,inf,0.536889813206708,True,263.32198387229437,0.031561032556547165,0.2729669719678046,322.91524016125214,0.3351047474522242,3.6594973783606526,3.568853798465807,3.568853798465807,305.9059156417355,0,0.0,False,0.0594973783606525,False,False,60.0,s6_fast_target,M4,1,0.0,0.35,3.6
False,60.0,inf,0.5381501044166009,True,263.2241610207377,0.02957095626390525,0.27116291978906465,324.100055065998,0.3374945272321955,3.6597008950624086,3.569551505101011,3.569551505101011,305.85079106230427,0,0.0,False,0.0597008950624085,False,False,60.0,s6_fast_target,M4,2,0.0,0.35,3.6
False,60.0,inf,0.565146353384918,True,263.51844107964973,0.0314975571639364,0.28892589508742716,322.7536054716419,0.3347380391388262,3.65946383171577,3.5687445614255404,3.5687445614255404,305.9339989730764,0,0.0,False,0.05946383171577008,False,False,60.0,s6_fast_target,M5,0,0.0,0.35,3.6
False,60.0,inf,0.536889813206708,True,263.32198387229437,0.031561032556547165,0.2729669719678046,322.91524016125214,0.3351047474522242,3.6594973783606526,3.568853798465807,3.568853798465807,305.9059156417355,0,0.0,False,0.0594973783606525,False,False,60.0,s6_fast_target,M5,1,0.0,0.35,3.6
False,60.0,inf,0.5381501044166009,True,263.2241610207377,0.02957095626390525,0.27116291978906465,324.100055065998,0.3374945272321955,3.6597008950624086,3.569551505101011,3.569551505101011,305.85079106230427,0,0.0,False,0.0597008950624085,False,False,60.0,s6_fast_target,M5,2,0.0,0.35,3.6
False,60.0,inf,0.5646308156028248,True,263.49922949211543,0.02997701762368857,0.2885095753538718,322.7625805361479,0.32717137233766264,3.659456063879844,3.56879669525633,3.56879669525633,305.92454080336154,0,0.0,False,0.059456063879844034,False,False,60.0,s6_fast_target,M6,0,0.0,0.35,3.6
False,60.0,inf,0.5362437469290848,True,263.3037125534627,0.030223236448725377,0.2729669719678046,322.90550022192497,0.32750286429368053,3.659485767173582,3.5688935762188474,3.5688935762188474,305.8943901066734,0,0.0,False,0.059485767173582005,False,False,60.0,s6_fast_target,M6,1,0.0,0.35,3.6
False,60.0,inf,0.5370041854873354,True,263.2060618313139,0.028282691393108517,0.2710241465445462,324.0732171022069,0.32991495774060703,3.65969342086103,3.569591228546923,3.569591228546923,305.83963391455546,0,0.0,False,0.0596934208610298,False,False,60.0,s6_fast_target,M6,2,0.0,0.35,3.6
False,60.0,inf,0.5646308156028248,True,263.49922949211543,0.02997701762368857,0.2885095753538718,322.7625805361479,0.32717137233766264,3.659456063879844,3.56879669525633,3.56879669525633,305.92454080336154,0,0.0,False,0.059456063879844034,False,False,60.0,s6_fast_target,M7,0,0.0,0.35,3.6
False,60.0,inf,0.5362437469290848,True,263.3037125534627,0.030223236448725377,0.2729669719678046,322.90550022192497,0.32750286429368053,3.659485767173582,3.5688935762188474,3.5688935762188474,305.8943901066734,0,0.0,False,0.059485767173582005,False,False,60.0,s6_fast_target,M7,1,0.0,0.35,3.6
False,60.0,inf,0.5370041854873354,True,263.2060618313139,0.028282691393108517,0.2710241465445462,324.0732171022069,0.32991495774060703,3.65969342086103,3.569591228546923,3.569591228546923,305.83963391455546,0,0.0,False,0.0596934208610298,False,False,60.0,s6_fast_target,M7,2,0.0,0.35,3.6
False,60.0,inf,0.5548487882416225,True,272.06031168335016,0.026289449471199513,0.3454066056064391,311.0301787238305,0.3222506286047888,2.874355172555535,2.75900793718668,2.75900793718668,310.76045894710353,0,0.0,False,0.07435517255553536,False,False,60.0,s6_fast_target,M4,0,0.0,0.5,2.8
False,60.0,inf,0.5188798022296531,True,271.8567980090222,0.02703215332483689,0.33069664168748264,311.93332657544613,0.3359148702791266,2.873783994515231,2.761362867754124,2.761362867754124,310.7215058277152,0,0.0,False,0.07378399451523121,False,False,60.0,s6_fast_target,M4,1,0.0,0.5,2.8
False,60.0,inf,0.5072372345679398,True,271.72776749785635,0.025106577573602424,0.3269497640854843,314.1936889220658,0.3408316630859696,2.8737377224699507,2.762487311591201,2.762487311591201,310.64815863714955,0,0.0,False,0.07373772246995092,False,False,60.0,s6_fast_target,M4,2,0.0,0.5,2.8
False,60.0,inf,0.5548487882416225,True,272.06031168335016,0.026289449471199513,0.3454066056064391,311.0301787238305,0.3222506286047888,2.874355172555535,2.75900793718668,2.75900793718668,310.76045894710353,0,0.0,False,0.07435517255553536,False,False,60.0,s6_fast_target,M5,0,0.0,0.5,2.8
False,60.0,inf,0.5188798022296531,True,271.8567980090222,0.02703215332483689,0.33069664168748264,311.93332657544613,0.3359148702791266,2.873783994515231,2.761362867754124,2.761362867754124,310.7215058277152,0,0.0,False,0.07378399451523121,False,False,60.0,s6_fast_target,M5,1,0.0,0.5,2.8
False,60.0,inf,0.5072372345679398,True,271.72776749785635,0.025106577573602424,0.3269497640854843,314.1936889220658,0.3408316630859696,2.8737377224699507,2.762487311591201,2.762487311591201,310.64815863714955,0,0.0,False,0.07373772246995092,False,False,60.0,s6_fast_target,M5,2,0.0,0.5,2.8
False,60.0,inf,0.5542475433841666,True,272.0322134658525,0.02485646291910967,0.3452678323619206,311.2425462492539,0.3142187954666427,2.8737309763322547,2.7596607240232767,2.7596607240232767,310.746518421691,0,0.0,False,0.0737309763322549,False,False,60.0,s6_fast_target,M6,0,0.0,0.5,2.8
False,60.0,inf,0.5180478032226242,True,271.83613175584054,0.02585083291178955,0.33069664168748264,311.9850638055474,0.32398367754420915,2.8736517959908077,2.76164273218248,2.76164273218248,310.70846177071087,0,0.0,False,0.07365179599080784,False,False,60.0,s6_fast_target,M6,1,0.0,0.5,2.8
False,60.0,inf,0.5059301722763588,True,271.7090839181433,0.024065058335751153,0.32708853733000276,314.14476061311495,0.3288781863580427,2.873644748326211,2.7627764273796185,2.7627764273796185,310.6364156083916,0,0.0,False,0.07364474832621104,False,False,60.0,s6_fast_target,M6,2,0.0,0.5,2.8
False,60.0,inf,0.5542475433841666,True,272.0322134658525,0.02485646291910967,0.3452678323619206,311.2425462492539,0.3142187954666427,2.8737309763322547,2.7596607240232767,2.7596607240232767,310.746518421691,0,0.0,False,0.0737309763322549,False,False,60.0,s6_fast_target,M7,0,0.0,0.5,2.8
False,60.0,inf,0.5180478032226242,True,271.83613175584054,0.02585083291178955,0.33069664168748264,311.9850638055474,0.32398367754420915,2.8736517959908077,2.76164273218248,2.76164273218248,310.70846177071087,0,0.0,False,0.07365179599080784,False,False,60.0,s6_fast_target,M7,1,0.0,0.5,2.8
False,60.0,inf,0.5059301722763588,True,271.7090839181433,0.024065058335751153,0.32708853733000276,314.14476061311495,0.3288781863580427,2.873644748326211,2.7627764273796185,2.7627764273796185,310.6364156083916,0,0.0,False,0.07364474832621104,False,False,60.0,s6_fast_target,M7,2,0.0,0.5,2.8
False,60.0,inf,0.5599766731600122,True,267.7834778782775,0.029047914178060637,0.3172356369691923,317.8538754662697,0.3348845068246036,3.265338808640468,3.164805290032684,3.164805290032684,308.3441352720676,0,0.0,False,0.06533880864046804,False,False,60.0,s6_fast_target,M4,0,0.0,0.5,3.2
False,60.0,inf,0.5279885021725388,True,267.58937010168984,0.029048432435520626,0.30183180682764366,318.087175029855,0.33544981000345797,3.265371153279584,3.1649635304385666,3.1649635304385666,308.3136741737135,0,0.0,False,0.06537115327958398,False,False,60.0,s6_fast_target,M4,1,0.0,0.5,3.2
False,60.0,inf,0.5229776481600382,True,267.4753766139908,0.02708573526178008,0.2987787954482376,319.64712553118557,0.33880008551669305,3.265530627849882,3.1658673220010654,3.1658673220010654,308.2494097428769,0,0.0,False,0.06553062784988173,False,False,60.0,s6_fast_target,M4,2,0.0,0.5,3.2
False,60.0,inf,0.5599766731600122,True,267.7834778782775,0.029047914178060637,0.3172356369691923,317.8538754662697,0.3348845068246036,3.265338808640468,3.164805290032684,3.164805290032684,308.3441352720676,0,0.0,False,0.06533880864046804,False,False,60.0,s6_fast_target,M5,0,0.0,0.5,3.2
False,60.0,inf,0.5279885021725388,True,267.58937010168984,0.029048432435520626,0.30183180682764366,318.087175029855,0.33544981000345797,3.265371153279584,3.1649635304385666,3.1649635304385666,308.3136741737135,0,0.0,False,0.06537115327958398,False,False,60.0,s6_fast_target,M5,1,0.0,0.5,3.2
False,60.0,inf,0.5229776481600382,True,267.4753766139908,0.02708573526178008,0.2987787954482376,319.64712553118557,0.33880008551669305,3.265530627849882,3.1658673220010654,3.1658673220010654,308.2494097428769,0,0.0,False,0.06553062784988173,False,False,60.0,s6_fast_target,M5,2,0.0,0.5,3.2
False,60.0,inf,0.5594208885686215,True,267.72517724817965,0.027103565691185518,0.31695809048015544,320.99074851530554,0.3339046753521869,3.2665263430782794,3.167993895730796,3.167993895730796,308.3041119398457,0,0.0,False,0.0665263430782792,False,False,60.0,s6_fast_target,M6,0,0.0,0.5,3.2
False,60.0,inf,0.527273163049274,True,267.57037558024814,0.027797198148204152,0.302248126561199,318.09570214154974,0.3260396695471685,3.265326064494658,3.165083902977603,3.165083902977603,308.301677869803,0,0.0,False,0.06532606449465783,False,False,60.0,s6_fast_target,M6,1,0.0,0.5,3.2
False,60.0,inf,0.5217807371267851,True,267.45744192976775,0.025950289597604283,0.2991951151817929,319.61408882222923,0.3293987979044162,3.2654969995899776,3.16598635151875,3.16598635151875,308.2382456733175,0,0.0,False,0.06549699958997746,False,False,60.0,s6_fast_target,M6,2,0.0,0.5,3.2
False,60.0,inf,0.5594208885686215,True,267.72517724817965,0.027103565691185518,0.31695809048015544,320.99074851530554,0.3339046753521869,3.2665263430782794,3.167993895730796,3.167993895730796,308.3041119398457,0,0.0,False,0.0665263430782792,False,False,60.0,s6_fast_target,M7,0,0.0,0.5,3.2
False,60.0,inf,0.527273163049274,True,267.57037558024814,0.027797198148204152,0.302248126561199,318.09570214154974,0.3260396695471685,3.265326064494658,3.165083902977603,3.165083902977603,308.301677869803,0,0.0,False,0.06532606449465783,False,False,60.0,s6_fast_target,M7,1,0.0,0.5,3.2
False,60.0,inf,0.5217807371267851,True,267.45744192976775,0.025950289597604283,0.2991951151817929,319.61408882222923,0.3293987979044162,3.2654969995899776,3.16598635151875,3.16598635151875,308.2382456733175,0,0.0,False,0.06549699958997746,False,False,60.0,s6_fast_target,M7,2,0.0,0.5,3.2
False,60.0,inf,0.565146353384918,True,263.5184410796497,0.031497557163936325,0.28892589508742716,322.75360547164183,0.3347380391388262,3.6594638317157706,3.5687445614255404,3.5687445614255404,305.9339989730764,0,0.0,False,0.05946383171577052,False,False,60.0,s6_fast_target,M4,0,0.0,0.5,3.6
False,60.0,inf,0.5368898132067079,True,263.32198387229437,0.03156103255654718,0.2729669719678046,322.91524016125214,0.3351047474522242,3.6594973783606526,3.568853798465807,3.568853798465807,305.9059156417354,0,0.0,False,0.0594973783606525,False,False,60.0,s6_fast_target,M4,1,0.0,0.5,3.6
False,60.0,inf,0.5381501044166009,True,263.2241610207377,0.029570956263905258,0.27116291978906465,324.100055065998,0.3374945272321955,3.6597008950624086,3.569551505101011,3.569551505101011,305.85079106230427,0,0.0,False,0.0597008950624085,False,False,60.0,s6_fast_target,M4,2,0.0,0.5,3.6
False,60.0,inf,0.565146353384918,True,263.5184410796497,0.031497557163936325,0.28892589508742716,322.75360547164183,0.3347380391388262,3.6594638317157706,3.5687445614255404,3.5687445614255404,305.9339989730764,0,0.0,False,0.05946383171577052,False,False,60.0,s6_fast_target,M5,0,0.0,0.5,3.6
False,60.0,inf,0.5368898132067079,True,263.32198387229437,0.03156103255654718,0.2729669719678046,322.91524016125214,0.3351047474522242,3.6594973783606526,3.568853798465807,3.568853798465807,305.9059156417354,0,0.0,False,0.0594973783606525,False,False,60.0,s6_fast_target,M5,1,0.0,0.5,3.6
False,60.0,inf,0.5381501044166009,True,263.2241610207377,0.029570956263905258,0.27116291978906465,324.100055065998,0.3374945272321955,3.6597008950624086,3.569551505101011,3.569551505101011,305.85079106230427,0,0.0,False,0.0597008950624085,False,False,60.0,s6_fast_target,M5,2,0.0,0.5,3.6
False,60.0,inf,0.5646308156028247,True,263.4992294921153,0.029977017623688654,0.2885095753538718,322.7625805361479,0.32717137233766264,3.659456063879844,3.56879669525633,3.56879669525633,305.92454080336154,0,0.0,False,0.059456063879844034,False,False,60.0,s6_fast_target,M6,0,0.0,0.5,3.6
False,60.0,inf,0.5362437469290849,True,263.3037125534626,0.03022323644872538,0.2729669719678046,322.90550022192497,0.32750286429368053,3.659485767173582,3.5688935762188474,3.5688935762188474,305.8943901066734,0,0.0,False,0.059485767173582005,False,False,60.0,s6_fast_target,M6,1,0.0,0.5,3.6
False,60.0,inf,0.5370041854873354,True,263.2060618313139,0.028282691393108517,0.2710241465445462,324.0732171022069,0.32991495774060703,3.65969342086103,3.569591228546923,3.569591228546923,305.83963391455546,0,0.0,False,0.0596934208610298,False,False,60.0,s6_fast_target,M6,2,0.0,0.5,3.6
False,60.0,inf,0.5646308156028247,True,263.4992294921153,0.029977017623688654,0.2885095753538718,322.7625805361479,0.32717137233766264,3.659456063879844,3.56879669525633,3.56879669525633,305.92454080336154,0,0.0,False,0.059456063879844034,False,False,60.0,s6_fast_target,M7,0,0.0,0.5,3.6
False,60.0,inf,0.5362437469290849,True,263.3037125534626,0.03022323644872538,0.2729669719678046,322.90550022192497,0.32750286429368053,3.659485767173582,3.5688935762188474,3.5688935762188474,305.8943901066734,0,0.0,False,0.059485767173582005,False,False,60.0,s6_fast_target,M7,1,0.0,0.5,3.6
False,60.0,inf,0.5370041854873354,True,263.2060618313139,0.028282691393108517,0.2710241465445462,324.0732171022069,0.32991495774060703,3.65969342086103,3.569591228546923,3.569591228546923,305.83963391455546,0,0.0,False,0.0596934208610298,False,False,60.0,s6_fast_target,M7,2,0.0,0.5,3.6
False,60.0,inf,0.5545087619026164,True,274.1155756312126,0.024978308613556776,0.3591451568137663,305.94277642136046,0.3197351942742817,2.6834560813447044,2.5566211803501098,3.099967271776518,311.9203202162703,0,0.0,False,0.11654391865529545,False,False,60.0,s6_fast_target,M4,0,0.7,0.35,2.8
False,60.0,inf,0.517454287559324,True,273.90847323933866,0.025717867432841525,0.34457396613932834,306.81842216701443,0.32774328867959757,2.68392080078551,2.5590988505185823,3.102444088627927,311.880011642207,0,0.0,False,0.11607919921448984,False,False,60.0,s6_fast_target,M4,1,0.7,0.35,2.8
False,60.0,inf,0.5018886668372018,True,273.7667118648599,0.023701367024047407,0.3398556758257008,309.4191918549843,0.33360468610710264,2.6838966052877744,2.560609319866217,3.103952697580607,311.7997413930324,0,0.0,False,0.11610339471222542,False,False,60.0,s6_fast_target,M4,2,0.7,0.35,2.8
False,60.0,inf,0.5545087619026164,True,274.1155756312126,0.024978308613556776,0.3591451568137663,305.94277642136046,0.3197351942742817,2.6834560813447044,2.5566211803501098,3.099967271776518,311.9203202162703,0,0.0,False,0.11654391865529545,False,False,60.0,s6_fast_target,M5,0,0.7,0.35,2.8
False,60.0,inf,0.517454287559324,True,273.90847323933866,0.025717867432841525,0.34457396613932834,306.81842216701443,0.32774328867959757,2.68392080078551,2.5590988505185823,3.102444088627927,311.880011642207,0,0.0,False,0.11607919921448984,False,False,60.0,s6_fast_target,M5,1,0.7,0.35,2.8
False,60.0,inf,0.5018886668372018,True,273.7667118648599,0.023701367024047407,0.3398556758257008,309.4191918549843,0.33360468610710264,2.6838966052877744,2.560609319866217,3.103952697580607,311.7997413930324,0,0.0,False,0.11610339471222542,False,False,60.0,s6_fast_target,M5,2,0.7,0.35,2.8
False,60.0,inf,0.553917470800076,True,274.0867580836575,0.02349913280892925,0.3588676103247294,305.95825083295694,0.30098988664693815,2.6836509613276007,2.5563080306561967,3.0996541442812378,311.90978177963564,0,0.0,False,0.1163490386723991,False,False,60.0,s6_fast_target,M6,0,0.7,0.35,2.8
False,60.0,inf,0.5166185045215766,True,273.88739323255066,0.02452158321518829,0.34457396613932834,306.8452442083659,0.31327620304629883,2.683825981567201,2.559344203145655,3.1026894654927846,311.86676949080197,0,0.0,False,0.11617401843279884,False,False,60.0,s6_fast_target,M6,1,0.7,0.35,2.8
False,60.0,inf,0.5006350485204059,True,273.7485416867124,0.02270237561045837,0.3401332223147377,309.2708565986748,0.3190074135018662,2.6838654225760084,2.5608571447227106,3.1042003191386174,311.7883639570175,0,0.0,False,0.11613457742399147,False,False,60.0,s6_fast_target,M6,2,0.7,0.35,2.8
False,60.0,inf,0.553917470800076,True,274.0867580836575,0.02349913280892925,0.3588676103247294,305.95825083295694,0.30098988664693815,2.6836509613276007,2.5563080306561967,3.0996541442812378,311.90978177963564,0,0.0,False,0.1163490386723991,False,False,60.0,s6_fast_target,M7,0,0.7,0.35,2.8
False,60.0,inf,0.5166185045215766,True,273.88739323255066,0.02452158321518829,0.34457396613932834,306.8452442083659,0.31327620304629883,2.683825981567201,2.559344203145655,3.1026894654927846,311.86676949080197,0,0.0,False,0.11617401843279884,False,False,60.0,s6_fast_target,M7,1,0.7,0.35,2.8
False,60.0,inf,0.5006350485204059,True,273.7485416867124,0.02270237561045837,0.3401332223147377,309.2708565986748,0.3190074135018662,2.6838654225760084,2.5608571447227106,3.1042003191386174,311.7883639570175,0,0.0,False,0.11613457742399147,False,False,60.0,s6_fast_target,M7,2,0.7,0.35,2.8
False,60.0,inf,0.559435894965037,True,269.7864752606671,0.026982894970769424,0.3305578684429642,314.8990626299559,0.3152343827568506,3.076705578374422,2.9645111041583263,3.5078571010926622,309.4770902633343,0,0.0,False,0.12329442162557802,False,False,60.0,s6_fast_target,M4,0,0.7,0.35,3.2
False,60.0,inf,0.526193403183074,True,269.59931043711896,0.027530636294053272,0.3158479045240078,314.42484827668926,0.32960155337120994,3.0759924510311656,2.966519168823248,3.5098647984361215,309.4474045319614,0,0.0,False,0.12400754896883459,False,False,60.0,s6_fast_target,M4,1,0.7,0.35,3.2
False,60.0,inf,0.5176254910132327,True,269.4736987207459,0.02552432063542785,0.3116847071884541,316.25123914900917,0.33362135898164896,3.0761983827138617,2.967690754125736,3.5110350830779917,309.3769927912417,0,0.0,False,0.12380161728613848,False,False,60.0,s6_fast_target,M4,2,0.7,0.35,3.2
False,60.0,inf,0.559435894965037,True,269.7864752606671,0.026982894970769424,0.3305578684429642,314.8990626299559,0.3152343827568506,3.076705578374422,2.9645111041583263,3.5078571010926622,309.4770902633343,0,0.0,False,0.12329442162557802,False,False,60.0,s6_fast_target,M5,0,0.7,0.35,3.2
False,60.0,inf,0.526193403183074,True,269.59931043711896,0.027530636294053272,0.3158479045240078,314.42484827668926,0.32960155337120994,3.0759924510311656,2.966519168823248,3.5098647984361215,309.4474045319614,0,0.0,False,0.12400754896883459,False,False,60.0,s6_fast_target,M5,1,0.7,0.35,3.2
False,60.0,inf,0.5176254910132327,True,269.4736987207459,0.02552432063542785,0.3116847071884541,316.25123914900917,0.33362135898164896,3.0761983827138617,2.967690754125736,3.5110350830779917,309.3769927912417,0,0.0,False,0.12380161728613848,False,False,60.0,s6_fast_target,M5,2,0.7,0.35,3.2
False,60.0,inf,0.558889282857307,True,269.7313540151458,0.02560274837003453,0.33041909519844576,317.7663157764364,0.32825043312617985,3.0765048237917214,2.9694047374300507,3.5127504985876334,309.43978455096783,0,0.0,False,0.12349517620827877,False,False,60.0,s6_fast_target,M6,0,0.7,0.35,3.2
False,60.0,inf,0.5254876188931463,True,269.58017171403293,0.02629138354904159,0.3157091312794893,314.41257409120493,0.3185416311578246,3.075969570364947,2.966596629654057,3.5099422749634055,309.4353431159616,0,0.0,False,0.12403042963505317,False,False,60.0,s6_fast_target,M6,1,0.7,0.35,3.2
False,60.0,inf,0.5164108420976699,True,269.4564151322925,0.02441228475029853,0.311962253677491,316.17591493587804,0.3225558611968686,3.076191663593683,2.9677645254173295,3.5111088067920884,309.3662173303467,0,0.0,False,0.12380833640631739,False,False,60.0,s6_fast_target,M6,2,0.7,0.35,3.2
False,60.0,inf,0.558889282857307,True,269.7313540151458,0.02560274837003453,0.33041909519844576,317.7663157764364,0.32825043312617985,3.0765048237917214,2.9694047374300507,3.5127504985876334,309.43978455096783,0,0.0,False,0.12349517620827877,False,False,60.0,s6_fast_target,M7,0,0.7,0.35,3.2
False,60.0,inf,0.5254876188931463,True,269.58017171403293,0.02629138354904159,0.3157091312794893,314.41257409120493,0.3185416311578246,3.075969570364947,2.966596629654057,3.5099422749634055,309.4353431159616,0,0.0,False,0.12403042963505317,False,False,60.0,s6_fast_target,M7,1,0.7,0.35,3.2
False,60.0,inf,0.5164108420976699,True,269.4564151322925,0.02441228475029853,0.311962253677491,316.17591493587804,0.3225558611968686,3.076191663593683,2.9677645254173295,3.5111088067920884,309.3662173303467,0,0.0,False,0.12380833640631739,False,False,60.0,s6_fast_target,M7,2,0.7,0.35,3.2
False,60.0,inf,0.5644013418160934,True,265.48770043799794,0.02945557124057077,0.30210935331668054,321.3868157183882,0.3332714487424215,3.4705722424011163,3.373574577950078,3.916919808568419,307.03532807433993,0,0.0,False,0.1294277575988838,False,False,60.0,s6_fast_target,M4,0,0.7,0.35,3.6
False,60.0,inf,0.53470311606589,True,265.30397889255386,0.02979649124692923,0.2865667499306134,320.17571003190176,0.3307264846670733,3.470338553302142,3.37277994913611,3.916125804548783,307.0232569101722,0,0.0,False,0.12966144669785828,False,False,60.0,s6_fast_target,M4,1,0.7,0.35,3.6
False,60.0,inf,0.5327659000208408,True,265.1948652969944,0.027723757386727645,0.2839300582847627,321.594165490043,0.3336472413613856,3.4705854180758657,3.3736702404247896,3.9170153115246054,306.96242636852935,0,0.0,False,0.12941458192413435,False,False,60.0,s6_fast_target,M4,2,0.7,0.35,3.6
False,60.0,inf,0.5644013418160934,True,265.48770043799794,0.02945557124057077,0.30210935331668054,321.3868157183882,0.3332714487424215,3.4705722424011163,3.373574577950078,3.916919808568419,307.03532807433993,0,0.0,False,0.1294277575988838,False,False,60.0,s6_fast_target,M5,0,0.7,0.35,3.6
False,60.0,inf,0.53470311606589,True,265.30397889255386,0.02979649124692923,0.2865667499306134,320.17571003190176,0.3307264846670733,3.470338553302142,3.37277994913611,3.916125804548783,307.0232569101722,0,0.0,False,0.12966144669785828,False,False,60.0,s6_fast_target,M5,1,0.7,0.35,3.6
False,60.0,inf,0.5327659000208408,True,265.1948652969944,0.027723757386727645,0.2839300582847627,321.594165490043,0.3336472413613856,3.4705854180758657,3.3736702404247896,3.9170153115246054,306.96242636852935,0,0.0,False,0.12941458192413435,False,False,60.0,s6_fast_target,M5,2,0.7,0.35,3.6
False,60.0,inf,0.5638952751282991,True,265.4621444028384,0.02797929987927798,0.30183180682764366,321.58787681362764,0.3250315894401619,3.470610269893512,3.3737103282030634,3.9170554770016683,307.02445428525505,0,0.0,False,0.1293897301064879,False,False,60.0,s6_fast_target,M6,0,0.7,0.35,3.6
False,60.0,inf,0.5340770618151882,True,265.2856867552643,0.028473713767769925,0.2867055231751318,320.1497669607311,0.3219913543677537,3.470340519481289,3.372782621406516,3.916128485087083,307.0117261780391,0,0.0,False,0.12965948051871123,False,False,60.0,s6_fast_target,M6,1,0.7,0.35,3.6
False,60.0,inf,0.5316272914717652,True,265.1773752521439,0.026501936267994866,0.2839300582847627,321.54494304220344,0.3249433174870788,3.4705931565875425,3.373673948162272,3.9170190087304477,306.9516160654795,0,0.0,False,0.12940684341245756,False,False,60.0,s6_fast_target,M6,2,0.7,0.35,3.6
False,60.0,inf,0.5638952751282991,True,265.4621444028384,0.02797929987927798,0.30183180682764366,321.58787681362764,0.3250315894401619,3.470610269893512,3.3737103282030634,3.9170554770016683,307.02445428525505,0,0.0,False,0.1293897301064879,False,False,60.0,s6_fast_target,M7,0,0.7,0.35,3.6
False,60.0,inf,0.5340770618151882,True,265.2856867552643,0.028473713767769925,0.2867055231751318,320.1497669607311,0.3219913543677537,3.470340519481289,3.372782621406516,3.916128485087083,307.0117261780391,0,0.0,False,0.12965948051871123,False,False,60.0,s6_fast_target,M7,1,0.7,0.35,3.6
False,60.0,inf,0.5316272914717652,True,265.1773752521439,0.026501936267994866,0.2839300582847627,321.54494304220344,0.3249433174870788,3.4705931565875425,3.373673948162272,3.9170190087304477,306.9516160654795,0,0.0,False,0.12940684341245756,False,False,60.0,s6_fast_target,M7,2,0.7,0.35,3.6
False,60.0,inf,0.554009679560382,True,274.9283400712549,0.024483932102394287,0.36441854010546765,304.13142589008936,0.31694837131083786,2.6082335558653096,2.4774734690616973,3.0208195725271962,312.3784937736367,0,0.0,False,0.19176644413469024,False,False,60.0,s6_fast_target,M4,0,0.7,0.5,2.8
False,60.0,inf,0.516252237397665,True,274.7235613211149,0.02525639015279307,0.35026366916458507,305.26154944654155,0.327734460098229,2.608232151967448,2.480165564430754,3.0235107840861017,312.33828147596523,0,0.0,False,0.19176784803255176,False,False,60.0,s6_fast_target,M4,1,0.7,0.5,2.8
False,60.0,inf,0.49924420744937664,True,274.57760192106866,0.02320998866556877,0.3454066056064391,308.30520738261157,0.3341768852515976,2.6080753631234566,2.4817236404650145,3.0250673111039537,312.2557460684385,0,0.0,False,0.19192463687654326,False,False,60.0,s6_fast_target,M4,2,0.7,0.5,2.8
False,60.0,inf,0.554009679560382,True,274.9283400712549,0.024483932102394287,0.36441854010546765,304.13142589008936,0.31694837131083786,2.6082335558653096,2.4774734690616973,3.0208195725271962,312.3784937736367,0,0.0,False,0.19176644413469024,False,False,60.0,s6_fast_target,M5,0,0.7,0.5,2.8
False,60.0,inf,0.516252237397665,True,274.7235613211149,0.02525639015279307,0.35026366916458507,305.26154944654155,0.327734460098229,2.608232151967448,2.480165564430754,3.0235107840861017,312.33828147596523,0,0.0,False,0.19176784803255176,False,False,60.0,s6_fast_target,M5,1,0.7,0.5,2.8
False,60.0,inf,0.49924420744937664,True,274.57760192106866,0.02320998866556877,0.3454066056064391,308.30520738261157,0.3341768852515976,2.6080753631234566,2.4817236404650145,3.0250673111039537,312.2557460684385,0,0.0,False,0.19192463687654326,False,False,60.0,s6_fast_target,M5,2,0.7,0.5,2.8
False,60.0,inf,0.5530848793408084,True,274.8963037498955,0.02296070031559924,0.3642797668609492,304.3041723273423,0.2967240841666808,2.608461758723761,2.477197353341451,3.02054346660545,312.3672591294668,0,0.0,False,0.19153824127623897,False,False,60.0,s6_fast_target,M6,0,0.7,0.5,2.8
False,60.0,inf,0.515396130273671,True,274.7018572254512,0.024088563647534086,0.34998612267554813,305.3027728795164,0.31245761177295545,2.608097394077475,2.480451625898776,3.0237968661736856,312.32465706076243,0,0.0,False,0.19190260592252484,False,False,60.0,s6_fast_target,M6,1,0.7,0.5,2.8
False,60.0,inf,0.49798320445080857,True,274.55896241768215,0.02223993473727143,0.345684152095476,308.1512478552115,0.3188169643252575,2.608012019498645,2.4820265477644203,3.0253699914624965,312.2440578934651,0,0.0,False,0.1919879805013549,False,False,60.0,s6_fast_target,M6,2,0.7,0.5,2.8
False,60.0,inf,0.5530848793408084,True,274.8963037498955,0.02296070031559924,0.3642797668609492,304.3041723273423,0.2967240841666808,2.608461758723761,2.477197353341451,3.02054346660545,312.3672591294668,0,0.0,False,0.19153824127623897,False,False,60.0,s6_fast_target,M7,0,0.7,0.5,2.8
False,60.0,inf,0.515396130273671,True,274.7018572254512,0.024088563647534086,0.34998612267554813,305.3027728795164,0.31245761177295545,2.608097394077475,2.480451625898776,3.0237968661736856,312.32465706076243,0,0.0,False,0.19190260592252484,False,False,60.0,s6_fast_target,M7,1,0.7,0.5,2.8
False,60.0,inf,0.49798320445080857,True,274.55896241768215,0.02223993473727143,0.345684152095476,308.1512478552115,0.3188169643252575,2.608012019498645,2.4820265477644203,3.0253699914624965,312.2440578934651,0,0.0,False,0.1919879805013549,False,False,60.0,s6_fast_target,M7,2,0.7,0.5,2.8
False,60.0,inf,0.5588724210964899,True,270.6041108792272,0.02641846709795919,0.3365251179572578,313.90022427299704,0.31496604382723037,2.9995975219151076,2.8848093791482317,3.4281554116029658,309.9392326416863,0,0.0,False,0.20040247808489253,False,False,60.0,s6_fast_target,M4,0,0.7,0.5,3.2
False,60.0,inf,0.5249396078326983,True,270.42234478137743,0.026974021126561547,0.3215376075492645,313.2392203575237,0.3296092336345254,2.9988053645734816,2.8867890889066867,3.430134698038598,309.91052580825334,0,0.0,False,0.2011946354265186,False,False,60.0,s6_fast_target,M4,1,0.7,0.5,3.2
False,60.0,inf,0.5149559087419044,True,270.2927758959532,0.02495378924414926,0.3170968637246739,315.36288374304667,0.3341023536902666,2.9989484201298175,2.888023956824909,3.4313683934586257,309.8378931530335,0,0.0,False,0.20105157987018263,False,False,60.0,s6_fast_target,M4,2,0.7,0.5,3.2
False,60.0,inf,0.5588724210964899,True,270.6041108792272,0.02641846709795919,0.3365251179572578,313.90022427299704,0.31496604382723037,2.9995975219151076,2.8848093791482317,3.4281554116029658,309.9392326416863,0,0.0,False,0.20040247808489253,False,False,60.0,s6_fast_target,M5,0,0.7,0.5,3.2
False,60.0,inf,0.5249396078326983,True,270.42234478137743,0.026974021126561547,0.3215376075492645,313.2392203575237,0.3296092336345254,2.9988053645734816,2.8867890889066867,3.430134698038598,309.91052580825334,0,0.0,False,0.2011946354265186,False,False,60.0,s6_fast_target,M5,1,0.7,0.5,3.2
False,60.0,inf,0.5149559087419044,True,270.2927758959532,0.02495378924414926,0.3170968637246739,315.36288374304667,0.3341023536902666,2.9989484201298175,2.888023956824909,3.4313683934586257,309.8378931530335,0,0.0,False,0.20105157987018263,False,False,60.0,s6_fast_target,M5,2,0.7,0.5,3.2
False,60.0,inf,0.5583236608609105,True,270.5540035612809,0.025017371532237005,0.335970024979184,316.7941263195197,0.32736792290378297,2.9990817810418835,2.8894185814195916,3.432764170016325,309.90394904883135,0,0.0,False,0.20091821895811668,False,False,60.0,s6_fast_target,M6,0,0.7,0.5,3.2
False,60.0,inf,0.5242230934152937,True,270.4028596859392,0.025787268096207457,0.3215376075492645,313.2324518128835,0.31799856643914554,2.998768535122439,2.886886541664248,3.4302321662138686,309.8982485814007,0,0.0,False,0.20123146487756127,False,False,60.0,s6_fast_target,M6,1,0.7,0.5,3.2
False,60.0,inf,0.5137310836193972,True,270.2753918996206,0.0238929765931805,0.3173744102137108,315.2860049079548,0.32250606661037506,2.9989315867774624,2.8881223324625545,3.4314667127597387,309.82702681767694,0,0.0,False,0.20106841322253777,False,False,60.0,s6_fast_target,M6,2,0.7,0.5,3.2
False,60.0,inf,0.5583236608609105,True,270.5540035612809,0.025017371532237005,0.335970024979184,316.7941263195197,0.32736792290378297,2.9990817810418835,2.8894185814195916,3.432764170016325,309.90394904883135,0,0.0,False,0.20091821895811668,False,False,60.0,s6_fast_target,M7,0,0.7,0.5,3.2
False,60.0,inf,0.5242230934152937,True,270.4028596859392,0.025787268096207457,0.3215376075492645,313.2324518128835,0.31799856643914554,2.998768535122439,2.886886541664248,3.4302321662138686,309.8982485814007,0,0.0,False,0.20123146487756127,False,False,60.0,s6_fast_target,M7,1,0.7,0.5,3.2
False,60.0,inf,0.5137310836193972,True,270.2753918996206,0.0238929765931805,0.3173744102137108,315.2860049079548,0.32250606661037506,2.9989315867774624,2.8881223324625545,3.4314667127597387,309.82702681767694,0,0.0,False,0.20106841322253777,False,False,60.0,s6_fast_target,M7,2,0.7,0.5,3.2
False,60.0,inf,0.5637709557921894,True,266.31221299695494,0.02881971241284275,0.30779905634193727,320.86454368809,0.33400361448095434,3.3923854113169285,3.293507223945238,3.836852460318515,307.50109663431886,0,0.0,False,0.2076145886830716,False,False,60.0,s6_fast_target,M4,0,0.7,0.5,3.6
False,60.0,inf,0.5333792519648111,True,266.1318619912636,0.029164294815912692,0.29239522620038855,319.25032761167284,0.3307566485238079,3.3921528944143975,3.2925532748369926,3.835899115179168,307.48937176703726,0,0.0,False,0.2078471055856026,False,False,60.0,s6_fast_target,M4,1,0.7,0.5,3.6
False,60.0,inf,0.530114506346358,True,266.01882082925977,0.027073724502902147,0.2893422148209825,320.8692977870466,0.3340020625448297,3.3923692626512256,3.293490383882851,3.8368354949028234,307.42644806475926,0,0.0,False,0.20763073734877446,False,False,60.0,s6_fast_target,M4,2,0.7,0.5,3.6
False,60.0,inf,0.5637709557921894,True,266.31221299695494,0.02881971241284275,0.30779905634193727,320.86454368809,0.33400361448095434,3.3923854113169285,3.293507223945238,3.836852460318515,307.50109663431886,0,0.0,False,0.2076145886830716,False,False,60.0,s6_fast_target,M5,0,0.7,0.5,3.6
False,60.0,inf,0.5333792519648111,True,266.1318619912636,0.029164294815912692,0.29239522620038855,319.25032761167284,0.3307566485238079,3.3921528944143975,3.2925532748369926,3.835899115179168,307.48937176703726,0,0.0,False,0.2078471055856026,False,False,60.0,s6_fast_target,M5,1,0.7,0.5,3.6
False,60.0,inf,0.530114506346358,True,266.01882082925977,0.027073724502902147,0.2893422148209825,320.8692977870466,0.3340020625448297,3.3923692626512256,3.293490383882851,3.8368354949028234,307.42644806475926,0,0.0,False,0.20763073734877446,False,False,60.0,s6_fast_target,M5,2,0.7,0.5,3.6
False,60.0,inf,0.5632626215012888,True,266.28628969197774,0.02731429642669313,0.30766028309741883,320.98321744584774,0.32521801094442165,3.3924017490311527,3.2935989087016972,3.8369440886808257,307.4898995712849,0,0.0,False,0.20759825096884743,False,False,60.0,s6_fast_target,M6,0,0.7,0.5,3.6
False,60.0,inf,0.5327493926544018,True,266.1133723902697,0.027855271241234943,0.29239522620038855,319.2261859654913,0.32163184295929387,3.3921504863266763,3.292566230973962,3.835912079804517,307.47771366205643,0,0.0,False,0.20784951367332383,False,False,60.0,s6_fast_target,M6,1,0.7,0.5,3.6
False,60.0,inf,0.5289686506532219,True,266.0013590861131,0.025889677416184437,0.2893422148209825,320.81998064117437,0.3249200010628325,3.392374138207481,3.293506214061669,3.836851312421191,307.4156292205729,0,0.0,False,0.2076258617925193,False,False,60.0,s6_fast_target,M6,2,0.7,0.5,3.6
False,60.0,inf,0.5632626215012888,True,266.28628969197774,0.02731429642669313,0.30766028309741883,320.98321744584774,0.32521801094442165,3.3924017490311527,3.2935989087016972,3.8369440886808257,307.4898995712849,0,0.0,False,0.20759825096884743,False,False,60.0,s6_fast_target,M7,0,0.7,0.5,3.6
False,60.0,inf,0.5327493926544018,True,266.1133723902697,0.027855271241234943,0.29239522620038855,319.2261859654913,0.32163184295929387,3.3921504863266763,3.292566230973962,3.835912079804517,307.47771366205643,0,0.0,False,0.20784951367332383,False,False,60.0,s6_fast_target,M7,1,0.7,0.5,3.6
False,60.0,inf,0.5289686506532219,True,266.0013590861131,0.025889677416184437,0.2893422148209825,320.81998064117437,0.3249200010628325,3.392374138207481,3.293506214061669,3.836851312421191,307.4156292205729,0,0.0,False,0.2076258617925193,False,False,60.0,s6_fast_target,M7,2,0.7,0.5,3.6
False,60.0,inf,0.5543592217952209,True,274.9902940997861,0.0244586421380767,0.36483485983902303,303.4157402630363,0.3141485995800222,2.603405235038447,2.470247274119221,3.246456004222258,312.4151301355548,0,0.0,False,0.19659476496155293,False,False,60.0,s6_fast_target,M4,0,1.0,0.35,2.8
False,60.0,inf,0.5168568822331971,True,274.7814317078975,0.02515777571656314,0.35026366916458507,304.4575669526397,0.3243124323932826,2.603794139953321,2.4732680858668346,3.2494752003573204,312.3726848667568,0,0.0,False,0.19620586004667873,False,False,60.0,s6_fast_target,M4,1,1.0,0.35,2.8
False,60.0,inf,0.4996312448064345,True,274.633764029834,0.023118089441703137,0.3452678323619206,307.2403826570912,0.3305746457908901,2.603775571527725,2.4749607582175,3.2511644987370514,312.28926226723615,0,0.0,False,0.19622442847227495,False,False,60.0,s6_fast_target,M4,2,1.0,0.35,2.8
False,60.0,inf,0.5543592217952209,True,274.9902940997861,0.0244586421380767,0.36483485983902303,303.4157402630363,0.3141485995800222,2.603405235038447,2.470247274119221,3.246456004222258,312.4151301355548,0,0.0,False,0.19659476496155293,False,False,60.0,s6_fast_target,M5,0,1.0,0.35,2.8
False,60.0,inf,0.5168568822331971,True,274.7814317078975,0.02515777571656314,0.35026366916458507,304.4575669526397,0.3243124323932826,2.603794139953321,2.4732680858668346,3.2494752003573204,312.3726848667568,0,0.0,False,0.19620586004667873,False,False,60.0,s6_fast_target,M5,1,1.0,0.35,2.8
False,60.0,inf,0.4996312448064345,True,274.633764029834,0.023118089441703137,0.3452678323619206,307.2403826570912,0.3305746457908901,2.603775571527725,2.4749607582175,3.2511644987370514,312.28926226723615,0,0.0,False,0.19622442847227495,False,False,60.0,s6_fast_target,M5,2,1.0,0.35,2.8
False,60.0,inf,0.5535435485229383,True,274.95858022411517,0.022909991899385557,0.36455731334998615,303.636730731374,0.2932871897875862,2.603647604276762,2.4697905843820247,3.2459993008166497,312.40448352687235,0,0.0,False,0.19635239572323782,False,False,60.0,s6_fast_target,M6,0,1.0,0.35,2.8
False,60.0,inf,0.5160173728255419,True,274.7602582467478,0.024024838231701207,0.35026366916458507,304.47265308503006,0.30859538906284967,2.603713131373466,2.473485303415912,3.249692471447756,312.3594150382006,0,0.0,False,0.196286868626534,False,False,60.0,s6_fast_target,M6,1,1.0,0.35,2.8
False,60.0,inf,0.4983795501900382,True,274.6159810719577,0.022144295494164492,0.345684152095476,307.04097349649754,0.3146742800408016,2.6037687726078675,2.475174415828529,3.251377752700207,312.2781452404797,0,0.0,False,0.19623122739213228,False,False,60.0,s6_fast_target,M6,2,1.0,0.35,2.8
False,60.0,inf,0.5535435485229383,True,274.95858022411517,0.022909991899385557,0.36455731334998615,303.636730731374,0.2932871897875862,2.603647604276762,2.4697905843820247,3.2459993008166497,312.40448352687235,0,0.0,False,0.19635239572323782,False,False,60.0,s6_fast_target,M7,0,1.0,0.35,2.8
False,60.0,inf,0.5160173728255419,True,274.7602582467478,0.024024838231701207,0.35026366916458507,304.47265308503006,0.30859538906284967,2.603713131373466,2.473485303415912,3.249692471447756,312.3594150382006,0,0.0,False,0.196286868626534,False,False,60.0,s6_fast_target,M7,1,1.0,0.35,2.8
False,60.0,inf,0.4983795501900382,True,274.6159810719577,0.022144295494164492,0.345684152095476,307.04097349649754,0.3146742800408016,2.6037687726078675,2.475174415828529,3.251377752700207,312.2781452404797,0,0.0,False,0.19623122739213228,False,False,60.0,s6_fast_target,M7,2,1.0,0.35,2.8
False,60.0,inf,0.5592081219795798,True,270.6190277301011,0.026371286009724357,0.33638634471273937,316.5031760479927,0.3211360147137887,2.995184973528438,2.8807933952661253,3.6570014931742976,309.9524934840812,0,0.0,False,0.20481502647156224,False,False,60.0,s6_fast_target,M4,0,1.0,0.35,3.2
False,60.0,inf,0.5254517910570942,True,270.45754499971457,0.026912397853200553,0.32167638079378297,312.7459517616379,0.32716299302704066,2.9956292862473766,2.8820250998722208,3.658232952458376,309.9313483584608,0,0.0,False,0.2043707137526236,False,False,60.0,s6_fast_target,M4,1,1.0,0.35,3.2
False,60.0,inf,0.5153214450321706,True,270.3268712260064,0.024858124647280974,0.31751318345822926,314.7277428188168,0.3315247602932062,2.9958481512779453,2.883327137003155,3.6595327339416017,309.85820906173427,0,0.0,False,0.20415184872205483,False,False,60.0,s6_fast_target,M4,2,1.0,0.35,3.2
False,60.0,inf,0.5592081219795798,True,270.6190277301011,0.026371286009724357,0.33638634471273937,316.5031760479927,0.3211360147137887,2.995184973528438,2.8807933952661253,3.6570014931742976,309.9524934840812,0,0.0,False,0.20481502647156224,False,False,60.0,s6_fast_target,M5,0,1.0,0.35,3.2
False,60.0,inf,0.5254517910570942,True,270.45754499971457,0.026912397853200553,0.32167638079378297,312.7459517616379,0.32716299302704066,2.9956292862473766,2.8820250998722208,3.658232952458376,309.9313483584608,0,0.0,False,0.2043707137526236,False,False,60.0,s6_fast_target,M5,1,1.0,0.35,3.2
False,60.0,inf,0.5153214450321706,True,270.3268712260064,0.024858124647280974,0.31751318345822926,314.7277428188168,0.3315247602932062,2.9958481512779453,2.883327137003155,3.6595327339416017,309.85820906173427,0,0.0,False,0.20415184872205483,False,False,60.0,s6_fast_target,M5,2,1.0,0.35,3.2
False,60.0,inf,0.558664863226169,True,270.5907524892744,0.024959661465948038,0.335970024979184,316.7003612779719,0.32374926620961325,2.9960019886489224,2.8845115511351187,3.6607183558258103,309.9254447549245,0,0.0,False,0.20399801135107776,False,False,60.0,s6_fast_target,M6,0,1.0,0.35,3.2
False,60.0,inf,0.5247483974299358,True,270.43839977164265,0.02568932837795802,0.3215376075492645,312.7235911246859,0.315303194802411,2.995616200853673,2.8820776243426804,3.6582855073520966,309.9192968321105,0,0.0,False,0.20438379914632732,False,False,60.0,s6_fast_target,M6,1,1.0,0.35,3.2
False,60.0,inf,0.5141245061372792,True,270.30994179946646,0.023800962439417966,0.3173744102137108,314.6309023099852,0.3196543359250928,2.9958536221292924,2.883375015560246,3.659580519287097,309.84764790905115,0,0.0,False,0.20414637787070777,False,False,60.0,s6_fast_target,M6,2,1.0,0.35,3.2
False,60.0,inf,0.558664863226169,True,270.5907524892744,0.024959661465948038,0.335970024979184,316.7003612779719,0.32374926620961325,2.9960019886489224,2.8845115511351187,3.6607183558258103,309.9254447549245,0,0.0,False,0.20399801135107776,False,False,60.0,s6_fast_target,M7,0,1.0,0.35,3.2
False,60.0,inf,0.5247483974299358,True,270.43839977164265,0.02568932837795802,0.3215376075492645,312.7235911246859,0.315303194802411,2.995616200853673,2.8820776243426804,3.6582855073520966,309.9192968321105,0,0.0,False,0.20438379914632732,False,False,60.0,s6_fast_target,M7,1,1.0,0.35,3.2
False,60.0,inf,0.5141245061372792,True,270.30994179946646,0.023800962439417966,0.3173744102137108,314.6309023099852,0.3196543359250928,2.9958536221292924,2.883375015560246,3.659580519287097,309.84764790905115,0,0.0,False,0.20414637787070777,False,False,60.0,s6_fast_target,M7,2,1.0,0.35,3.2
False,60.0,inf,0.5640937786366363,True,266.3322700317944,0.028788948520980875,0.30779905634193727,320.51806092316724,0.33218701025117753,3.390086009939973,3.290138720730891,4.0663458513683395,307.5128123738028,0,0.0,False,0.2099139900600271,False,False,60.0,s6_fast_target,M4,0,1.0,0.35,3.6
False,60.0,inf,0.5338090801251463,True,266.1523034928968,0.029070159114276167,0.29239522620038855,318.92721652232103,0.3289094397248269,3.389807768141899,3.2891190362399807,4.065327298310379,307.5014000538761,0,0.0,False,0.21019223185810088,False,False,60.0,s6_fast_target,M4,1,1.0,0.35,3.6
False,60.0,inf,0.5304576801756371,True,266.0383297999266,0.026982247610416555,0.28920344157646405,320.47532060896964,0.3321025962797041,3.3900684401112904,3.290101798323045,4.0663087434302225,307.43806413931713,0,0.0,False,0.2099315598887097,False,False,60.0,s6_fast_target,M4,2,1.0,0.35,3.6
False,60.0,inf,0.5640937786366363,True,266.3322700317944,0.028788948520980875,0.30779905634193727,320.51806092316724,0.33218701025117753,3.390086009939973,3.290138720730891,4.0663458513683395,307.5128123738028,0,0.0,False,0.2099139900600271,False,False,60.0,s6_fast_target,M5,0,1.0,0.35,3.6
False,60.0,inf,0.5338090801251463,True,266.1523034928968,0.029070159114276167,0.29239522620038855,318.92721652232103,0.3289094397248269,3.389807768141899,3.2891190362399807,4.065327298310379,307.5014000538761,0,0.0,False,0.21019223185810088,False,False,60.0,s6_fast_target,M5,1,1.0,0.35,3.6
False,60.0,inf,0.5304576801756371,True,266.0383297999266,0.026982247610416555,0.28920344157646405,320.47532060896964,0.3321025962797041,3.3900684401112904,3.290101798323045,4.0663087434302225,307.43806413931713,0,0.0,False,0.2099315598887097,False,False,60.0,s6_fast_target,M5,2,1.0,0.35,3.6
False,60.0,inf,0.5635907432440016,True,266.30624914018745,0.027265448450554137,0.30766028309741883,320.5895295882024,0.32319038859591165,3.3901153524396044,3.29019169950089,4.066398743490648,307.5015433490134,0,0.0,False,0.2098846475603957,False,False,60.0,s6_fast_target,M6,0,1.0,0.35,3.6
False,60.0,inf,0.5331894581053271,True,266.13401868239174,0.027766915794193367,0.2926727726894255,318.89339804045545,0.31963226785197496,3.389816252680264,3.289102342895917,4.06531062041185,307.4898767255138,0,0.0,False,0.2101837473197361,False,False,60.0,s6_fast_target,M6,1,1.0,0.35,3.6
False,60.0,inf,0.529318137049203,True,266.02113046504394,0.025807463869665457,0.2893422148209825,320.41529733244676,0.32286306652835645,3.390083610441214,3.29008712214948,4.066294046494319,307.427421129399,0,0.0,False,0.2099163895587859,False,False,60.0,s6_fast_target,M6,2,1.0,0.35,3.6
False,60.0,inf,0.5635907432440016,True,266.30624914018745,0.027265448450554137,0.30766028309741883,320.5895295882024,0.32319038859591165,3.3901153524396044,3.29019169950089,4.066398743490648,307.5015433490134,0,0.0,False,0.2098846475603957,False,False,60.0,s6_fast_target,M7,0,1.0,0.35,3.6
False,60.0,inf,0.5331894581053271,True,266.13401868239174,0.027766915794193367,0.2926727726894255,318.89339804045545,0.31963226785197496,3.389816252680264,3.289102342895917,4.06531062041185,307.4898767255138,0,0.0,False,0.2101837473197361,False,False,60.0,s6_fast_target,M7,1,1.0,0.35,3.6
False,60.0,inf,0.529318137049203,True,266.02113046504394,0.025807463869665457,0.2893422148209825,320.41529733244676,0.32286306652835645,3.390083610441214,3.29008712214948,4.066294046494319,307.427421129399,0,0.0,False,0.2099163895587859,False,False,60.0,s6_fast_target,M7,2,1.0,0.35,3.6
False,60.0,inf,0.5532418869029916,True,276.1548945007434,0.023736241708677427,0.3726061615320566,300.5118759252153,0.3086100887454954,2.4964413703410795,2.3567278056332768,3.132936539016655,313.07265871369793,0,0.0,False,0.30355862965892033,False,False,60.0,s6_fast_target,M4,0,1.0,0.5,2.8
False,60.0,inf,0.5151968247562431,True,275.9498500935662,0.024580382986911294,0.35845129059117403,301.971727279177,0.3239963368313816,2.4959475578698203,2.360190363566109,3.1363974092527718,313.02970485819867,0,0.0,False,0.30405244213017957,False,False,60.0,s6_fast_target,M4,1,1.0,0.5,2.8
False,60.0,inf,0.4961126586363164,True,275.7960387980873,0.02242555013867403,0.353594227033028,305.44835900514204,0.331141997149004,2.4957175292956797,2.361964695388278,3.138169139424616,312.94296231252656,0,0.0,False,0.30428247070432013,False,False,60.0,s6_fast_target,M4,2,1.0,0.5,2.8
False,60.0,inf,0.5532418869029916,True,276.1548945007434,0.023736241708677427,0.3726061615320566,300.5118759252153,0.3086100887454954,2.4964413703410795,2.3567278056332768,3.132936539016655,313.07265871369793,0,0.0,False,0.30355862965892033,False,False,60.0,s6_fast_target,M5,0,1.0,0.5,2.8
False,60.0,inf,0.5151968247562431,True,275.9498500935662,0.024580382986911294,0.35845129059117403,301.971727279177,0.3239963368313816,2.4959475578698203,2.360190363566109,3.1363974092527718,313.02970485819867,0,0.0,False,0.30405244213017957,False,False,60.0,s6_fast_target,M5,1,1.0,0.5,2.8
False,60.0,inf,0.4961126586363164,True,275.7960387980873,0.02242555013867403,0.353594227033028,305.44835900514204,0.331141997149004,2.4957175292956797,2.361964695388278,3.138169139424616,312.94296231252656,0,0.0,False,0.30428247070432013,False,False,60.0,s6_fast_target,M5,2,1.0,0.5,2.8
False,60.0,inf,0.5518096068991635,True,276.1111379961788,0.022207371599775854,0.37232861504301973,301.93103167150264,0.289320656741683,2.496074206921859,2.356734268400847,3.132942970248975,313.0577879522828,0,0.0,False,0.30392579307814094,False,False,60.0,s6_fast_target,M6,0,1.0,0.5,2.8
False,60.0,inf,0.5143260520922974,True,275.9276663176587,0.023397888511186737,0.3583125173466556,302.00875050504055,0.30693052901738377,2.4958086689899424,2.3604716593305985,3.136678750096909,313.01582531736557,0,0.0,False,0.30419133101005746,False,False,60.0,s6_fast_target,M6,1,1.0,0.5,2.8
False,60.0,inf,0.494838230133634,True,275.7774734385527,0.021521758149929356,0.3540105467665834,305.2324755637234,0.3139682185249502,2.4956664137195195,2.3622685197005446,3.138472481540941,312.9313355896952,0,0.0,False,0.30433358628048035,False,False,60.0,s6_fast_target,M6,2,1.0,0.5,2.8
False,60.0,inf,0.5518096068991635,True,276.1111379961788,0.022207371599775854,0.37232861504301973,301.93103167150264,0.289320656741683,2.496074206921859,2.356734268400847,3.132942970248975,313.0577879522828,0,0.0,False,0.30392579307814094,False,False,60.0,s6_fast_target,M7,0,1.0,0.5,2.8
False,60.0,inf,0.5143260520922974,True,275.9276663176587,0.023397888511186737,0.3583125173466556,302.00875050504055,0.30693052901738377,2.4958086689899424,2.3604716593305985,3.136678750096909,313.01582531736557,0,0.0,False,0.30419133101005746,False,False,60.0,s6_fast_target,M7,1,1.0,0.5,2.8
False,60.0,inf,0.494838230133634,True,275.7774734385527,0.021521758149929356,0.3540105467665834,305.2324755637234,0.3139682185249502,2.4956664137195195,2.3622685197005446,3.138472481540941,312.9313355896952,0,0.0,False,0.30433358628048035,False,False,60.0,s6_fast_target,M7,2,1.0,0.5,2.8
False,60.0,inf,0.5584379919478543,True,271.78161476778376,0.02568386454634006,0.3442964196502914,314.88388814607833,0.3386215208446224,2.886197106682251,2.7715073810854327,3.5477160785234325,310.5925472409733,0,0.0,False,0.313802893317749,False,False,60.0,s6_fast_target,M4,0,1.0,0.5,3.2
False,60.0,inf,0.5237216168312796,True,271.63623371990997,0.026182532358807645,0.32972522897585343,310.8878316123967,0.3269855038663453,2.885536648659236,2.767920049265019,3.5441278442056734,310.5946454211586,0,0.0,False,0.314463351340764,False,False,60.0,s6_fast_target,M4,1,1.0,0.5,3.2
False,60.0,inf,0.5113272100486091,True,271.49978815019443,0.02411225240478675,0.3250069386622259,313.34681347948543,0.33209731532479814,2.8856519624934234,2.7693282903906056,3.5455341444819015,310.5182286530552,0,0.0,False,0.3143480375065768,False,False,60.0,s6_fast_target,M4,2,1.0,0.5,3.2
False,60.0,inf,0.5584379919478543,True,271.78161476778376,0.02568386454634006,0.3442964196502914,314.88388814607833,0.3386215208446224,2.886197106682251,2.7715073810854327,3.5477160785234325,310.5925472409733,0,0.0,False,0.313802893317749,False,False,60.0,s6_fast_target,M5,0,1.0,0.5,3.2
False,60.0,inf,0.5237216168312796,True,271.63623371990997,0.026182532358807645,0.32972522897585343,310.8878316123967,0.3269855038663453,2.885536648659236,2.767920049265019,3.5441278442056734,310.5946454211586,0,0.0,False,0.314463351340764,False,False,60.0,s6_fast_target,M5,1,1.0,0.5,3.2
False,60.0,inf,0.5113272100486091,True,271.49978815019443,0.02411225240478675,0.3250069386622259,313.34681347948543,0.33209731532479814,2.8856519624934234,2.7693282903906056,3.5455341444819015,310.5182286530552,0,0.0,False,0.3143480375065768,False,False,60.0,s6_fast_target,M5,2,1.0,0.5,3.2
False,60.0,inf,0.5578914731905678,True,271.76586866538685,0.024180261239799355,0.34415764640577295,315.151208380671,0.32278984923644627,2.8856799022639046,2.7702891744129223,3.5464960547296296,310.5883241468109,0,0.0,False,0.3143200977360956,False,False,60.0,s6_fast_target,M6,0,1.0,0.5,3.2
False,60.0,inf,0.5230012068331595,True,271.616512113756,0.024978587360979375,0.32972522897585343,310.87317096263394,0.3142297952884368,2.8855046370447135,2.768002297047478,3.5442101221096083,310.5822393313599,0,0.0,False,0.3144953629552867,False,False,60.0,s6_fast_target,M6,1,1.0,0.5,3.2
False,60.0,inf,0.5101839541622403,True,271.4826698238154,0.0231110978314335,0.32528448515126285,313.2448741425187,0.31936474650216395,2.885644936571841,2.769414174547528,3.5456199100210304,310.50751100194464,0,0.0,False,0.3143550634281591,False,False,60.0,s6_fast_target,M6,2,1.0,0.5,3.2
False,60.0,inf,0.5578914731905678,True,271.76586866538685,0.024180261239799355,0.34415764640577295,315.151208380671,0.32278984923644627,2.8856799022639046,2.7702891744129223,3.5464960547296296,310.5883241468109,0,0.0,False,0.3143200977360956,False,False,60.0,s6_fast_target,M7,0,1.0,0.5,3.2
False,60.0,inf,0.5230012068331595,True,271.616512113756,0.024978587360979375,0.32972522897585343,310.87317096263394,0.3142297952884368,2.8855046370447135,2.768002297047478,3.5442101221096083,310.5822393313599,0,0.0,False,0.3144953629552867,False,False,60.0,s6_fast_target,M7,1,1.0,0.5,3.2
False,60.0,inf,0.5101839541622403,True,271.4826698238154,0.0231110978314335,0.32528448515126285,313.2448741425187,0.31936474650216395,2.885644936571841,2.769414174547528,3.5456199100210304,310.50751100194464,0,0.0,False,0.3143550634281591,False,False,60.0,s6_fast_target,M7,2,1.0,0.5,3.2
False,60.0,inf,0.5632308314960073,True,267.5125664375751,0.02789292471933287,0.3157091312794893,319.5647054056095,0.3328793201779944,3.27846793312953,3.1755359936542926,3.951743219347406,308.1791750037032,0,0.0,False,0.32153206687047,False,False,60.0,s6_fast_target,M4,0,1.0,0.5,3.6
False,60.0,inf,0.5319829196368709,True,267.3372647694031,0.028212125859000573,0.30072162087149595,317.4971719786357,0.32883041303124,3.278232077509299,3.174372255485904,3.9505804787790573,308.16856785950245,0,0.0,False,0.3217679224907011,False,False,60.0,s6_fast_target,M4,1,1.0,0.5,3.6
False,60.0,inf,0.5266918357970038,True,267.21765022664033,0.026119371350692148,0.2971135165140161,319.3657691384339,0.33253813469470356,3.2784413768209664,3.1754310801853665,3.951638120682308,308.10218869642165,0,0.0,False,0.3215586231790337,False,False,60.0,s6_fast_target,M4,2,1.0,0.5,3.6
False,60.0,inf,0.5632308314960073,True,267.5125664375751,0.02789292471933287,0.3157091312794893,319.5647054056095,0.3328793201779944,3.27846793312953,3.1755359936542926,3.951743219347406,308.1791750037032,0,0.0,False,0.32153206687047,False,False,60.0,s6_fast_target,M5,0,1.0,0.5,3.6
False,60.0,inf,0.5319829196368709,True,267.3372647694031,0.028212125859000573,0.30072162087149595,317.4971719786357,0.32883041303124,3.278232077509299,3.174372255485904,3.9505804787790573,308.16856785950245,0,0.0,False,0.3217679224907011,False,False,60.0,s6_fast_target,M5,1,1.0,0.5,3.6
False,60.0,inf,0.5266918357970038,True,267.21765022664033,0.026119371350692148,0.2971135165140161,319.3657691384339,0.33253813469470356,3.2784413768209664,3.1754310801853665,3.951638120682308,308.10218869642165,0,0.0,False,0.3215586231790337,False,False,60.0,s6_fast_target,M5,2,1.0,0.5,3.6
False,60.0,inf,0.5627250080507433,True,267.4858115796706,0.026368867992250432,0.3157091312794893,319.5719366426815,0.32316281170435135,3.2784831123067195,3.175568500661642,3.9517756488453055,308.1675225928217,0,0.0,False,0.3215168876932806,False,False,60.0,s6_fast_target,M6,0,1.0,0.5,3.6
False,60.0,inf,0.5313568188680374,True,267.31865528091333,0.0269114095882858,0.30086039411601445,317.4654150162391,0.3189304423743316,3.2782353621351294,3.174370133666533,3.9505783730880752,308.15684248771333,0,0.0,False,0.32176463786487064,False,False,60.0,s6_fast_target,M6,1,1.0,0.5,3.6
False,60.0,inf,0.5255380977635675,True,267.2004765007988,0.024986362689917278,0.2971135165140161,319.30466375477835,0.3226958252835926,3.278453776599123,3.175434258224291,3.951641272204379,308.09152509708997,0,0.0,False,0.321546223400877,False,False,60.0,s6_fast_target,M6,2,1.0,0.5,3.6
False,60.0,inf,0.5627250080507433,True,267.4858115796706,0.026368867992250432,0.3157091312794893,319.5719366426815,0.32316281170435135,3.2784831123067195,3.175568500661642,3.9517756488453055,308.1675225928217,0,0.0,False,0.3215168876932806,False,False,60.0,s6_fast_target,M7,0,1.0,0.5,3.6
False,60.0,inf,0.5313568188680374,True,267.31865528091333,0.0269114095882858,0.30086039411601445,317.4654150162391,0.3189304423743316,3.2782353621351294,3.174370133666533,3.9505783730880752,308.15684248771333,0,0.0,False,0.32176463786487064,False,False,60.0,s6_fast_target,M7,1,1.0,0.5,3.6
False,60.0,inf,0.5255380977635675,True,267.2004765007988,0.024986362689917278,0.2971135165140161,319.30466375477835,0.3226958252835926,3.278453776599123,3.175434258224291,3.951641272204379,308.09152509708997,0,0.0,False,0.321546223400877,False,False,60.0,s6_fast_target,M7,2,1.0,0.5,3.6
False,60.0,inf,0.5541656955403488,True,275.8615430784314,0.023895899233783623,0.3706633361087982,300.72388490901886,0.30732282817439105,2.5242433091320358,2.384141845163997,3.3932131911361307,312.90853674196757,0,0.0,False,0.27575669086796406,False,False,60.0,s6_fast_target,M4,0,1.3,0.35,2.8
False,60.0,inf,0.5162672447845584,True,275.6513633585143,0.02466117607980947,0.35609214543436024,301.97598109875156,0.32089237075316474,2.5243723290480364,2.3878603699707814,3.396929056043624,312.86352281995096,0,0.0,False,0.2756276709519634,False,False,60.0,s6_fast_target,M4,1,1.3,0.35,2.8
False,60.0,inf,0.49750948592774724,True,275.49769280827616,0.02253876164945208,0.3512350818762143,304.9735089631494,0.32757400282007376,2.524350811173181,2.3897455898986197,3.3988088770660196,312.7768905051586,0,0.0,False,0.27564918882681866,False,False,60.0,s6_fast_target,M4,2,1.3,0.35,2.8
False,60.0,inf,0.5541656955403488,True,275.8615430784314,0.023895899233783623,0.3706633361087982,300.72388490901886,0.30732282817439105,2.5242433091320358,2.384141845163997,3.3932131911361307,312.90853674196757,0,0.0,False,0.27575669086796406,False,False,60.0,s6_fast_target,M5,0,1.3,0.35,2.8
False,60.0,inf,0.5162672447845584,True,275.6513633585143,0.02466117607980947,0.35609214543436024,301.97598109875156,0.32089237075316474,2.5243723290480364,2.3878603699707814,3.396929056043624,312.86352281995096,0,0.0,False,0.2756276709519634,False,False,60.0,s6_fast_target,M5,1,1.3,0.35,2.8
False,60.0,inf,0.49750948592774724,True,275.49769280827616,0.02253876164945208,0.3512350818762143,304.9735089631494,0.32757400282007376,2.524350811173181,2.3897455898986197,3.3988088770660196,312.7768905051586,0,0.0,False,0.27564918882681866,False,False,60.0,s6_fast_target,M5,2,1.3,0.35,2.8
False,60.0,inf,0.5527592814635672,True,275.8145444044054,0.022385568987977902,0.3702470163752429,302.6258971316483,0.2885625712154775,2.523906950829121,2.3841570774302365,3.3932283969134307,312.89288593883896,0,0.0,False,0.27609304917087885,False,False,60.0,s6_fast_target,M6,0,1.3,0.35,2.8
False,60.0,inf,0.5154229897990663,True,275.6301346054083,0.02351624869423453,0.3559533721898418,301.9786721513278,0.30380772772833303,2.52430562891672,2.388041794447964,3.397110582633414,312.8502560354344,0,0.0,False,0.27569437108327977,False,False,60.0,s6_fast_target,M6,1,1.3,0.35,2.8
False,60.0,inf,0.496245932710642,True,275.4803929698352,0.021617876061291598,0.35151262836525116,304.71634774327396,0.3102495841672466,2.5243696385656262,2.3899163794069356,3.398978949876764,312.766095657264,0,0.0,False,0.2756303614343736,False,False,60.0,s6_fast_target,M6,2,1.3,0.35,2.8
False,60.0,inf,0.5527592814635672,True,275.8145444044054,0.022385568987977902,0.3702470163752429,302.6258971316483,0.2885625712154775,2.523906950829121,2.3841570774302365,3.3932283969134307,312.89288593883896,0,0.0,False,0.27609304917087885,False,False,60.0,s6_fast_target,M7,0,1.3,0.35,2.8
False,60.0,inf,0.5154229897990663,True,275.6301346054083,0.02351624869423453,0.3559533721898418,301.9786721513278,0.30380772772833303,2.52430562891672,2.388041794447964,3.397110582633414,312.8502560354344,0,0.0,False,0.27569437108327977,False,False,60.0,s6_fast_target,M7,1,1.3,0.35,2.8
False,60.0,inf,0.496245932710642,True,275.4803929698352,0.021617876061291598,0.35151262836525116,304.71634774327396,0.3102495841672466,2.5243696385656262,2.3899163794069356,3.398978949876764,312.766095657264,0,0.0,False,0.2756303614343736,False,False,60.0,s6_fast_target,M7,2,1.3,0.35,2.8
False,60.0,inf,0.5589835737852503,True,271.4685422088623,0.025875322965535626,0.34221482098251454,315.2067827762657,0.3344791981321795,2.9160803931995054,2.8006530261901688,3.809722737065879,310.41725910804337,0,0.0,False,0.2839196068004948,False,False,60.0,s6_fast_target,M4,0,1.3,0.35,3.2
False,60.0,inf,0.5247259598234042,True,271.31433840789987,0.02632672587546502,0.3273660838190397,310.98998383606806,0.3247439400719319,2.9157170081692585,2.7978066736474108,3.8068765933151196,310.41440597198874,0,0.0,False,0.2842829918307417,False,False,60.0,s6_fast_target,M4,1,1.3,0.35,3.2
False,60.0,inf,0.5128547184874214,True,271.1785122109847,0.024251240558277813,0.32292533999444906,313.15796970227956,0.32949160587273935,2.915942347367336,2.799250479748112,3.8083169227105755,310.33846038722527,0,0.0,False,0.28405765263266414,False,False,60.0,s6_fast_target,M4,2,1.3,0.35,3.2
False,60.0,inf,0.5589835737852503,True,271.4685422088623,0.025875322965535626,0.34221482098251454,315.2067827762657,0.3344791981321795,2.9160803931995054,2.8006530261901688,3.809722737065879,310.41725910804337,0,0.0,False,0.2839196068004948,False,False,60.0,s6_fast_target,M5,0,1.3,0.35,3.2
False,60.0,inf,0.5247259598234042,True,271.31433840789987,0.02632672587546502,0.3273660838190397,310.98998383606806,0.3247439400719319,2.9157170081692585,2.7978066736474108,3.8068765933151196,310.41440597198874,0,0.0,False,0.2842829918307417,False,False,60.0,s6_fast_target,M5,1,1.3,0.35,3.2
False,60.0,inf,0.5128547184874214,True,271.1785122109847,0.024251240558277813,0.32292533999444906,313.15796970227956,0.32949160587273935,2.915942347367336,2.799250479748112,3.8083169227105755,310.33846038722527,0,0.0,False,0.28405765263266414,False,False,60.0,s6_fast_target,M5,2,1.3,0.35,3.2
False,60.0,inf,0.558443199305679,True,271.44500394904145,0.02436766351533303,0.3417985012489592,314.88004785203066,0.32004905956538804,2.916063180305324,2.8001925419006337,3.809260175236049,310.4079340253859,0,0.0,False,0.2839368196946763,False,False,60.0,s6_fast_target,M6,0,1.3,0.35,3.2
False,60.0,inf,0.5240232786193874,True,271.2951655383008,0.025103538474822034,0.3273660838190397,310.9566535228022,0.3120184063425194,2.915714732526397,2.7978302824808465,3.806900254708085,310.4023532404764,0,0.0,False,0.2842852674736034,False,False,60.0,s6_fast_target,M6,1,1.3,0.35,3.2
False,60.0,inf,0.5117239643441527,True,271.16196270728744,0.023237197427972235,0.32306411323896755,313.0370542095637,0.31675181230793287,2.91596149523202,2.7992689337373573,3.8083352122608196,310.3281301703281,0,0.0,False,0.2840385047679801,False,False,60.0,s6_fast_target,M6,2,1.3,0.35,3.2
False,60.0,inf,0.558443199305679,True,271.44500394904145,0.02436766351533303,0.3417985012489592,314.88004785203066,0.32004905956538804,2.916063180305324,2.8001925419006337,3.809260175236049,310.4079340253859,0,0.0,False,0.2839368196946763,False,False,60.0,s6_fast_target,M7,0,1.3,0.35,3.2
False,60.0,inf,0.5240232786193874,True,271.2951655383008,0.025103538474822034,0.3273660838190397,310.9566535228022,0.3120184063425194,2.915714732526397,2.7978302824808465,3.806900254708085,310.4023532404764,0,0.0,False,0.2842852674736034,False,False,60.0,s6_fast_target,M7,1,1.3,0.35,3.2
False,60.0,inf,0.5117239643441527,True,271.16196270728744,0.023237197427972235,0.32306411323896755,313.0370542095637,0.31675181230793287,2.91596149523202,2.7992689337373573,3.8083352122608196,310.3281301703281,0,0.0,False,0.2840385047679801,False,False,60.0,s6_fast_target,M7,2,1.3,0.35,3.2
False,60.0,inf,0.563792900896243,True,267.17634810423823,0.028124033308716278,0.31376630585623094,319.4718466800496,0.33087703667484014,3.3098767545567895,3.206814245574872,4.215883105570779,307.9896475153238,0,0.0,False,0.29012324544321055,False,False,60.0,s6_fast_target,M4,0,1.3,0.35,3.6
False,60.0,inf,0.532938248448313,True,267.000182297395,0.028390277518784843,0.2983624757146822,317.62712428893803,0.3271140535048987,3.3095802424391363,3.2056444697695037,4.214715053382498,307.97924218558654,0,0.0,False,0.2904197575608638,False,False,60.0,s6_fast_target,M4,1,1.3,0.35,3.6
False,60.0,inf,0.5281527179763796,True,266.8813235610855,0.026271996383280625,0.2946155981126839,319.32674201828235,0.33061341010350914,3.309850730559156,3.206726882613881,4.2157954928084385,307.9133626809696,0,0.0,False,0.2901492694408443,False,False,60.0,s6_fast_target,M4,2,1.3,0.35,3.6
False,60.0,inf,0.563792900896243,True,267.17634810423823,0.028124033308716278,0.31376630585623094,319.4718466800496,0.33087703667484014,3.3098767545567895,3.206814245574872,4.215883105570779,307.9896475153238,0,0.0,False,0.29012324544321055,False,False,60.0,s6_fast_target,M5,0,1.3,0.35,3.6
False,60.0,inf,0.532938248448313,True,267.000182297395,0.028390277518784843,0.2983624757146822,317.62712428893803,0.3271140535048987,3.3095802424391363,3.2056444697695037,4.214715053382498,307.97924218558654,0,0.0,False,0.2904197575608638,False,False,60.0,s6_fast_target,M5,1,1.3,0.35,3.6
False,60.0,inf,0.5281527179763796,True,266.8813235610855,0.026271996383280625,0.2946155981126839,319.32674201828235,0.33061341010350914,3.309850730559156,3.206726882613881,4.2157954928084385,307.9133626809696,0,0.0,False,0.2901492694408443,False,False,60.0,s6_fast_target,M5,2,1.3,0.35,3.6
False,60.0,inf,0.5632928479797084,True,267.149732433564,0.02659360111715444,0.31334998612267556,319.4850894835663,0.3212254134584369,3.3099091976861263,3.206823705470478,4.215892455976551,307.9780985943139,0,0.0,False,0.29009080231387374,False,False,60.0,s6_fast_target,M6,0,1.3,0.35,3.6
False,60.0,inf,0.5323243086077276,True,266.9818980866864,0.027084412484303613,0.2982237024701638,317.5847617084409,0.3172555871116685,3.309596098514035,3.205606277221602,4.214676886587967,307.9677249039629,0,0.0,False,0.29040390148596495,False,False,60.0,s6_fast_target,M6,1,1.3,0.35,3.6
False,60.0,inf,0.5270093082547992,True,266.86442636064527,0.02512926589929714,0.2950319178462392,319.2550640448002,0.32080115101195644,3.3098743639387624,3.206692162179632,4.215760735925685,307.9028943129854,0,0.0,False,0.29012563606123765,False,False,60.0,s6_fast_target,M6,2,1.3,0.35,3.6
False,60.0,inf,0.5632928479797084,True,267.149732433564,0.02659360111715444,0.31334998612267556,319.4850894835663,0.3212254134584369,3.3099091976861263,3.206823705470478,4.215892455976551,307.9780985943139,0,0.0,False,0.29009080231387374,False,False,60.0,s6_fast_target,M7,0,1.3,0.35,3.6
False,60.0,inf,0.5323243086077276,True,266.9818980866864,0.027084412484303613,0.2982237024701638,317.5847617084409,0.3172555871116685,3.309596098514035,3.205606277221602,4.214676886587967,307.9677249039629,0,0.0,False,0.29040390148596495,False,False,60.0,s6_fast_target,M7,1,1.3,0.35,3.6
False,60.0,inf,0.5270093082547992,True,266.86442636064527,0.02512926589929714,0.2950319178462392,319.2550640448002,0.32080115101195644,3.3098743639387624,3.206692162179632,4.215760735925685,307.9028943129854,0,0.0,False,0.29012563606123765,False,False,60.0,s6_fast_target,M7,2,1.3,0.35,3.6
False,60.0,inf,0.552009313846136,True,277.37536008595373,0.023022468088572313,0.380932556203164,296.90567447612125,0.29981607498571367,2.3856527544846204,2.236159200133301,3.245230484428451,313.76561412884934,0,0.0,False,0.4143472455153794,False,False,60.0,s6_fast_target,M4,0,1.3,0.5,2.8
False,60.0,inf,0.5141790678987531,True,277.1750101308659,0.023920241290663433,0.3665001387732445,298.3700962318359,0.32007429318918146,2.384666447282807,2.2404939900943974,3.2495624913021053,313.72040335124046,0,0.0,False,0.41533355271719286,False,False,60.0,s6_fast_target,M4,1,1.3,0.5,2.8
False,60.0,inf,0.4933634106796762,True,277.013292614288,0.021689716344113253,0.3623369414376908,302.3639306571674,0.32794908467675915,2.3843420677426486,2.2425047739345456,3.251569461920534,313.629393583158,0,0.0,False,0.41565793225735126,False,False,60.0,s6_fast_target,M4,2,1.3,0.5,2.8
False,60.0,inf,0.552009313846136,True,277.37536008595373,0.023022468088572313,0.380932556203164,296.90567447612125,0.29981607498571367,2.3856527544846204,2.236159200133301,3.245230484428451,313.76561412884934,0,0.0,False,0.4143472455153794,False,False,60.0,s6_fast_target,M5,0,1.3,0.5,2.8
False,60.0,inf,0.5141790678987531,True,277.1750101308659,0.023920241290663433,0.3665001387732445,298.3700962318359,0.32007429318918146,2.384666447282807,2.2404939900943974,3.2495624913021053,313.72040335124046,0,0.0,False,0.41533355271719286,False,False,60.0,s6_fast_target,M5,1,1.3,0.5,2.8
False,60.0,inf,0.4933634106796762,True,277.013292614288,0.021689716344113253,0.3623369414376908,302.3639306571674,0.32794908467675915,2.3843420677426486,2.2425047739345456,3.251569461920534,313.629393583158,0,0.0,False,0.41565793225735126,False,False,60.0,s6_fast_target,M5,2,1.3,0.5,2.8
False,60.0,inf,0.550563189927109,True,277.2739054944776,0.021507031665798253,0.3803774632250902,306.3276245802599,0.3164781332299134,2.3837567569127716,2.24447057964843,3.2535419130553818,313.70377465608294,0,0.0,False,0.41624324308722827,False,False,60.0,s6_fast_target,M6,0,1.3,0.5,2.8
False,60.0,inf,0.5132916854292335,True,277.15233142775406,0.02273767181276379,0.3665001387732445,298.40395085503013,0.30094733523856704,2.384521838614418,2.24076564720893,3.2498342360154635,313.7062700300178,0,0.0,False,0.415478161385582,False,False,60.0,s6_fast_target,M6,1,1.3,0.5,2.8
False,60.0,inf,0.49206302897773024,True,276.99478273871244,0.020782695208457252,0.3624757146822093,302.0728830991919,0.3086966746907553,2.3843020976993112,2.2428082594276164,3.2518720313924505,313.6178282991583,0,0.0,False,0.4156979023006886,False,False,60.0,s6_fast_target,M6,2,1.3,0.5,2.8
False,60.0,inf,0.550563189927109,True,277.2739054944776,0.021507031665798253,0.3803774632250902,306.3276245802599,0.3164781332299134,2.3837567569127716,2.24447057964843,3.2535419130553818,313.70377465608294,0,0.0,False,0.41624324308722827,False,False,60.0,s6_fast_target,M7,0,1.3,0.5,2.8
False,60.0,inf,0.5132916854292335,True,277.15233142775406,0.02273767181276379,0.3665001387732445,298.40395085503013,0.30094733523856704,2.384521838614418,2.24076564720893,3.2498342360154635,313.7062700300178,0,0.0,False,0.415478161385582,False,False,60.0,s6_fast_target,M7,1,1.3,0.5,2.8
False,60.0,inf,0.49206302897773024,True,276.99478273871244,0.020782695208457252,0.3624757146822093,302.0728830991919,0.3086966746907553,2.3843020976993112,2.2428082594276164,3.2518720313924505,313.6178282991583,0,0.0,False,0.4156979023006886,False,False,60.0,s6_fast_target,M7,2,1.3,0.5,2.8
False,60.0,inf,0.5580246987735311,True,273.0030230520691,0.024918563090181776,0.35248404107688036,313.1134534416947,0.33356019066929593,2.7729424530744873,2.651716950012434,3.6607861569431805,311.2826590499713,0,0.0,False,0.4270575469255129,False,False,60.0,s6_fast_target,M4,0,1.3,0.5,3.2
False,60.0,inf,0.5225512339791266,True,272.8500729116431,0.02541851811030728,0.33805162364696084,308.3411052698205,0.3242621356432461,2.772898340272128,2.6492322191406537,3.6583020090726035,311.2786803198955,0,0.0,False,0.4271016597278723,False,False,60.0,s6_fast_target,M4,1,1.3,0.5,3.2
False,60.0,inf,0.5077285986508442,True,272.7066055081046,0.023329194473364102,0.33305578684429643,311.21214316474845,0.3300851125657116,2.7729666208283903,2.650835323114675,3.6599022894054025,311.19835391124894,0,0.0,False,0.4270333791716099,False,False,60.0,s6_fast_target,M4,2,1.3,0.5,3.2
False,60.0,inf,0.5580246987735311,True,273.0030230520691,0.024918563090181776,0.35248404107688036,313.1134534416947,0.33356019066929593,2.7729424530744873,2.651716950012434,3.6607861569431805,311.2826590499713,0,0.0,False,0.4270575469255129,False,False,60.0,s6_fast_target,M5,0,1.3,0.5,3.2
False,60.0,inf,0.5225512339791266,True,272.8500729116431,0.02541851811030728,0.33805162364696084,308.3411052698205,0.3242621356432461,2.772898340272128,2.6492322191406537,3.6583020090726035,311.2786803198955,0,0.0,False,0.4271016597278723,False,False,60.0,s6_fast_target,M5,1,1.3,0.5,3.2
False,60.0,inf,0.5077285986508442,True,272.7066055081046,0.023329194473364102,0.33305578684429643,311.21214316474845,0.3300851125657116,2.7729666208283903,2.650835323114675,3.6599022894054025,311.19835391124894,0,0.0,False,0.4270333791716099,False,False,60.0,s6_fast_target,M5,2,1.3,0.5,3.2
False,60.0,inf,0.5574805561369218,True,272.97465890871894,0.023376050117077104,0.352067721343325,312.71358613312134,0.31872065794115184,2.772964296582407,2.651575272356893,3.660643318497658,311.2708678103866,0,0.0,False,0.4270357034175931,False,False,60.0,s6_fast_target,M6,0,1.3,0.5,3.2
False,60.0,inf,0.5218248371831241,True,272.8301150947704,0.024228733085492844,0.33777407715792396,308.3178381558244,0.31021035284944937,2.7728726892541133,2.649295565107536,3.6583654073506553,311.2661496807855,0,0.0,False,0.42712731074588683,False,False,60.0,s6_fast_target,M6,1,1.3,0.5,3.2
False,60.0,inf,0.5065870582596764,True,272.68974128969387,0.022314907208082747,0.3333333333333333,311.08067592598235,0.31607288373665127,2.7729717473534294,2.6509071008123417,3.6599738444296617,311.1877820445083,0,0.0,False,0.42702825264657074,False,False,60.0,s6_fast_target,M6,2,1.3,0.5,3.2
False,60.0,inf,0.5574805561369218,True,272.97465890871894,0.023376050117077104,0.352067721343325,312.71358613312134,0.31872065794115184,2.772964296582407,2.651575272356893,3.660643318497658,311.2708678103866,0,0.0,False,0.4270357034175931,False,False,60.0,s6_fast_target,M7,0,1.3,0.5,3.2
False,60.0,inf,0.5218248371831241,True,272.8301150947704,0.024228733085492844,0.33777407715792396,308.3178381558244,0.31021035284944937,2.7728726892541133,2.649295565107536,3.6583654073506553,311.2661496807855,0,0.0,False,0.42712731074588683,False,False,60.0,s6_fast_target,M7,1,1.3,0.5,3.2
False,60.0,inf,0.5065870582596764,True,272.68974128969387,0.022314907208082747,0.3333333333333333,311.08067592598235,0.31607288373665127,2.7729717473534294,2.6509071008123417,3.6599738444296617,311.1877820445083,0,0.0,False,0.42702825264657074,False,False,60.0,s6_fast_target,M7,2,1.3,0.5,3.2
False,60.0,inf,0.5627176641757331,True,268.71348904366084,0.026989111125882974,0.3241742991951152,318.01077849164517,0.3314624067946941,3.1649408841348134,3.0576146237743873,4.066683692147,308.85725202848533,0,0.0,False,0.43505911586518664,False,False,60.0,s6_fast_target,M4,0,1.3,0.5,3.6
False,60.0,inf,0.5306449582342692,True,268.5433233268615,0.027310303497934885,0.3089092422980849,315.6153564592107,0.32684884594184643,3.164730629094986,3.0563131779090074,4.065383681132809,308.8481093276306,0,0.0,False,0.43526937090501416,False,False,60.0,s6_fast_target,M4,1,1.3,0.5,3.6
False,60.0,inf,0.5232226019824365,True,268.4170999533646,0.025216499668586665,0.30502359145156815,317.7850174862739,0.3310904874595694,3.164921203278556,3.0575069752380704,4.066575780498868,308.77818611485736,0,0.0,False,0.4350787967214442,False,False,60.0,s6_fast_target,M4,2,1.3,0.5,3.6
False,60.0,inf,0.5627176641757331,True,268.71348904366084,0.026989111125882974,0.3241742991951152,318.01077849164517,0.3314624067946941,3.1649408841348134,3.0576146237743873,4.066683692147,308.85725202848533,0,0.0,False,0.43505911586518664,False,False,60.0,s6_fast_target,M5,0,1.3,0.5,3.6
False,60.0,inf,0.5306449582342692,True,268.5433233268615,0.027310303497934885,0.3089092422980849,315.6153564592107,0.32684884594184643,3.164730629094986,3.0563131779090074,4.065383681132809,308.8481093276306,0,0.0,False,0.43526937090501416,False,False,60.0,s6_fast_target,M5,1,1.3,0.5,3.6
False,60.0,inf,0.5232226019824365,True,268.4170999533646,0.025216499668586665,0.30502359145156815,317.7850174862739,0.3310904874595694,3.164921203278556,3.0575069752380704,4.066575780498868,308.77818611485736,0,0.0,False,0.4350787967214442,False,False,60.0,s6_fast_target,M5,2,1.3,0.5,3.6
False,60.0,inf,0.5622141130654487,True,268.68573070963276,0.02547757901415663,0.3236192062170414,317.99542387135523,0.320885893666236,3.164965179040913,3.0576297120386777,4.0666986792809565,308.84522317375706,0,0.0,False,0.4350348209590873,False,False,60.0,s6_fast_target,M6,0,1.3,0.5,3.6
False,60.0,inf,0.5300206810930842,True,268.5246001333512,0.02607259993113879,0.3089092422980849,315.5750591025605,0.3160841673362955,3.164741246640793,3.0562935215762757,4.065364052005002,308.83632084256544,0,0.0,False,0.43525875335920716,False,False,60.0,s6_fast_target,M6,1,1.3,0.5,3.6
False,60.0,inf,0.5221295759491402,True,268.40022121466876,0.024098594845824505,0.30530113794060504,317.7109804972509,0.3204043925404381,3.164943048235392,3.057496198947031,4.066564955365436,308.7676823052564,0,0.0,False,0.4350569517646079,False,False,60.0,s6_fast_target,M6,2,1.3,0.5,3.6
False,60.0,inf,0.5622141130654487,True,268.68573070963276,0.02547757901415663,0.3236192062170414,317.99542387135523,0.320885893666236,3.164965179040913,3.0576297120386777,4.0666986792809565,308.84522317375706,0,0.0,False,0.4350348209590873,False,False,60.0,s6_fast_target,M7,0,1.3,0.5,3.6
False,60.0,inf,0.5300206810930842,True,268.5246001333512,0.02607259993113879,0.3089092422980849,315.5750591025605,0.3160841673362955,3.164741246640793,3.0562935215762757,4.065364052005002,308.83632084256544,0,0.0,False,0.43525875335920716,False,False,60.0,s6_fast_target,M7,1,1.3,0.5,3.6
False,60.0,inf,0.5221295759491402,True,268.40022121466876,0.024098594845824505,0.30530113794060504,317.7109804972509,0.3204043925404381,3.164943048235392,3.057496198947031,4.066564955365436,308.7676823052564,0,0.0,False,0.4350569517646079,False,False,60.0,s6_fast_target,M7,2,1.3,0.5,3.6
