success,completion_time,min_obs_distance,min_agent_distance,collisions,control_cost,control_smoothness,input_saturation_ratio,max_angle_gap_deg,radius_variance,mean_radius,current_center_error,predicted_center_error,path_length,stall_steps,convoy_ratio,inside_final,radius_error_final,success_geom_final,success_no_collision,gmax_reach_time,eta_min,sigma_omega,k_t,r0,lambda_curl,scene,method,seed
False,19.700000000000003,0.7042116483808816,0.3597335572726189,True,86.53316638275068,1473.5736883232153,0.03330557868442964,71.9886735539525,0.04652648360833223,0.48239302626807695,3.5406466985433266e-05,3.5406466985433266e-05,121.21246373499136,0,0.0,True,2.3176069737319227,False,False,22.1,0.1,5.0,0.9,1.2,0.5,s4_narrow_passage,M4,0
False,19.8,0.713748257309444,0.3575469037689181,True,86.61163427402795,1477.848355433321,0.03358312517346656,72.06459273482623,0.04653268604473864,0.4823866240215539,2.9759483475119376e-05,2.9759483475119376e-05,121.17225212111126,0,0.0,True,2.317613375978446,False,False,22.200000000000003,0.1,5.0,0.9,1.2,0.5,s4_narrow_passage,M4,1
False,19.55,0.5665304194584653,0.3340016680471651,True,86.33977556139946,1493.3677246308605,0.035248404107688036,71.9908164677932,0.04651941265934819,0.48239593094145256,7.095098248515503e-05,7.095098248515503e-05,120.50265819548169,0,0.0,True,2.317604069058547,False,False,21.5,0.1,5.0,0.9,1.2,0.5,s4_narrow_passage,M4,2
False,19.75,0.6449928035517736,0.33618761134641467,True,86.82508618698984,1465.4373005847492,0.03691368304190952,71.9987007888388,0.046492989471190245,0.4824278273823412,3.0623867994881e-05,3.0623867994881e-05,121.36811389974123,0,0.0,True,2.3175721726176586,False,False,21.75,0.1,5.0,0.9,1.2,0.5,s4_narrow_passage,M4,3
False,19.900000000000002,0.6975486479676782,0.3403435271907317,True,86.2093815835645,1436.9907477065892,0.033166805439911184,71.98541411302232,0.04652502271908638,0.4823943844864425,3.6595391949268497e-05,3.6595391949268497e-05,120.60435962173466,0,0.0,True,2.3176056155135574,False,False,21.8,0.1,5.0,0.9,1.2,0.5,s4_narrow_passage,M4,4
False,19.25,0.7165521071168459,0.33769847959101584,True,86.42996584460604,1448.5930049557464,0.03275048570635582,72.12473587187587,0.040640483281112694,0.48872727830927043,0.006368342093781248,0.006368342093781248,120.61014694264281,0,0.0,True,2.311272721690729,False,False,21.25,0.1,5.0,0.9,1.2,0.5,s4_narrow_passage,M4,5
False,19.6,0.691671380406045,0.3373691215014049,True,85.41302963270728,1363.5000292294412,0.03358312517346656,72.1391118206759,0.040646715009309116,0.48872074806836685,0.006409077364220714,0.006409077364220714,119.67061323782815,0,0.0,True,2.3112792519316327,False,False,21.6,0.1,5.0,0.9,1.2,0.5,s4_narrow_passage,M4,6
False,19.8,0.7054630422799042,0.35741207770819083,True,85.31282140052036,1412.4850381098713,0.0324729392173189,72.04142740110105,0.04649708124788337,0.48242358015541864,3.132901065872741e-05,3.132901065872741e-05,119.48652397627149,0,0.0,True,2.317576419844581,False,False,21.75,0.1,5.0,0.9,1.2,0.5,s4_narrow_passage,M4,7
False,19.5,0.716986200773045,0.3374900715008011,True,86.86817787578431,1417.3595359088363,0.03330557868442964,72.19783662137701,0.0406318873127059,0.48873747657260114,0.006441712413683712,0.006441712413683712,120.99450795335662,0,0.0,True,2.3112625234273985,False,False,21.400000000000002,0.1,5.0,0.9,1.2,0.5,s4_narrow_passage,M4,8
False,18.95,0.6984328562139102,0.3546530806932816,True,85.68403163063611,1317.7895715231768,0.030807660283097418,71.99968248628302,0.040624462727883365,0.4887454620396407,0.006300286322709974,0.006300286322709974,119.36696942406604,0,0.0,True,2.3112545379603593,False,False,20.8,0.1,5.0,0.9,1.2,0.5,s4_narrow_passage,M4,9
False,26.25,0.7274920048946203,0.3137699563784471,True,85.1410753025073,1732.849763677155,0.03510963086316958,71.979585246932,0.04653496336281521,0.48238415179399746,5.95605806622703e-05,5.95605806622703e-05,125.93832558600265,0,0.0,True,2.3176158482060023,False,False,27.400000000000002,0.1,5.0,0.9,1.2,0.5,s4_narrow_passage,M5,0
False,26.400000000000002,0.7372432669250244,0.3132535439290527,True,85.34736926067679,1791.965665556963,0.03469331112961421,72.1661018409376,0.04650514572093988,0.4824159134452753,0.00012664973190943502,0.00012664973190943502,126.1502832888608,0,0.0,True,2.3175840865547244,False,False,27.55,0.1,5.0,0.9,1.2,0.5,s4_narrow_passage,M5,1
False,26.200000000000003,0.7377282298116123,0.30032342291689196,True,85.52701108149012,1852.3267030420677,0.03413821815154038,72.35756310739329,0.04642126955608047,0.48174616787138835,0.0034054230036549087,0.0034054230036549087,126.24482378475554,0,0.0,True,2.3182538321286117,False,False,27.400000000000002,0.1,5.0,0.9,1.2,0.5,s4_narrow_passage,M5,2
False,26.1,0.7194880973916209,0.2948164374902443,True,85.68826288278316,1647.5265123277643,0.036219816819317234,72.32590184035121,0.040568799113360865,0.4880730236712041,0.006916943585937029,0.006916943585937029,126.14308161011681,0,0.0,True,2.3119269763287957,False,False,27.05,0.1,5.0,0.9,1.2,0.5,s4_narrow_passage,M5,3
False,26.450000000000003,0.7222346939524165,0.302296327052523,True,84.98594755976693,1740.0392111046629,0.033166805439911184,72.05041374250995,0.046515623541157264,0.4824044489583312,0.0001180920182081133,0.0001180920182081133,125.77301177241252,0,0.0,True,2.3175955510416686,False,False,27.450000000000003,0.1,5.0,0.9,1.2,0.5,s4_narrow_passage,M5,4
False,24.650000000000002,0.737615878614237,0.3101025115273353,True,84.82607787003568,1691.7394209014956,0.03205661948376353,72.04588964246533,0.046535772695607554,0.4823836831400549,0.00011791034922873697,0.00011791034922873697,124.28338874660645,0,0.0,True,2.317616316859945,False,False,25.75,0.1,5.0,0.9,1.2,0.5,s4_narrow_passage,M5,5
False,26.400000000000002,0.735028650170477,0.31377288604617615,True,85.25607056374713,1769.375565540113,0.03386067166250347,72.00769917837026,0.04064222713320193,0.48872636446587997,0.006238915549891244,0.006238915549891244,126.0928594728993,0,0.0,True,2.31127363553412,False,False,27.3,0.1,5.0,0.9,1.2,0.5,s4_narrow_passage,M5,6
False,26.5,0.724012659194387,0.30694547863148997,True,85.39465254768442,1764.5557230725333,0.03455453788509576,72.17152891847572,0.040658463782550204,0.48870753950362755,0.006386219648084206,0.006386219648084206,126.12029083540313,0,0.0,True,2.3112924604963725,False,False,27.75,0.1,5.0,0.9,1.2,0.5,s4_narrow_passage,M5,7
False,25.1,0.7618644175061153,0.3084793096435118,True,85.62170777037528,1770.1315574349042,0.0315015265056897,71.97363778196792,0.04064281025344092,0.48872572267633846,0.006238571225173789,0.006238571225173789,125.47849802561021,0,0.0,True,2.3112742773236614,False,False,26.5,0.1,5.0,0.9,1.2,0.5,s4_narrow_passage,M5,8
False,24.8,0.7446465709061509,0.32284198222782157,True,85.2093584755072,1679.4130277909067,0.03219539272828199,72.05157115671419,0.04652681410033699,0.4823925437088307,4.8213990914419665e-05,4.8213990914419665e-05,124.8070986573592,0,0.0,True,2.317607456291169,False,False,25.8,0.1,5.0,0.9,1.2,0.5,s4_narrow_passage,M5,9
False,19.700000000000003,0.7058430732549874,0.2760073806573639,True,102.89356820415941,3245.1886249138665,0.033166805439911184,72.6200082568507,0.013397914513940143,0.2810497225044919,0.0020551925184021285,0.0020551925184021285,159.46426199940421,0,0.0,True,2.5189502774955077,False,False,21.75,0.1,5.0,0.9,1.2,0.5,s4_narrow_passage,M6,0
False,19.8,0.7161551135739928,0.2800839396320838,True,103.02292160899965,3247.228126490999,0.033999444907021927,72.62001796386687,0.013397810225440251,0.28104997832887996,0.0020558353958185865,0.0020558353958185865,159.3815233544828,0,0.0,True,2.51895002167112,False,False,22.5,0.1,5.0,0.9,1.2,0.5,s4_narrow_passage,M6,1
False,19.55,0.5678120358757177,0.2855380345217557,True,103.11106529432128,3230.796920511011,0.03510963086316958,72.61999121655074,0.013397822566140546,0.28104996343086225,0.0020557371863906713,0.0020557371863906713,159.31241060696638,0,0.0,True,2.5189500365691377,False,False,22.200000000000003,0.1,5.0,0.9,1.2,0.5,s4_narrow_passage,M6,2
False,19.75,0.6385681365976172,0.2776000824846787,True,103.71780498499969,3255.995560454524,0.03635859006383569,72.62005205078009,0.013397907047172598,0.28104971492024383,0.0020552758199460456,0.0020552758199460456,160.1650401318131,0,0.0,True,2.518950285079756,False,False,22.150000000000002,0.1,5.0,0.9,1.2,0.5,s4_narrow_passage,M6,3
False,19.950000000000003,0.706359748163764,0.284392569090406,True,102.70282390224496,3208.6122335977943,0.03386067166250347,72.62009388295088,0.013397934411633042,0.2810496211056179,0.002055145521718652,0.002055145521718652,158.8784717554183,0,0.0,True,2.518950378894382,False,False,21.85,0.1,5.0,0.9,1.2,0.5,s4_narrow_passage,M6,4
False,19.25,0.7164774132962319,0.28158807057575835,True,103.3028959177048,3242.0259835189677,0.03275048570635582,72.62010991569397,0.013397785601137267,0.28104998486483307,0.0020560647252415546,0.0020560647252415546,159.66924191800487,0,0.0,True,2.5189500151351667,False,False,21.1,0.1,5.0,0.9,1.2,0.5,s4_narrow_passage,M6,5
False,19.55,0.6448109501283603,0.2812968559639917,True,102.06077585825153,3173.3877648012203,0.033999444907021927,72.62010169007546,0.013397800928739495,0.2810499513497338,0.0020559643598480944,0.0020559643598480944,158.2435089705603,0,0.0,True,2.518950048650266,False,False,21.400000000000002,0.1,5.0,0.9,1.2,0.5,s4_narrow_passage,M6,6
False,19.8,0.7060634158091526,0.28143270412044763,True,102.49491282097588,3202.478278842631,0.03358312517346656,72.61998358128537,0.01339788148515305,0.28104982019622204,0.002055372122756593,0.002055372122756593,158.58354911493237,0,0.0,True,2.518950179803778,False,False,21.650000000000002,0.1,5.0,0.9,1.2,0.5,s4_narrow_passage,M6,7
False,19.5,0.7270447893598007,0.2777619486578436,True,103.65013052984102,3237.071547592175,0.03275048570635582,72.62014298467837,0.013397879208370232,0.281049730097186,0.0020555238344888813,0.0020555238344888813,159.85236304724788,0,0.0,True,2.5189502699028137,False,False,21.650000000000002,0.1,5.0,0.9,1.2,0.5,s4_narrow_passage,M6,8
False,18.95,0.6977935496190926,0.28068633635150586,True,102.99809106059706,3184.9956336680902,0.03164029975020816,72.62013004439751,0.013397855211424994,0.2810497980961872,0.0020556586342166975,0.0020556586342166975,159.1762799883586,0,0.0,True,2.5189502019038126,False,False,20.8,0.1,5.0,0.9,1.2,0.5,s4_narrow_passage,M6,9
False,26.25,0.7275924517717749,0.21121840745999756,True,97.8738950875026,3187.1847260476156,0.03483208437413267,72.58032786608128,0.013370871908393813,0.2811459761168543,0.0022290565389847155,0.0022290565389847155,156.331262682481,0,0.0,True,2.5188540238831454,False,False,27.400000000000002,0.1,5.0,0.9,1.2,0.5,s4_narrow_passage,M7,0
False,26.400000000000002,0.7372525074773242,0.23302939479527277,True,98.59139675321165,3236.433949175228,0.03427699139605884,72.5778852740971,0.01337006460691705,0.28114905027585174,0.0022341580552656475,0.0022341580552656475,157.05811486386003,0,0.0,True,2.5188509497241482,False,False,27.6,0.1,5.0,0.9,1.2,0.5,s4_narrow_passage,M7,1
False,26.200000000000003,0.7377280861643694,0.21620626965008902,True,98.24977851540909,3196.744886340067,0.03413821815154038,72.56337676207974,0.013366186405906458,0.2811641152908208,0.0022584744478154357,0.0022584744478154357,156.79016060101299,0,0.0,True,2.518835884709179,False,False,27.150000000000002,0.1,5.0,0.9,1.2,0.5,s4_narrow_passage,M7,2
False,26.25,0.7442195732292587,0.2718139505275812,True,98.9648038945711,3226.2660266905696,0.03483208437413267,72.62724123451264,0.013407723139835709,0.2810312839299547,0.001999939272218318,0.001999939272218318,157.22006725516425,0,0.0,True,2.518968716070045,False,False,27.400000000000002,0.1,5.0,0.9,1.2,0.5,s4_narrow_passage,M7,3
False,26.450000000000003,0.721908094454393,0.2137581911620589,True,98.15832898099661,3151.1345308085874,0.03302803219539273,72.60316639094815,0.013381090372051097,0.28110759920993744,0.0021639218932034982,0.0021639218932034982,156.4075657932675,0,0.0,True,2.5188924007900626,False,False,27.700000000000003,0.1,5.0,0.9,1.2,0.5,s4_narrow_passage,M7,4
False,24.650000000000002,0.7374162773015367,0.21974485862803267,True,98.94382471670811,3217.0660247260194,0.03205661948376353,72.64317209506916,0.013422783738063824,0.28100544971350994,0.0019195082884702116,0.0019195082884702116,157.18224916788125,0,0.0,True,2.51899455028649,False,False,25.8,0.1,5.0,0.9,1.2,0.5,s4_narrow_passage,M7,5
False,26.400000000000002,0.7350044573152805,0.20790258747877013,True,98.40324936022478,3205.4222178779705,0.033721898417985015,72.65085248202256,0.013429233436885903,0.28099438622094103,0.0018862140165109285,0.0018862140165109285,156.82117560379038,0,0.0,True,2.5190056137790586,False,False,27.55,0.1,5.0,0.9,1.2,0.5,s4_narrow_passage,M7,6
False,26.5,0.7239751597665094,0.20833993482800411,True,98.41629947068064,3183.489866225094,0.03427699139605884,72.64284774503999,0.013422411186650668,0.2810060917726211,0.0019215377581780363,0.0019215377581780363,156.63177938974928,0,0.0,True,2.5189939082273787,False,False,27.75,0.1,5.0,0.9,1.2,0.5,s4_narrow_passage,M7,7
False,25.1,0.7619325241059574,0.22788025944243231,True,98.78127380327811,3171.469705308755,0.0315015265056897,72.64858974666855,0.013427431134465125,0.28099747624413823,0.0018953921132857637,0.0018953921132857637,156.95941304589576,0,0.0,True,2.5190025237558618,False,False,26.35,0.1,5.0,0.9,1.2,0.5,s4_narrow_passage,M7,8
False,24.8,0.7446436949856532,0.2199384999835509,True,99.02257721167058,3190.5766339450156,0.031917846239245075,72.65007120382718,0.013428655961985662,0.2809953748766492,0.0018891052577405642,0.0018891052577405642,157.2948238848402,0,0.0,True,2.5190046251233507,False,False,25.650000000000002,0.1,5.0,0.9,1.2,0.5,s4_narrow_passage,M7,9
