success,completion_time,min_obs_distance,min_agent_distance,collisions,control_cost,control_smoothness,input_saturation_ratio,max_angle_gap_deg,radius_variance,mean_radius,current_center_error,predicted_center_error,path_length,stall_steps,convoy_ratio,scene,method,seed
True,12.9,0.6179590429992388,inf,False,12.55325778699309,1.8157947088508977,0.3166904422253923,0.0,0.0,9.889159887486776e-10,9.889159887486778e-10,9.889159887486778e-10,13.322412854105245,387,1.0,s1_single_obstacle,M1,0
True,12.65,0.6258663847476365,inf,False,12.460310294061395,0.7625129928596681,0.3181169757489301,0.0,0.0,9.87233360132676e-10,9.87233360132676e-10,9.87233360132676e-10,13.18454692542967,391,1.0,s1_single_obstacle,M1,1
True,12.700000000000001,0.6395561931006566,inf,False,12.486209192558006,0.7694908614962053,0.3166904422253923,0.0,0.0,9.845832557273385e-10,9.845832557273385e-10,9.845832557273385e-10,13.218262407421765,390,1.0,s1_single_obstacle,M1,2
True,16.6,1.2496061791751183,inf,False,20.770647651199273,807.425102577293,0.0,0.0,0.0,0.007797688956820333,0.007797688956820333,0.007797688956820333,26.88812307684906,0,1.0,s1_single_obstacle,M3,0
True,16.400000000000002,1.2405750815173873,inf,False,20.803232109259262,816.7045044633023,0.0,0.0,0.0,0.023786197262201835,0.023786197262201835,0.023786197262201835,26.914202441379818,0,1.0,s1_single_obstacle,M3,1
True,16.45,1.2338870179794585,inf,False,20.79550473848226,814.3846274371682,0.0,0.0,0.0,0.01574057906165478,0.015740579061654783,0.015740579061654783,26.90810171343063,0,1.0,s1_single_obstacle,M3,2
False,65.0,inf,7.500593209207417e-11,True,41.19457351907211,0.07626849461763573,0.08877786318216756,330.06383263004574,7.263747506580616e-23,9.85012942195565e-10,9.688167256624258e-10,9.688167256624258e-10,45.27813576460375,1101,0.0,s2_same_side_expansion,M1,0
False,65.0,inf,7.073990611659435e-11,True,41.126631034989806,0.07626849461773232,0.08852165001281066,330.18489381701755,5.266405016475949e-23,9.918456151381564e-10,9.747954011001417e-10,9.747954011001417e-10,45.210193397781005,1102,0.0,s2_same_side_expansion,M1,1
False,65.0,inf,7.194075076674883e-11,True,41.05733870494702,0.07626849461763248,0.08826543684345375,329.8136069372737,2.660638863330412e-23,9.86038746878299e-10,9.687283723143449e-10,9.687283723143449e-10,45.14090090062333,1102,0.0,s2_same_side_expansion,M1,2
False,65.0,inf,0.008650439840902096,True,226.38401401527764,15345.15878756901,0.0,161.64737427746294,0.00013709713426328902,0.01906695341454531,0.005832428194608738,0.005832428194608738,297.02172052572655,0,0.0,s2_same_side_expansion,M3,0
False,65.0,inf,0.004002147549056679,True,226.3840140152776,15349.798992826816,0.0,166.68480641135048,9.025939287660158e-05,0.011897590392011473,0.007858533134577576,0.007858533134577576,297.02172052572655,0,0.0,s2_same_side_expansion,M3,1
False,65.0,inf,0.0027780261822544284,True,226.38401401527756,15354.43919808462,0.0,155.4143816016659,2.8433573041787243e-05,0.011665614244152073,0.0036604490913033066,0.0036604490913033066,297.02172052572655,0,0.0,s2_same_side_expansion,M3,2
True,7.45,inf,0.7454122605688378,False,39.5433364055198,0.07201369547811465,0.07993850883935434,60.00000007148521,6.041128325642159e-19,1.21306463756403,1.2735642731079573e-09,1.2735642731079573e-09,45.07273361578679,1089,0.0,s2_same_side_expansion,M4,0
True,7.4,inf,0.7553254366832325,False,39.415411166735296,0.07274209226908539,0.07942608250064054,60.000000071532746,6.045555328603903e-19,1.21306463756403,1.2741025365422094e-09,1.2741025365422094e-09,44.99672199238853,1089,0.0,s2_same_side_expansion,M4,1
True,7.4,inf,0.7347311856192055,False,39.33933070237786,0.07232609974425104,0.07916986933128363,60.00000007189436,6.087692096610721e-19,1.21306463756403,1.2748110822914705e-09,1.2748110822914705e-09,44.93871030366706,1090,0.0,s2_same_side_expansion,M4,2
True,7.45,inf,0.7454122605688378,False,39.5433364055198,0.07201369547811465,0.07993850883935434,60.00000007148521,6.041128325642159e-19,1.21306463756403,1.2735642731079573e-09,1.2735642731079573e-09,45.07273361578679,1089,0.0,s2_same_side_expansion,M5,0
True,7.4,inf,0.7553254366832325,False,39.415411166735296,0.07274209226908539,0.07942608250064054,60.000000071532746,6.045555328603903e-19,1.21306463756403,1.2741025365422094e-09,1.2741025365422094e-09,44.99672199238853,1089,0.0,s2_same_side_expansion,M5,1
True,7.4,inf,0.7347311856192055,False,39.33933070237786,0.07232609974425104,0.07916986933128363,60.00000007189436,6.087692096610721e-19,1.21306463756403,1.2748110822914705e-09,1.2748110822914705e-09,44.93871030366706,1090,0.0,s2_same_side_expansion,M5,2
False,65.0,inf,0.7435125011640655,False,39.44929104469972,0.07222649422009399,0.07968229566999743,60.00000024797058,9.924955897560482e-23,0.9171986531577508,1.4583894542215404e-09,1.4583894542215404e-09,45.31194668411493,1084,0.0,s2_same_side_expansion,M6,0
False,65.0,inf,0.7535843367485642,False,39.34609637898891,0.07337325864950109,0.07929797591596208,60.00000024673484,9.761577894251806e-23,0.9171986531577843,1.4554106160383563e-09,1.4554106160383563e-09,45.245526622124935,1084,0.0,s2_same_side_expansion,M6,1
False,65.0,inf,0.7332646533060114,False,39.26906515134495,0.07425954247426685,0.07916986933128363,60.000000248034546,9.87331555626799e-23,0.9171986531577822,1.4622597976521626e-09,1.4622597976521626e-09,45.17669262127934,1084,0.0,s2_same_side_expansion,M6,2
False,65.0,inf,0.7435125011640655,False,39.44929104469972,0.07222649422009399,0.07968229566999743,60.00000024797058,9.924955897560482e-23,0.9171986531577508,1.4583894542215404e-09,1.4583894542215404e-09,45.31194668411493,1084,0.0,s2_same_side_expansion,M7,0
False,65.0,inf,0.7535843367485642,False,39.34609637898891,0.07337325864950109,0.07929797591596208,60.00000024673484,9.761577894251806e-23,0.9171986531577843,1.4554106160383563e-09,1.4554106160383563e-09,45.245526622124935,1084,0.0,s2_same_side_expansion,M7,1
False,65.0,inf,0.7332646533060114,False,39.26906515134495,0.07425954247426685,0.07916986933128363,60.000000248034546,9.87331555626799e-23,0.9171986531577822,1.4622597976521626e-09,1.4622597976521626e-09,45.17669262127934,1084,0.0,s2_same_side_expansion,M7,2
False,50.0,inf,6.242286413729696e-10,True,28.402983141424755,0.07626849169957,0.07276057276057277,98.60081911356734,5.592952322123798e-23,9.94027597005574e-10,1.2825112375468253e-10,1.2825112375468253e-10,32.48633567408538,842,0.0,s3_static_encirclement,M1,0
False,50.0,inf,6.427356940097788e-10,True,28.233456969973954,0.07626849077993239,0.0720945720945721,97.07938265274004,3.950346976096853e-23,9.8818426450572e-10,1.2173477020011014e-10,1.2173477020011014e-10,32.31678256280683,842,0.0,s3_static_encirclement,M1,1
False,50.0,inf,6.549882053681824e-10,True,28.305743334152496,0.07626849034912743,0.07226107226107226,96.45578243165875,5.559515111215379e-23,9.90057042564621e-10,1.2666167001590275e-10,1.2666167001590275e-10,32.389060661095144,841,0.0,s3_static_encirclement,M1,2
False,4.4,inf,0.005075215219529223,True,174.18170486494455,11948.528538854005,0.0,124.52831673728738,6.487840701355053e-05,0.021291495833708905,0.006811013162674361,0.006811013162674361,228.47824655825121,0,0.0,s3_static_encirclement,M3,0
False,4.3500000000000005,inf,0.0019237752136500898,True,174.18170486494455,11960.129051998523,0.0,237.38413029040754,4.4213559833160575e-05,0.029583555563270015,0.020847851796452266,0.020847851796452266,228.47824655825124,0,1.0,s3_static_encirclement,M3,1
False,4.3500000000000005,inf,0.0030755046686256485,True,174.18170486494455,11950.84864148291,0.0,237.22444795991797,0.00014888162265196272,0.016209848691839862,0.012924106776693586,0.012924106776693586,228.47824655825124,0,1.0,s3_static_encirclement,M3,2
False,50.0,inf,0.8671006810503857,False,26.46715349851108,0.8841906242914827,0.08108558108558109,60.000000113479246,8.344681563684604e-19,1.040088567492021,1.634402738098824e-09,1.634402738098824e-09,30.035499531629583,838,0.0,s3_static_encirclement,M4,0
True,3.35,inf,0.8691090077510162,False,26.35013478644678,0.8536104791107222,0.08058608058608059,60.000000112524546,8.365808281216703e-19,1.040088567492021,1.6283767021674743e-09,1.6283767021674743e-09,30.068164030446404,836,0.0,s3_static_encirclement,M4,1
True,3.35,inf,0.8521469497735467,False,26.444637115065696,0.8554967026160554,0.08091908091908091,60.000000113936125,8.408753766139338e-19,1.040088567492021,1.6401848788417354e-09,1.6401848788417354e-09,30.193151738623843,835,0.0,s3_static_encirclement,M4,2
False,50.0,inf,0.8671006810503857,False,26.46715349851108,0.8841906242914827,0.08108558108558109,60.000000113479246,8.344681563684604e-19,1.040088567492021,1.634402738098824e-09,1.634402738098824e-09,30.035499531629583,838,0.0,s3_static_encirclement,M5,0
True,3.35,inf,0.8691090077510162,False,26.35013478644678,0.8536104791107222,0.08058608058608059,60.000000112524546,8.365808281216703e-19,1.040088567492021,1.6283767021674743e-09,1.6283767021674743e-09,30.068164030446404,836,0.0,s3_static_encirclement,M5,1
True,3.35,inf,0.8521469497735467,False,26.444637115065696,0.8554967026160554,0.08091908091908091,60.000000113936125,8.408753766139338e-19,1.040088567492021,1.6401848788417354e-09,1.6401848788417354e-09,30.193151738623843,835,0.0,s3_static_encirclement,M5,2
True,3.4000000000000004,inf,0.7091173533743204,False,25.269099646815164,0.39534224771157833,0.07109557109557109,60.000054437415876,3.742578095087242e-15,0.8968179784616316,4.737356014010281e-07,4.737356014010281e-07,29.08485370863953,844,0.0,s3_static_encirclement,M6,0
True,3.35,inf,0.709298543972642,False,25.10379924300753,0.39497163795090107,0.07026307026307026,60.00005649973061,4.065304012768099e-15,0.8968179784616468,4.937126735855793e-07,4.937126735855793e-07,28.98953691480254,842,0.0,s3_static_encirclement,M6,1
True,3.35,inf,0.7215757740773007,False,25.18675979956388,0.3961132566364945,0.07092907092907093,60.00005796059978,4.2158729886144974e-15,0.8968179784616529,5.028561047386597e-07,5.028561047386597e-07,29.10279803957512,841,0.0,s3_static_encirclement,M6,2
True,3.4000000000000004,inf,0.7091173533743204,False,25.269099646815164,0.39534224771157833,0.07109557109557109,60.000054437415876,3.742578095087242e-15,0.8968179784616316,4.737356014010281e-07,4.737356014010281e-07,29.08485370863953,844,0.0,s3_static_encirclement,M7,0
True,3.35,inf,0.709298543972642,False,25.10379924300753,0.39497163795090107,0.07026307026307026,60.00005649973061,4.065304012768099e-15,0.8968179784616468,4.937126735855793e-07,4.937126735855793e-07,28.98953691480254,842,0.0,s3_static_encirclement,M7,1
True,3.35,inf,0.7215757740773007,False,25.18675979956388,0.3961132566364945,0.07092907092907093,60.00005796059978,4.2158729886144974e-15,0.8968179784616529,5.028561047386597e-07,5.028561047386597e-07,29.10279803957512,841,0.0,s3_static_encirclement,M7,2
False,11.850000000000001,0.6909687229914219,3.952657477685504e-13,True,81.63587295896218,0.26960199120220796,0.21135165140160977,359.99976371298993,4.6249027846758575e-23,9.918148696898808e-10,9.918147216696703e-10,9.918147216696703e-10,85.49351867066042,871,1.0,s4_narrow_passage,M1,0
False,11.8,0.6706854530358062,1.1724505678816248e-13,True,81.60427434238846,0.2854556751061939,0.2109353316680544,359.9998575644989,4.295779148339526e-23,9.90642905309947e-10,9.90643053332895e-10,9.90643053332895e-10,85.46790548620268,872,1.0,s4_narrow_passage,M1,1
False,11.700000000000001,0.6628403436536454,1.5989028099467504e-14,True,81.5487834251495,0.28792441741751656,0.2109353316680544,359.99982739848775,4.6817240614133805e-23,9.844192674109775e-10,9.844185273344196e-10,9.844185273344196e-10,85.40473683538691,872,1.0,s4_narrow_passage,M1,2
False,37.1,0.7262820337994833,0.0011273624303120475,True,180.2977658054237,9661.660842983289,0.044268665001387736,179.9991080693114,8.749237040545298e-05,0.017957511334384932,0.009110948622689538,0.009110948622689538,251.56013476895373,0,0.0,s4_narrow_passage,M3,0
False,45.650000000000006,0.7362601810509648,0.00021360131813712006,True,171.19152966926245,8923.323238523586,0.04412989175686927,179.9992753002892,3.8940371904505317e-05,0.01558726207795715,0.0050209334769145235,0.0050209334769145235,245.06127841292994,0,0.0,s4_narrow_passage,M3,1
False,44.2,0.7254460498448865,0.00047557635770064836,True,172.65388330664567,9037.65363407641,0.04440743824590619,179.9992871595006,0.00010103641081510277,0.023027928429481467,0.008938362709677768,0.008938362709677768,246.10958424580497,0,0.0,s4_narrow_passage,M3,2
False,18.7,0.2263308498575991,0.5318108078072232,True,91.3467896856514,1967.030449683944,0.06230918678878712,74.08660475194804,0.1809420700919627,0.9627336360308808,0.04884155887784763,0.04884155887784763,124.93040306211357,0,0.0,s4_narrow_passage,M4,0
True,18.45,0.37652761958218295,0.5060000070647003,False,91.9164025507774,2002.6686467027862,0.06147654732167638,73.67553440538698,0.1805039834929988,0.9635629071631252,0.04774126864311852,0.04774126864311852,125.30012438143606,0,0.0,s4_narrow_passage,M4,1
True,18.400000000000002,0.3992312267742031,0.5080280629964768,False,92.02175060203349,2002.2883657670209,0.061337774077157924,73.9212148853124,0.18110170241402548,0.9628126266869576,0.048973279408508236,0.048973279408508236,125.53564495338232,0,0.0,s4_narrow_passage,M4,2
False,28.1,0.7277332179276186,0.3279785756704101,True,92.94124477969092,2656.1897253286347,0.04746044962531224,85.68704870631962,0.22375817330314876,0.9406612900185692,0.23111977878224949,0.23111977878224949,136.2812202528169,0,0.0,s4_narrow_passage,M5,0
False,28.0,0.7359490363293959,0.3189549188172069,True,93.9303777913322,2701.8160501507336,0.04607271718012767,85.72966316374206,0.21640868681571482,0.9450835033787076,0.2147101322666661,0.2147101322666661,137.91818567081464,0,0.0,s4_narrow_passage,M5,1
False,27.85,0.7252945528421308,0.3212727801694452,True,94.02897999987002,2684.3530794389244,0.04537885095753539,86.29901041119044,0.21948370157734595,0.9440639278390273,0.221362868558584,0.221362868558584,138.08895994315606,0,0.0,s4_narrow_passage,M5,2
False,18.7,0.23630238878661936,0.344571480138568,True,96.44023288413455,2334.3670224438115,0.06258673327782403,74.07207862759014,0.026693997743136993,0.3565875215986732,0.016177123549571223,0.016177123549571223,132.1647871961217,0,0.0,s4_narrow_passage,M6,0
False,18.45,0.37658001193422463,0.35452168242394494,True,96.60925184218121,2335.420821976066,0.06147654732167638,73.97809216783115,0.023977283061730453,0.36067518079622096,0.01687160429900503,0.01687160429900503,132.17183637549186,0,0.0,s4_narrow_passage,M6,1
False,18.400000000000002,0.3998039177262591,0.3543388618617402,True,96.73559569268608,2335.355848384268,0.06106022758812101,73.99893691835325,0.0255867675828037,0.3580323032221438,0.01689647100352815,0.01689647100352815,132.23248098106777,0,0.0,s4_narrow_passage,M6,2
False,28.200000000000003,0.7277505254094339,0.280989671388297,True,95.93779676452289,2964.7707026468875,0.04718290313627533,73.90938197992989,0.021575593771234223,0.3577020367272134,0.014462006766930591,0.014462006766930591,141.23727797587497,0,0.0,s4_narrow_passage,M7,0
False,28.05,0.7360712321882248,0.3132462854162048,True,97.24374563977258,3071.0905289093134,0.04621149042464613,74.00726208016788,0.02364505415049883,0.35999452895681355,0.015286978020422108,0.015286978020422108,142.4315923349502,0,0.0,s4_narrow_passage,M7,1
False,27.900000000000002,0.7254525209663198,0.3202529809018827,True,76.7360969150326,1441.4082511411807,0.04510130446849847,60.00000014125216,0.015055253127050338,0.3361083030486238,6.235093879527405e-10,6.235093879527405e-10,110.99825924568839,582,0.0,s4_narrow_passage,M7,2
False,75.0,0.474932528880772,0.0,True,208.93202575961655,1828.0622686671184,0.3687541638907395,360.00000000000006,3.0814879110195774e-33,0.4772864971690272,0.47728649716902677,0.47728649716902677,255.17876100994366,182,1.0,s5_dense_tracking,M1,0
False,75.0,0.45449726302708804,0.0,True,205.17635930258112,1391.3243168908973,0.3614257161892072,360.0,3.0814879110195774e-33,0.4752904898991584,0.4752904898991589,0.4752904898991589,251.84693492797498,183,1.0,s5_dense_tracking,M1,1
False,75.0,0.43714498044649774,0.0,True,206.53694659750542,1521.1434633574215,0.3637574950033311,360.0,0.0,0.476569807726903,0.4765698077269035,0.4765698077269035,253.2501321511664,183,1.0,s5_dense_tracking,M1,2
False,75.0,0.6277995274081398,0.0,True,192.0758207533411,9874.352269170033,0.015989340439706862,359.9999999999828,6.346362947764608e-23,10.888374683330563,10.888374683330563,10.888374683330563,291.87196812199716,0,1.0,s5_dense_tracking,M3,0
False,75.0,0.6759216042434586,5.739756401999348e-14,True,192.05762241183228,9887.360937493731,0.014101709971130357,359.8472203496337,2.5240389009563913e-08,10.983443168832487,10.983437745417369,10.983437745417369,291.9111577031176,0,1.0,s5_dense_tracking,M3,1
False,75.0,0.6562432341501836,4.3737534429170206e-13,True,192.063973401941,9844.666455020011,0.014323784143904063,359.80967676283655,2.330330701836247e-08,10.963817329641676,10.963803887715043,10.963803887715043,291.9225805607696,0,1.0,s5_dense_tracking,M3,2
False,75.0,-1.1148348171265867,0.38999547475528007,True,191.69131570176546,548.7383780779954,0.2842549411503442,204.71265913438214,0.224820174680241,1.5595944171448928,1.1667737641945712,1.2710610132863653,255.60994222096141,0,0.0,s5_dense_tracking,M4,0
False,75.0,-1.1370864112146732,0.36479363894858213,True,192.1307358844041,619.8026997302856,0.2860315345325339,217.56979428269264,0.22861418678000375,1.6131434329485597,1.2504068288120502,1.3732718204816483,256.3877987672722,0,0.0,s5_dense_tracking,M4,1
False,75.0,-1.151809578852445,0.36352531568429697,True,190.27212129530187,613.2452172370444,0.28270042194092826,206.0282462167697,0.22371983446903343,1.5619480428784565,1.1710541962952066,1.2634074120235648,254.56901661185165,0,0.0,s5_dense_tracking,M4,2
False,75.0,-1.2363483505558164,0.2933338812569427,True,198.8054065593458,997.809168606779,0.2985787252942483,262.67657951773464,0.24304981915010063,1.8135922878629067,1.5495851359394066,1.718754277239888,260.5491407104983,0,1.0,s5_dense_tracking,M5,0
False,75.0,-0.9900775717195767,0.27601010591185055,True,199.21345917192207,947.5268877151507,0.29480346435709526,264.3418041246044,0.246089141087808,1.8148705971745818,1.5526635396109967,1.7275470520477805,261.2865979549547,0,1.0,s5_dense_tracking,M5,1
False,75.0,-1.098421575354587,0.34736682152292503,True,197.39041387455643,871.7759933443353,0.29435931601154786,245.17329537836468,0.22556768516064496,1.7359141946354086,1.435240478641598,1.5790536694529733,259.19652713886336,0,1.0,s5_dense_tracking,M5,2
False,75.0,-1.114964116243773,0.3896711709941222,True,193.68990669767436,741.9303152176651,0.28936264712413945,217.34774578091756,0.1544995586047392,1.649821255931929,1.2596239987763347,1.3658586646188855,257.2060214193911,0,0.0,s5_dense_tracking,M6,0
False,75.0,-1.1371269719713428,0.36441747624564635,True,192.85154268654344,661.2459167033767,0.28303353320008884,241.75418456975873,0.18247437575550898,1.7517166065326313,1.4417183586327005,1.571667192953345,256.61344768242594,0,1.0,s5_dense_tracking,M6,1
False,75.0,-1.1521716859033395,0.3634012080043434,True,191.15198058568097,649.9337032860228,0.2863646457916944,204.26950484041103,0.14416355923304777,1.6051902858147218,1.1730619708917494,1.265458917206254,255.8619276355188,0,0.0,s5_dense_tracking,M6,2
False,75.0,-1.2366992908164125,0.29333181908665634,True,193.08495541041646,650.958919723191,0.2971352431712192,257.5486270169859,0.1884019100565867,1.8264711642815754,1.5494874080012173,1.7211469723535149,254.810284182494,0,1.0,s5_dense_tracking,M7,0
False,75.0,-0.9898532986914181,0.2760187238839757,True,197.18019292717207,861.3465276182181,0.29269375971574507,256.71076012626384,0.1861061854684333,1.8208345345582064,1.540918840055983,1.7109882626563335,258.9035809638659,0,1.0,s5_dense_tracking,M7,1
False,75.0,-1.0980894429210426,0.31535651145654564,True,195.21310441231887,666.9485624548856,0.2928047968021319,226.93263628365068,0.15885066072914816,1.6835585374230242,1.3209481673037233,1.42750815911169,258.0515623774266,0,0.0,s5_dense_tracking,M7,2
False,60.0,inf,4.848616405060841e-07,True,290.02774186112015,0.0034701215096175214,0.4648903691368304,359.9999999999802,2.2336554474500124e-12,1.0357657815444483,1.0357657815444488,1.0357657815444488,320.9027857549195,0,1.0,s6_fast_target,M1,0
False,60.0,inf,1.159779428290933e-07,True,289.875244784037,0.0035230121101308895,0.46378018318068276,359.99999999998306,1.9928468626464507e-12,1.035765632167324,1.0357656321673256,1.0357656321673256,320.8169297404503,0,1.0,s6_fast_target,M1,1
False,60.0,inf,1.5159348388256602e-09,True,289.7825245166068,0.0035070997965122633,0.4633638634471274,359.99999999998624,3.18031125654334e-12,1.0357656792446501,1.0357656792446501,1.0357656792446501,320.7647280555501,0,1.0,s6_fast_target,M1,2
False,60.0,inf,0.019575063958362116,True,208.98324429849993,0.0011730807118300879,0.0,359.86411129700224,0.045487939631122354,8.783878265886662,8.783875621996213,8.783875621996213,274.1738958699015,0,1.0,s6_fast_target,M3,0
False,60.0,inf,0.008732189538033315,True,208.98324429849993,0.0011984837688262125,0.0,359.8690129046258,0.03876870134409011,8.768834326811582,8.768831802483525,8.768831802483525,274.17389586990134,0,1.0,s6_fast_target,M3,1
False,60.0,inf,0.008850331340148666,True,208.98324429849993,0.0011909150837501276,0.0,359.87391801104314,0.05630761660573103,8.760882631705913,8.760880261690676,8.760880261690676,274.1738958699015,0,1.0,s6_fast_target,M3,2
False,60.0,inf,0.5543592217952209,True,274.9902940997861,0.0244586421380767,0.36483485983902303,303.4157402630363,0.3141485995800222,2.603405235038447,2.470247274119221,3.246456004222258,312.4151301355548,0,0.0,s6_fast_target,M4,0
False,60.0,inf,0.5168568822331971,True,274.7814317078975,0.02515777571656314,0.35026366916458507,304.4575669526397,0.3243124323932826,2.603794139953321,2.4732680858668346,3.2494752003573204,312.3726848667568,0,0.0,s6_fast_target,M4,1
False,60.0,inf,0.4996312448064345,True,274.633764029834,0.023118089441703137,0.3452678323619206,307.2403826570912,0.3305746457908901,2.603775571527725,2.4749607582175,3.2511644987370514,312.28926226723615,0,0.0,s6_fast_target,M4,2
False,60.0,inf,0.5543592217952209,True,274.9902940997861,0.0244586421380767,0.36483485983902303,303.4157402630363,0.3141485995800222,2.603405235038447,2.470247274119221,3.246456004222258,312.4151301355548,0,0.0,s6_fast_target,M5,0
False,60.0,inf,0.5168568822331971,True,274.7814317078975,0.02515777571656314,0.35026366916458507,304.4575669526397,0.3243124323932826,2.603794139953321,2.4732680858668346,3.2494752003573204,312.3726848667568,0,0.0,s6_fast_target,M5,1
False,60.0,inf,0.4996312448064345,True,274.633764029834,0.023118089441703137,0.3452678323619206,307.2403826570912,0.3305746457908901,2.603775571527725,2.4749607582175,3.2511644987370514,312.28926226723615,0,0.0,s6_fast_target,M5,2
False,60.0,inf,0.5535435485229383,True,274.95858022411517,0.022909991899385557,0.36455731334998615,303.636730731374,0.2932871897875862,2.603647604276762,2.4697905843820247,3.2459993008166497,312.40448352687235,0,0.0,s6_fast_target,M6,0
False,60.0,inf,0.5160173728255419,True,274.7602582467478,0.024024838231701207,0.35026366916458507,304.47265308503006,0.30859538906284967,2.603713131373466,2.473485303415912,3.249692471447756,312.3594150382006,0,0.0,s6_fast_target,M6,1
False,60.0,inf,0.4983795501900382,True,274.6159810719577,0.022144295494164492,0.345684152095476,307.04097349649754,0.3146742800408016,2.6037687726078675,2.475174415828529,3.251377752700207,312.2781452404797,0,0.0,s6_fast_target,M6,2
False,60.0,inf,0.5535435485229383,True,274.95858022411517,0.022909991899385557,0.36455731334998615,303.636730731374,0.2932871897875862,2.603647604276762,2.4697905843820247,3.2459993008166497,312.40448352687235,0,0.0,s6_fast_target,M7,0
False,60.0,inf,0.5160173728255419,True,274.7602582467478,0.024024838231701207,0.35026366916458507,304.47265308503006,0.30859538906284967,2.603713131373466,2.473485303415912,3.249692471447756,312.3594150382006,0,0.0,s6_fast_target,M7,1
False,60.0,inf,0.4983795501900382,True,274.6159810719577,0.022144295494164492,0.345684152095476,307.04097349649754,0.3146742800408016,2.6037687726078675,2.475174415828529,3.251377752700207,312.2781452404797,0,0.0,s6_fast_target,M7,2
